window_start,window_end,component,value,midpoint,sig_pure_A,sig_pure_B,alpha_flag
0,300,Pure Climate,0,150,FALSE,FALSE,0.25
0,300,Pure Vegetation,0,150,FALSE,FALSE,0.25
0,300,Shared,0,150,FALSE,FALSE,1
30,330,Pure Climate,0,180,FALSE,FALSE,0.25
30,330,Pure Vegetation,0,180,FALSE,FALSE,0.25
30,330,Shared,0,180,FALSE,FALSE,1
60,360,Pure Climate,0,210,FALSE,FALSE,0.25
60,360,Pure Vegetation,0.06252824506360921,210,FALSE,FALSE,0.25
60,360,Shared,0,210,FALSE,FALSE,1
90,390,Pure Climate,0,240,FALSE,FALSE,0.25
90,390,Pure Vegetation,0,240,FALSE,FALSE,0.25
90,390,Shared,0,240,FALSE,FALSE,1
120,420,Pure Climate,0,270,FALSE,FALSE,0.25
120,420,Pure Vegetation,0,270,FALSE,FALSE,0.25
120,420,Shared,0,270,FALSE,FALSE,1
150,450,Pure Climate,0,300,FALSE,FALSE,0.25
150,450,Pure Vegetation,0,300,FALSE,FALSE,0.25
150,450,Shared,0,300,FALSE,FALSE,1
180,480,Pure Climate,0,330,FALSE,FALSE,0.25
180,480,Pure Vegetation,0,330,FALSE,FALSE,0.25
180,480,Shared,0,330,FALSE,FALSE,1
210,510,Pure Climate,0,360,FALSE,FALSE,0.25
210,510,Pure Vegetation,0,360,FALSE,FALSE,0.25
210,510,Shared,0,360,FALSE,FALSE,1
240,540,Pure Climate,0.051328543845561625,390,FALSE,FALSE,0.25
240,540,Pure Vegetation,0,390,FALSE,FALSE,0.25
240,540,Shared,0.03977174122246652,390,FALSE,FALSE,1
270,570,Pure Climate,0.11990598514875683,420,FALSE,FALSE,0.25
270,570,Pure Vegetation,0,420,FALSE,FALSE,0.25
270,570,Shared,0.003948713342921684,420,FALSE,FALSE,1
300,600,Pure Climate,0,450,FALSE,FALSE,0.25
300,600,Pure Vegetation,0,450,FALSE,FALSE,0.25
300,600,Shared,0,450,FALSE,FALSE,1
330,630,Pure Climate,0,480,FALSE,FALSE,0.25
330,630,Pure Vegetation,0,480,FALSE,FALSE,0.25
330,630,Shared,0,480,FALSE,FALSE,1
360,660,Pure Climate,0,510,FALSE,FALSE,0.25
360,660,Pure Vegetation,0,510,FALSE,FALSE,0.25
360,660,Shared,0,510,FALSE,FALSE,1
390,690,Pure Climate,0,540,FALSE,FALSE,0.25
390,690,Pure Vegetation,0,540,FALSE,FALSE,0.25
390,690,Shared,0,540,FALSE,FALSE,1
420,720,Pure Climate,0,570,FALSE,FALSE,0.25
420,720,Pure Vegetation,0,570,FALSE,FALSE,0.25
420,720,Shared,0,570,FALSE,FALSE,1
450,750,Pure Climate,0,600,FALSE,FALSE,0.25
450,750,Pure Vegetation,0.23986543896973123,600,FALSE,FALSE,0.25
450,750,Shared,0,600,FALSE,FALSE,1
480,780,Pure Climate,0,630,FALSE,FALSE,0.25
480,780,Pure Vegetation,0.054867858512908985,630,FALSE,FALSE,0.25
480,780,Shared,0,630,FALSE,FALSE,1
510,810,Pure Climate,0,660,FALSE,FALSE,0.25
510,810,Pure Vegetation,0,660,FALSE,FALSE,0.25
510,810,Shared,0,660,FALSE,FALSE,1
540,840,Pure Climate,0,690,FALSE,FALSE,0.25
540,840,Pure Vegetation,0,690,FALSE,FALSE,0.25
540,840,Shared,0,690,FALSE,FALSE,1
570,870,Pure Climate,0,720,FALSE,FALSE,0.25
570,870,Pure Vegetation,0,720,FALSE,FALSE,0.25
570,870,Shared,0,720,FALSE,FALSE,1
600,900,Pure Climate,0,750,FALSE,FALSE,0.25
600,900,Pure Vegetation,0,750,FALSE,FALSE,0.25
600,900,Shared,0,750,FALSE,FALSE,1
630,930,Pure Climate,0,780,FALSE,FALSE,0.25
630,930,Pure Vegetation,0,780,FALSE,FALSE,0.25
630,930,Shared,0,780,FALSE,FALSE,1
660,960,Pure Climate,0,810,FALSE,FALSE,0.25
660,960,Pure Vegetation,0,810,FALSE,FALSE,0.25
660,960,Shared,0,810,FALSE,FALSE,1
690,990,Pure Climate,0,840,FALSE,FALSE,0.25
690,990,Pure Vegetation,0,840,FALSE,FALSE,0.25
690,990,Shared,0,840,FALSE,FALSE,1
720,1020,Pure Climate,0,870,FALSE,FALSE,0.25
720,1020,Pure Vegetation,0,870,FALSE,FALSE,0.25
720,1020,Shared,0,870,FALSE,FALSE,1
750,1050,Pure Climate,0,900,FALSE,FALSE,0.25
750,1050,Pure Vegetation,0,900,FALSE,FALSE,0.25
750,1050,Shared,0,900,FALSE,FALSE,1
780,1080,Pure Climate,0,930,FALSE,FALSE,0.25
780,1080,Pure Vegetation,0,930,FALSE,FALSE,0.25
780,1080,Shared,0,930,FALSE,FALSE,1
810,1110,Pure Climate,0,960,FALSE,FALSE,0.25
810,1110,Pure Vegetation,0.020060258734575287,960,FALSE,FALSE,0.25
810,1110,Shared,0,960,FALSE,FALSE,1
840,1140,Pure Climate,0,990,FALSE,FALSE,0.25
840,1140,Pure Vegetation,0,990,FALSE,FALSE,0.25
840,1140,Shared,0,990,FALSE,FALSE,1
870,1170,Pure Climate,0,1020,FALSE,FALSE,0.25
870,1170,Pure Vegetation,0.014032117521261434,1020,FALSE,FALSE,0.25
870,1170,Shared,0,1020,FALSE,FALSE,1
900,1200,Pure Climate,2.2625476613269413e-4,1050,FALSE,FALSE,0.25
900,1200,Pure Vegetation,0.011885866350288987,1050,FALSE,FALSE,0.25
900,1200,Shared,0.07569943229225051,1050,FALSE,FALSE,1
930,1230,Pure Climate,0.018504236274349717,1080,FALSE,FALSE,0.25
930,1230,Pure Vegetation,0.10532578145095317,1080,FALSE,FALSE,0.25
930,1230,Shared,0.002477068350276057,1080,FALSE,FALSE,1
960,1260,Pure Climate,0.07744716873501145,1110,FALSE,TRUE,0.25
960,1260,Pure Vegetation,0.27577488815482387,1110,FALSE,TRUE,1
960,1260,Shared,0,1110,FALSE,TRUE,1
990,1290,Pure Climate,0.09163722256868467,1140,FALSE,TRUE,0.25
990,1290,Pure Vegetation,0.37882927010760514,1140,FALSE,TRUE,1
990,1290,Shared,0,1140,FALSE,TRUE,1
1020,1320,Pure Climate,0.10726876392324125,1170,TRUE,TRUE,1
1020,1320,Pure Vegetation,0.2785209852173658,1170,TRUE,TRUE,1
1020,1320,Shared,0.07900361112096466,1170,TRUE,TRUE,1
1050,1350,Pure Climate,0.09024652496378871,1200,TRUE,TRUE,1
1050,1350,Pure Vegetation,0.4437728252174802,1200,TRUE,TRUE,1
1050,1350,Shared,0.03563264033449676,1200,TRUE,TRUE,1
1080,1380,Pure Climate,0.10228950746139198,1230,TRUE,TRUE,1
1080,1380,Pure Vegetation,0.5001803970614389,1230,TRUE,TRUE,1
1080,1380,Shared,0,1230,TRUE,TRUE,1
1110,1410,Pure Climate,0.12734556687577847,1260,TRUE,TRUE,1
1110,1410,Pure Vegetation,0.46693039277334714,1260,TRUE,TRUE,1
1110,1410,Shared,0,1260,TRUE,TRUE,1
1140,1440,Pure Climate,0.14911536901312894,1290,TRUE,TRUE,1
1140,1440,Pure Vegetation,0.5838525348600101,1290,TRUE,TRUE,1
1140,1440,Shared,0,1290,TRUE,TRUE,1
1170,1470,Pure Climate,0.15588824236191146,1320,TRUE,TRUE,1
1170,1470,Pure Vegetation,0.5812009640823699,1320,TRUE,TRUE,1
1170,1470,Shared,0,1320,TRUE,TRUE,1
1200,1500,Pure Climate,0.19565953305552553,1350,TRUE,TRUE,1
1200,1500,Pure Vegetation,0.5605268829165314,1350,TRUE,TRUE,1
1200,1500,Shared,0,1350,TRUE,TRUE,1
1230,1530,Pure Climate,0.2062433447841362,1380,TRUE,TRUE,1
1230,1530,Pure Vegetation,0.3368155365658453,1380,TRUE,TRUE,1
1230,1530,Shared,0,1380,TRUE,TRUE,1
1260,1560,Pure Climate,0,1410,FALSE,FALSE,0.25
1260,1560,Pure Vegetation,0.003633547199174525,1410,FALSE,FALSE,0.25
1260,1560,Shared,0.08915173092620132,1410,FALSE,FALSE,1
1290,1590,Pure Climate,0.032231675518223035,1440,FALSE,FALSE,0.25
1290,1590,Pure Vegetation,0.15511109304141868,1440,FALSE,FALSE,0.25
1290,1590,Shared,0,1440,FALSE,FALSE,1
1320,1620,Pure Climate,0,1470,FALSE,FALSE,0.25
1320,1620,Pure Vegetation,0,1470,FALSE,FALSE,0.25
1320,1620,Shared,0.021289681812806216,1470,FALSE,FALSE,1
1350,1650,Pure Climate,0.25535124149531774,1500,TRUE,FALSE,1
1350,1650,Pure Vegetation,0.04544457456679907,1500,TRUE,FALSE,0.25
1350,1650,Shared,0,1500,TRUE,FALSE,1
1380,1680,Pure Climate,0.24762299864465775,1530,TRUE,FALSE,1
1380,1680,Pure Vegetation,0.08472622859055312,1530,TRUE,FALSE,0.25
1380,1680,Shared,0,1530,TRUE,FALSE,1
1410,1710,Pure Climate,0.1919206008099852,1560,TRUE,TRUE,1
1410,1710,Pure Vegetation,0.16482449701697854,1560,TRUE,TRUE,1
1410,1710,Shared,0,1560,TRUE,TRUE,1
1440,1740,Pure Climate,0,1590,FALSE,FALSE,0.25
1440,1740,Pure Vegetation,0.1608532170832574,1590,FALSE,FALSE,0.25
1440,1740,Shared,0.030737398403797633,1590,FALSE,FALSE,1
1470,1770,Pure Climate,0,1620,FALSE,TRUE,0.25
1470,1770,Pure Vegetation,0.253715361892923,1620,FALSE,TRUE,1
1470,1770,Shared,0.0024048939750200837,1620,FALSE,TRUE,1
1500,1800,Pure Climate,0.03934081632366204,1650,FALSE,TRUE,0.25
1500,1800,Pure Vegetation,0.22042677342144978,1650,FALSE,TRUE,1
1500,1800,Shared,0.030439959235328606,1650,FALSE,TRUE,1
1530,1830,Pure Climate,0.23219156173012623,1680,TRUE,TRUE,1
1530,1830,Pure Vegetation,0.36973551662977666,1680,TRUE,TRUE,1
1530,1830,Shared,0,1680,TRUE,TRUE,1
1560,1860,Pure Climate,0.2027620146420639,1710,FALSE,TRUE,0.25
1560,1860,Pure Vegetation,0.21005509161581892,1710,FALSE,TRUE,1
1560,1860,Shared,0,1710,FALSE,TRUE,1
1590,1890,Pure Climate,0.17933822808782585,1740,FALSE,FALSE,0.25
1590,1890,Pure Vegetation,0,1740,FALSE,FALSE,0.25
1590,1890,Shared,0,1740,FALSE,FALSE,1
1620,1920,Pure Climate,0.1443631916457716,1770,FALSE,FALSE,0.25
1620,1920,Pure Vegetation,0,1770,FALSE,FALSE,0.25
1620,1920,Shared,0,1770,FALSE,FALSE,1
1650,1950,Pure Climate,0.05145284412866413,1800,FALSE,FALSE,0.25
1650,1950,Pure Vegetation,0,1800,FALSE,FALSE,0.25
1650,1950,Shared,0.04267158879602706,1800,FALSE,FALSE,1
1680,1980,Pure Climate,0,1830,FALSE,FALSE,0.25
1680,1980,Pure Vegetation,0,1830,FALSE,FALSE,0.25
1680,1980,Shared,0.1598718508220165,1830,FALSE,FALSE,1
1710,2010,Pure Climate,0.10764158371186561,1860,FALSE,FALSE,0.25
1710,2010,Pure Vegetation,0.14061746278884435,1860,FALSE,FALSE,0.25
1710,2010,Shared,0.11714205386998999,1860,FALSE,FALSE,1
