group,age_ce,n_lakes,mean_richness,se_richness
Consumers,0,2,7.15,0.7499999999999999
Consumers,30,2,8.05,1.35
Consumers,60,1,6,NA
Consumers,90,2,7.75,0.5500000000000003
Consumers,150,1,7.9,NA
Consumers,180,2,6.4,0.5
Consumers,210,1,6.8,NA
Consumers,240,1,7,NA
Consumers,270,2,6.75,0.5499999999999998
Consumers,300,1,8.7,NA
Consumers,330,1,6.6,NA
Consumers,360,1,5.8,NA
Consumers,390,1,7.3,NA
Consumers,420,1,6.8,NA
Consumers,480,2,7.15,0.3500000000000001
Consumers,510,1,6.5,NA
Consumers,540,2,7.55,0.6499999999999995
Consumers,600,2,6.25,0.3499999999999996
Consumers,630,1,7.6,NA
Consumers,660,1,6.6,NA
Consumers,720,1,7,NA
Consumers,750,2,6.4,0.10000000000000009
Consumers,780,1,6.8,NA
Consumers,810,1,7,NA
Consumers,840,1,7.9,NA
Consumers,870,1,7.1,NA
Consumers,900,3,7.066666666666666,0.5238744548500569
Consumers,930,2,6.55,0.4500000000000001
Consumers,960,2,7,0.7999999999999998
Consumers,990,3,6.833333333333333,0.4841946348777983
Consumers,1020,3,7.2,0.45092497528228953
Consumers,1050,2,7.3,0.8999999999999995
Consumers,1080,4,7.275,0.6276610019216848
Consumers,1110,3,6.566666666666666,0.4910306620885414
Consumers,1140,4,6.65,0.23273733406281563
Consumers,1170,3,6.566666666666666,0.4055175020198812
Consumers,1200,2,5.85,0.05000000000000026
Consumers,1230,4,7.55,0.4272001872658765
Consumers,1260,5,6.8999999999999995,0.6123724356957944
Consumers,1290,5,7.779999999999999,0.7465922581972034
Consumers,1320,6,6.733333333333333,0.229007520497569
Consumers,1350,5,6.66,0.28565713714171403
Consumers,1380,2,6.75,0.6500000000000004
Consumers,1410,7,6.428571428571429,0.38835077768766246
Consumers,1440,5,6.78,0.765767588763066
Consumers,1470,4,6.1000000000000005,0.8256310717667225
Consumers,1500,4,6.699999999999999,0.6069047152011042
Consumers,1530,6,6.2,0.5341660166402702
Consumers,1560,5,6.6,0.2949576240750525
Consumers,1590,4,6.55,0.5330728530573159
Consumers,1620,7,6.228571428571429,0.38029705539240766
Consumers,1650,5,5.82,0.1827566688249706
Consumers,1680,6,6.616666666666666,0.2372293779821078
Consumers,1710,8,6.5375,0.25560677109296503
Consumers,1740,7,6.571428571428571,0.45340735690162437
Consumers,1770,5,6.82,0.3152776554086889
Consumers,1800,7,6.614285714285714,0.19931856701386994
Consumers,1830,7,7.128571428571429,0.46991097723995784
Consumers,1860,7,7.114285714285715,0.2798201560429327
Consumers,1890,5,7.44,0.8582540416450134
Consumers,1920,4,7.8500000000000005,0.9665229778265321
Consumers,1950,6,7.7,0.8929352346801718
Consumers,1980,6,7.716666666666667,1.0064514118646983
Consumers,2010,3,7.366666666666667,1.7647788655932064
Producers,0,1,35.8,NA
Producers,30,3,26.733333333333334,6.96092267191961
Producers,60,2,29.35,5.15
Producers,90,1,27.6,NA
Producers,150,1,29.7,NA
Producers,180,2,29.75,1.3500000000000014
Producers,210,2,25.200000000000003,5.8999999999999995
Producers,240,1,27.5,NA
Producers,270,2,28.65,1.049999999999999
Producers,300,1,32.1,NA
Producers,330,1,27.5,NA
Producers,360,1,35.9,NA
Producers,390,2,25.15,2.049999999999999
Producers,420,1,27.5,NA
Producers,480,2,30.950000000000003,0.3499999999999996
Producers,510,1,35,NA
Producers,540,2,25.25,4.75
Producers,570,1,28,NA
Producers,600,1,36.4,NA
Producers,630,2,21.8,8.799999999999999
Producers,660,1,36.4,NA
Producers,690,1,33.1,NA
Producers,720,1,18.2,NA
Producers,750,2,23.05,8.45
Producers,780,2,26.55,14.55
Producers,810,1,25.5,NA
Producers,840,2,29.7,7.099999999999997
Producers,870,2,30.900000000000002,6.300000000000001
Producers,900,3,26.2,0.9814954576223635
Producers,930,2,36.4,5.899999999999998
Producers,960,3,27.2,10.66083173740836
Producers,990,3,39.266666666666666,6.821615970167512
Producers,1020,3,26.333333333333332,10.611681194691903
Producers,1050,3,33.46666666666667,7.08574468759479
Producers,1080,4,30.95,5.26853869683046
Producers,1110,3,31.333333333333332,10.022031286675928
Producers,1140,4,31.45,5.427476393315774
Producers,1170,4,35.7,5.077893263943227
Producers,1200,5,30.24,5.569075327197504
Producers,1230,4,34.675000000000004,4.398366173933226
Producers,1260,6,37.483333333333334,4.263833694901547
Producers,1290,6,40.95,2.875384032322176
Producers,1320,6,36.7,2.2888133752376296
Producers,1350,6,34.45,1.6758579892103027
Producers,1380,4,41.425,7.933197652901382
Producers,1410,7,28.428571428571427,3.7962208203694905
Producers,1440,7,29.014285714285716,2.7823789556890386
Producers,1470,7,29.785714285714285,2.0869696157037714
Producers,1500,7,30.942857142857143,1.9261183693608026
Producers,1530,6,32.7,3.0537408752763118
Producers,1560,6,35.8,4.306971093471606
Producers,1590,7,29.9,4.779719059287302
Producers,1620,9,30.566666666666666,3.434546711155799
Producers,1650,8,28.225,4.331188800845725
Producers,1680,7,27.085714285714285,4.443370051544885
Producers,1710,9,28.866666666666667,3.458524091124549
Producers,1740,8,28.5875,4.40606065955909
Producers,1770,7,31.97142857142857,6.950015905624632
Producers,1800,8,27.6625,4.655409200213078
Producers,1830,8,29.375,3.665220223358248
Producers,1860,7,33.8,4.108469764951886
Producers,1890,7,29.257142857142856,5.254424763172152
Producers,1920,9,28.633333333333333,4.564811058521481
Producers,1950,8,27.0625,4.892630664727164
Producers,1980,7,29.42857142857143,4.8882616583828975
Producers,2010,5,31.34,6.408868854954046
