lake,age_ce,group,total_count,rarefy_n,rarefied_richness,sensitivity_n
Azul,1260,Producers,2054,300,36,300
Azul,1290,Producers,3344,300,32,300
Azul,1320,Producers,1267,300,33,300
Azul,1350,Producers,838,300,33.8,300
Azul,1380,Producers,821,300,52.8,300
Azul,1410,Producers,1253,300,30.8,300
Azul,1440,Producers,427,300,24.6,300
Azul,1470,Producers,866,300,30.6,300
Azul,1500,Producers,820,300,23,300
Azul,1530,Producers,870,300,30.4,300
Azul,1560,Producers,819,300,42.8,300
Azul,1590,Producers,862,300,42.8,300
Azul,1620,Producers,411,300,36.4,300
Azul,1650,Producers,1239,300,30.4,300
Azul,1680,Producers,1240,300,32,300
Azul,1710,Producers,420,300,28.4,300
Azul,1740,Producers,406,300,25.4,300
Azul,1770,Producers,3299,300,46.4,300
Azul,1800,Producers,1250,300,29.4,300
Azul,1830,Producers,4814,300,28.6,300
Azul,1860,Producers,4222,300,32.6,300
Azul,1890,Producers,2553,300,28.6,300
Azul,1920,Producers,2105,300,26.8,300
Azul,1950,Producers,2992,300,34.8,300
Azul,1980,Producers,6972,300,24.4,300
Caldeirao,0,Producers,1088,300,28.4,300
Caldeirao,30,Producers,726,300,24,300
Caldeirao,60,Producers,428,300,18.6,300
Caldeirao,180,Producers,755,300,25,300
Caldeirao,210,Producers,784,300,25.2,300
Caldeirao,270,Producers,386,300,23.6,300
Caldeirao,360,Producers,388,300,30.4,300
Caldeirao,480,Producers,375,300,24.6,300
Caldeirao,570,Producers,417,300,21.4,300
Caldeirao,660,Producers,410,300,30.2,300
Caldeirao,780,Producers,385,300,32.6,300
Caldeirao,840,Producers,416,300,32.8,300
Caldeirao,870,Producers,364,300,32.6,300
Caldeirao,930,Producers,411,300,24.4,300
Caldeirao,990,Producers,777,300,31,300
Caldeirao,1200,Producers,386,300,29.6,300
Caldeirao,1230,Producers,338,300,24.4,300
Caldeirao,1260,Producers,1189,300,21.6,300
Caldeirao,1290,Producers,1542,300,41.6,300
Caldeirao,1320,Producers,757,300,30.4,300
Caldeirao,1350,Producers,478,300,29.4,300
Caldeirao,1380,Producers,386,300,24,300
Caldeirao,1440,Producers,480,300,28.2,300
Caldeirao,1470,Producers,388,300,22.2,300
Caldeirao,1500,Producers,380,300,27.8,300
Caldeirao,1530,Producers,379,300,27,300
Caldeirao,1560,Producers,749,300,31.6,300
Caldeirao,1590,Producers,371,300,30.8,300
Caldeirao,1620,Producers,767,300,33.4,300
Caldeirao,1650,Producers,385,300,37.4,300
Caldeirao,1680,Producers,370,300,38.2,300
Caldeirao,1710,Producers,700,300,38.4,300
Caldeirao,1740,Producers,478,300,44.4,300
Caldeirao,1770,Producers,378,300,46,300
Caldeirao,1800,Producers,461,300,43,300
Caldeirao,1830,Producers,333,300,39,300
Caldeirao,1860,Producers,458,300,45.8,300
Caldeirao,1890,Producers,379,300,42,300
Caldeirao,1920,Producers,452,300,43.8,300
Caldeirao,1950,Producers,329,300,34.6,300
Caveiro,30,Producers,1523,300,28.4,300
Caveiro,60,Producers,523,300,31,300
Caveiro,90,Producers,505,300,22,300
Caveiro,150,Producers,535,300,25.6,300
Caveiro,180,Producers,525,300,24,300
Caveiro,240,Producers,567,300,23.8,300
Caveiro,270,Producers,518,300,25,300
Caveiro,300,Producers,1556,300,29.6,300
Caveiro,330,Producers,517,300,23.6,300
Caveiro,390,Producers,534,300,22.8,300
Caveiro,420,Producers,539,300,24.6,300
Caveiro,480,Producers,628,300,28.2,300
Caveiro,510,Producers,514,300,28.2,300
Caveiro,540,Producers,537,300,26.2,300
Caveiro,600,Producers,522,300,31.6,300
Caveiro,630,Producers,645,300,26.4,300
Caveiro,690,Producers,550,300,28.2,300
Caveiro,750,Producers,514,300,26.6,300
Caveiro,870,Producers,521,300,21.4,300
Caveiro,900,Producers,548,300,24.2,300
Caveiro,960,Producers,540,300,24.8,300
Caveiro,990,Producers,519,300,24.2,300
Caveiro,1050,Producers,527,300,23.4,300
Caveiro,1080,Producers,522,300,26.4,300
Caveiro,1140,Producers,516,300,24.8,300
Caveiro,1170,Producers,546,300,29.2,300
Caveiro,1200,Producers,521,300,21.4,300
Caveiro,1260,Producers,514,300,23,300
Caveiro,1290,Producers,522,300,25.4,300
Caveiro,1320,Producers,507,300,25.8,300
Caveiro,1350,Producers,1114,300,22,300
Caveiro,1410,Producers,540,300,23,300
Caveiro,1440,Producers,517,300,27.8,300
Caveiro,1470,Producers,513,300,22.6,300
Caveiro,1530,Producers,512,300,24.8,300
Caveiro,1560,Producers,508,300,23,300
Caveiro,1620,Producers,523,300,28.6,300
Caveiro,1650,Producers,568,300,22,300
Caveiro,1710,Producers,526,300,25,300
Caveiro,1740,Producers,511,300,26,300
Caveiro,1800,Producers,562,300,25.2,300
Caveiro,1860,Producers,579,300,26,300
Caveiro,1890,Producers,538,300,26.8,300
Caveiro,1920,Producers,3157,300,25.8,300
Caveiro,1950,Producers,515,300,21.4,300
Caveiro,2010,Producers,521,300,18,300
Empadadas Norte,1410,Producers,1026,300,19.6,300
Empadadas Norte,1440,Producers,1657,300,27.6,300
Empadadas Norte,1470,Producers,1022,300,24.2,300
Empadadas Norte,1500,Producers,1013,300,27.2,300
Empadadas Norte,1530,Producers,1084,300,28.2,300
Empadadas Norte,1560,Producers,1022,300,24,300
Empadadas Norte,1590,Producers,512,300,22.2,300
Empadadas Norte,1620,Producers,1027,300,24.2,300
Empadadas Norte,1650,Producers,505,300,17.8,300
Empadadas Norte,1680,Producers,1025,300,19.8,300
Empadadas Norte,1710,Producers,506,300,21.8,300
Empadadas Norte,1740,Producers,1014,300,22.2,300
Empadadas Norte,1770,Producers,524,300,17.4,300
Empadadas Norte,1800,Producers,1024,300,21.2,300
Empadadas Norte,1830,Producers,1013,300,31,300
Empadadas Norte,1860,Producers,1015,300,32.6,300
Empadadas Norte,1890,Producers,2050,300,30.6,300
Empadadas Norte,1920,Producers,4074,300,37.6,300
Empadadas Norte,1950,Producers,3551,300,37.8,300
Empadadas Norte,1980,Producers,13085,300,20.4,300
Empadadas Norte,2010,Producers,2862,300,21.2,300
Funda,930,Producers,623,300,33,300
Funda,960,Producers,1353,300,36.2,300
Funda,990,Producers,1017,300,40.4,300
Funda,1020,Producers,959,300,38.4,300
Funda,1050,Producers,1319,300,39,300
Funda,1080,Producers,1289,300,37.6,300
Funda,1110,Producers,673,300,42,300
Funda,1140,Producers,2006,300,39.8,300
Funda,1170,Producers,1700,300,37.4,300
Funda,1200,Producers,2638,300,41.2,300
Funda,1230,Producers,1965,300,35,300
Funda,1260,Producers,1355,300,39.6,300
Funda,1290,Producers,1357,300,36.8,300
Funda,1320,Producers,2629,300,31.6,300
Funda,1350,Producers,4027,300,22.8,300
Funda,1380,Producers,5353,300,24.4,300
Funda,1410,Producers,851,300,10.6,300
Funda,1440,Producers,709,300,11.8,300
Funda,1470,Producers,1234,300,17.6,300
Funda,1500,Producers,984,300,21.8,300
Funda,1530,Producers,720,300,18,300
Funda,1590,Producers,1509,300,16.4,300
Funda,1620,Producers,1836,300,14.6,300
Funda,1650,Producers,907,300,11.2,300
Funda,1680,Producers,781,300,10.2,300
Funda,1710,Producers,718,300,11.2,300
Funda,1740,Producers,741,300,10.4,300
Funda,1770,Producers,887,300,7.8,300
Funda,1800,Producers,990,300,5.4,300
Funda,1830,Producers,683,300,13,300
Funda,1890,Producers,789,300,10,300
Funda,1920,Producers,1335,300,6.8,300
Funda,1950,Producers,2186,300,11.8,300
Funda,1980,Producers,4420,300,16.4,300
Ginjal,1410,Producers,675,300,19.6,300
Ginjal,1440,Producers,774,300,18.6,300
Ginjal,1470,Producers,284,300,24,300
Ginjal,1500,Producers,843,300,25,300
Ginjal,1530,Producers,97,300,NA,300
Ginjal,1560,Producers,1281,300,22,300
Ginjal,1590,Producers,413,300,19.8,300
Ginjal,1620,Producers,433,300,21.6,300
Ginjal,1650,Producers,437,300,22.4,300
Ginjal,1680,Producers,443,300,22.8,300
Ginjal,1710,Producers,420,300,23.6,300
Ginjal,1740,Producers,415,300,29.4,300
Ginjal,1770,Producers,280,300,29,300
Ginjal,1800,Producers,408,300,24.4,300
Ginjal,1830,Producers,405,300,20.8,300
Ginjal,1860,Producers,495,300,26.8,300
Ginjal,1890,Producers,122,300,NA,300
Ginjal,1920,Producers,480,300,21.2,300
Ginjal,1950,Producers,575,300,19.6,300
Ginjal,1980,Producers,2167,300,38.8,300
Ginjal,2010,Producers,428,300,32.8,300
Peixinho,30,Producers,515,300,10.8,300
Peixinho,210,Producers,572,300,16.8,300
Peixinho,390,Producers,507,300,21,300
Peixinho,540,Producers,517,300,16.8,300
Peixinho,630,Producers,517,300,10.4,300
Peixinho,750,Producers,1094,300,11.6,300
Peixinho,780,Producers,2447,300,9,300
Peixinho,840,Producers,557,300,16.6,300
Peixinho,900,Producers,525,300,21.8,300
Peixinho,960,Producers,7429,300,6.8,300
Peixinho,1020,Producers,1319,300,14,300
Peixinho,1050,Producers,869,300,20.6,300
Peixinho,1080,Producers,894,300,20.8,300
Peixinho,1110,Producers,2472,300,25.2,300
Peixinho,1140,Producers,1125,300,18,300
Peixinho,1170,Producers,521,300,20.8,300
Peixinho,1200,Producers,521,300,19.6,300
Peixinho,1230,Producers,1076,300,22.6,300
Peixinho,1260,Producers,504,300,23.6,300
Peixinho,1290,Producers,1034,300,30.8,300
Peixinho,1320,Producers,1567,300,25,300
Peixinho,1350,Producers,531,300,29,300
Peixinho,1410,Producers,530,300,31,300
Peixinho,1500,Producers,548,300,23.2,300
Peixinho,1620,Producers,520,300,21.2,300
Peixinho,1710,Producers,548,300,24.6,300
Peixinho,1830,Producers,543,300,25.2,300
Peixinho,1920,Producers,516,300,25.8,300
Peixinho,1980,Producers,3001,300,37.8,300
Peixinho,2010,Producers,1033,300,46.2,300
Prata,720,Producers,521,300,15.2,300
Prata,810,Producers,516,300,22,300
Prata,900,Producers,517,300,22.2,300
Prata,1020,Producers,414,300,11.2,300
Prata,1080,Producers,408,300,20.4,300
Prata,1110,Producers,464,300,12.2,300
Prata,1140,Producers,410,300,23.8,300
Prata,1170,Producers,405,300,29,300
Prata,1200,Producers,506,300,17.4,300
Prata,1230,Producers,516,300,26.6,300
Prata,1260,Producers,515,300,36.2,300
Prata,1290,Producers,1035,300,37.8,300
Prata,1320,Producers,540,300,35.4,300
Prata,1350,Producers,535,300,29.6,300
Prata,1380,Producers,499,300,35.2,300
Prata,1410,Producers,1050,300,30.6,300
Prata,1440,Producers,529,300,28,300
Prata,1470,Producers,1524,300,29.8,300
Prata,1500,Producers,1046,300,34.4,300
Prata,1530,Producers,1106,300,36,300
Prata,1560,Producers,1669,300,32,300
Prata,1590,Producers,1023,300,29.4,300
Prata,1620,Producers,1553,300,28.2,300
Prata,1650,Producers,1717,300,32.4,300
Prata,1680,Producers,1588,300,23.2,300
Prata,1710,Producers,1648,300,27.4,300
Prata,1740,Producers,1104,300,26.8,300
Prata,1770,Producers,1601,300,31,300
Prata,1800,Producers,1585,300,26.4,300
Prata,1830,Producers,1060,300,15.2,300
Prata,1860,Producers,588,300,16.2,300
Prata,1890,Producers,281,300,16.8,300
Prata,1920,Producers,403,300,12.6,300
Prata,1950,Producers,670,300,7.4,300
Prata,1980,Producers,316,300,11.6,300
Santiago,1590,Producers,825.5,300,13.4,300
Santiago,1620,Producers,1308.5,300,11.6,300
Santiago,1650,Producers,821.5,300,10.4,300
Santiago,1680,Producers,1255.5,300,11.6,300
Santiago,1710,Producers,860.5,300,11.4,300
Santiago,1740,Producers,816,300,9.6,300
Santiago,1770,Producers,1220,300,10.4,300
Santiago,1800,Producers,817,300,13.4,300
Santiago,1830,Producers,821,300,19,300
Santiago,1860,Producers,5753.5,300,21.2,300
Santiago,1890,Producers,5832.5,300,16.2,300
Santiago,1920,Producers,10213,300,16.4,300
Santiago,1950,Producers,5560,300,17.8,300
Santiago,1980,Producers,6001.5,300,17,300
Santiago,2010,Producers,451,300,14.4,300
Azul,1260,Producers,2054,400,42.6,400
Azul,1290,Producers,3344,400,40,400
Azul,1320,Producers,1267,400,35,400
Azul,1350,Producers,838,400,37,400
Azul,1380,Producers,821,400,59.4,400
Azul,1410,Producers,1253,400,35,400
Azul,1440,Producers,427,400,27.8,400
Azul,1470,Producers,866,400,34.4,400
Azul,1500,Producers,820,400,26,400
Azul,1530,Producers,870,400,32.2,400
Azul,1560,Producers,819,400,47.4,400
Azul,1590,Producers,862,400,46.4,400
Azul,1620,Producers,411,400,41,400
Azul,1650,Producers,1239,400,36.4,400
Azul,1680,Producers,1240,400,36.4,400
Azul,1710,Producers,420,400,30.8,400
Azul,1740,Producers,406,400,28.4,400
Azul,1770,Producers,3299,400,53,400
Azul,1800,Producers,1250,400,33.6,400
Azul,1830,Producers,4814,400,32.4,400
Azul,1860,Producers,4222,400,36.4,400
Azul,1890,Producers,2553,400,33.4,400
Azul,1920,Producers,2105,400,33,400
Azul,1950,Producers,2992,400,41.6,400
Azul,1980,Producers,6972,400,28,400
Caldeirao,0,Producers,1088,400,32.8,400
Caldeirao,30,Producers,726,400,27,400
Caldeirao,60,Producers,428,400,21.2,400
Caldeirao,180,Producers,755,400,27.6,400
Caldeirao,210,Producers,784,400,29.6,400
Caldeirao,270,Producers,386,400,26.2,400
Caldeirao,360,Producers,388,400,34,400
Caldeirao,480,Producers,375,400,28.6,400
Caldeirao,570,Producers,417,400,26.4,400
Caldeirao,660,Producers,410,400,31.2,400
Caldeirao,780,Producers,385,400,36.6,400
Caldeirao,840,Producers,416,400,33.4,400
Caldeirao,870,Producers,364,400,36.4,400
Caldeirao,930,Producers,411,400,27.6,400
Caldeirao,990,Producers,777,400,32.8,400
Caldeirao,1200,Producers,386,400,33,400
Caldeirao,1230,Producers,338,400,26.4,400
Caldeirao,1260,Producers,1189,400,27.8,400
Caldeirao,1290,Producers,1542,400,47,400
Caldeirao,1320,Producers,757,400,34,400
Caldeirao,1350,Producers,478,400,32.6,400
Caldeirao,1380,Producers,386,400,28.6,400
Caldeirao,1440,Producers,480,400,30.2,400
Caldeirao,1470,Producers,388,400,25.4,400
Caldeirao,1500,Producers,380,400,29,400
Caldeirao,1530,Producers,379,400,30,400
Caldeirao,1560,Producers,749,400,37.8,400
Caldeirao,1590,Producers,371,400,34.8,400
Caldeirao,1620,Producers,767,400,38.4,400
Caldeirao,1650,Producers,385,400,41.8,400
Caldeirao,1680,Producers,370,400,40.2,400
Caldeirao,1710,Producers,700,400,44.8,400
Caldeirao,1740,Producers,478,400,49,400
Caldeirao,1770,Producers,378,400,46.8,400
Caldeirao,1800,Producers,461,400,48.6,400
Caldeirao,1830,Producers,333,400,44.8,400
Caldeirao,1860,Producers,458,400,52,400
Caldeirao,1890,Producers,379,400,45.6,400
Caldeirao,1920,Producers,452,400,49,400
Caldeirao,1950,Producers,329,400,37.8,400
Caveiro,30,Producers,1523,400,33.4,400
Caveiro,60,Producers,523,400,33.6,400
Caveiro,90,Producers,505,400,25.4,400
Caveiro,150,Producers,535,400,27.4,400
Caveiro,180,Producers,525,400,27,400
Caveiro,240,Producers,567,400,24,400
Caveiro,270,Producers,518,400,27.4,400
Caveiro,300,Producers,1556,400,32.4,400
Caveiro,330,Producers,517,400,26.2,400
Caveiro,390,Producers,534,400,24.4,400
Caveiro,420,Producers,539,400,26.4,400
Caveiro,480,Producers,628,400,30.8,400
Caveiro,510,Producers,514,400,32.8,400
Caveiro,540,Producers,537,400,28.6,400
Caveiro,600,Producers,522,400,34,400
Caveiro,630,Producers,645,400,29,400
Caveiro,690,Producers,550,400,31.6,400
Caveiro,750,Producers,514,400,27.8,400
Caveiro,870,Producers,521,400,23.8,400
Caveiro,900,Producers,548,400,26,400
Caveiro,960,Producers,540,400,29.8,400
Caveiro,990,Producers,519,400,26.8,400
Caveiro,1050,Producers,527,400,24.8,400
Caveiro,1080,Producers,522,400,27.2,400
Caveiro,1140,Producers,516,400,27,400
Caveiro,1170,Producers,546,400,33.2,400
Caveiro,1200,Producers,521,400,25.2,400
Caveiro,1260,Producers,514,400,25.2,400
Caveiro,1290,Producers,522,400,26.8,400
Caveiro,1320,Producers,507,400,27.6,400
Caveiro,1350,Producers,1114,400,26.8,400
Caveiro,1410,Producers,540,400,25.2,400
Caveiro,1440,Producers,517,400,30.2,400
Caveiro,1470,Producers,513,400,23.6,400
Caveiro,1530,Producers,512,400,26.2,400
Caveiro,1560,Producers,508,400,25.4,400
Caveiro,1620,Producers,523,400,33,400
Caveiro,1650,Producers,568,400,26.6,400
Caveiro,1710,Producers,526,400,28.8,400
Caveiro,1740,Producers,511,400,28,400
Caveiro,1800,Producers,562,400,27,400
Caveiro,1860,Producers,579,400,28.6,400
Caveiro,1890,Producers,538,400,31,400
Caveiro,1920,Producers,3157,400,27,400
Caveiro,1950,Producers,515,400,22.2,400
Caveiro,2010,Producers,521,400,18.8,400
Empadadas Norte,1410,Producers,1026,400,23.4,400
Empadadas Norte,1440,Producers,1657,400,33.6,400
Empadadas Norte,1470,Producers,1022,400,26.2,400
Empadadas Norte,1500,Producers,1013,400,31.6,400
Empadadas Norte,1530,Producers,1084,400,30.4,400
Empadadas Norte,1560,Producers,1022,400,27.2,400
Empadadas Norte,1590,Producers,512,400,24.2,400
Empadadas Norte,1620,Producers,1027,400,30,400
Empadadas Norte,1650,Producers,505,400,20.4,400
Empadadas Norte,1680,Producers,1025,400,23,400
Empadadas Norte,1710,Producers,506,400,25.2,400
Empadadas Norte,1740,Producers,1014,400,24.4,400
Empadadas Norte,1770,Producers,524,400,19.8,400
Empadadas Norte,1800,Producers,1024,400,24.2,400
Empadadas Norte,1830,Producers,1013,400,34.6,400
Empadadas Norte,1860,Producers,1015,400,34.6,400
Empadadas Norte,1890,Producers,2050,400,35.2,400
Empadadas Norte,1920,Producers,4074,400,40.6,400
Empadadas Norte,1950,Producers,3551,400,42.4,400
Empadadas Norte,1980,Producers,13085,400,22.6,400
Empadadas Norte,2010,Producers,2862,400,24.6,400
Funda,930,Producers,623,400,40.8,400
Funda,960,Producers,1353,400,41.2,400
Funda,990,Producers,1017,400,49.6,400
Funda,1020,Producers,959,400,45.4,400
Funda,1050,Producers,1319,400,43,400
Funda,1080,Producers,1289,400,43.4,400
Funda,1110,Producers,673,400,46,400
Funda,1140,Producers,2006,400,43.8,400
Funda,1170,Producers,1700,400,42.4,400
Funda,1200,Producers,2638,400,49.2,400
Funda,1230,Producers,1965,400,41,400
Funda,1260,Producers,1355,400,47.4,400
Funda,1290,Producers,1357,400,41.2,400
Funda,1320,Producers,2629,400,35.8,400
Funda,1350,Producers,4027,400,30,400
Funda,1380,Producers,5353,400,27.8,400
Funda,1410,Producers,851,400,11.2,400
Funda,1440,Producers,709,400,15.6,400
Funda,1470,Producers,1234,400,21,400
Funda,1500,Producers,984,400,23.2,400
Funda,1530,Producers,720,400,18.8,400
Funda,1590,Producers,1509,400,18.2,400
Funda,1620,Producers,1836,400,16.2,400
Funda,1650,Producers,907,400,12.8,400
Funda,1680,Producers,781,400,12.4,400
Funda,1710,Producers,718,400,14.2,400
Funda,1740,Producers,741,400,12.2,400
Funda,1770,Producers,887,400,8.6,400
Funda,1800,Producers,990,400,6.6,400
Funda,1830,Producers,683,400,16,400
Funda,1890,Producers,789,400,10.6,400
Funda,1920,Producers,1335,400,8,400
Funda,1950,Producers,2186,400,12.2,400
Funda,1980,Producers,4420,400,18.8,400
Ginjal,1410,Producers,675,400,20.8,400
Ginjal,1440,Producers,774,400,19.4,400
Ginjal,1470,Producers,284,400,25,400
Ginjal,1500,Producers,843,400,28,400
Ginjal,1530,Producers,97,400,NA,400
Ginjal,1560,Producers,1281,400,24.4,400
Ginjal,1590,Producers,413,400,19.8,400
Ginjal,1620,Producers,433,400,23.4,400
Ginjal,1650,Producers,437,400,24.4,400
Ginjal,1680,Producers,443,400,25,400
Ginjal,1710,Producers,420,400,26.4,400
Ginjal,1740,Producers,415,400,30.6,400
Ginjal,1770,Producers,280,400,30.6,400
Ginjal,1800,Producers,408,400,24.4,400
Ginjal,1830,Producers,405,400,24.8,400
Ginjal,1860,Producers,495,400,29.4,400
Ginjal,1890,Producers,122,400,NA,400
Ginjal,1920,Producers,480,400,24.4,400
Ginjal,1950,Producers,575,400,19.8,400
Ginjal,1980,Producers,2167,400,43.8,400
Ginjal,2010,Producers,428,400,34.4,400
Peixinho,30,Producers,515,400,13.4,400
Peixinho,210,Producers,572,400,18.2,400
Peixinho,390,Producers,507,400,22,400
Peixinho,540,Producers,517,400,19,400
Peixinho,630,Producers,517,400,10.6,400
Peixinho,750,Producers,1094,400,12.8,400
Peixinho,780,Producers,2447,400,10.8,400
Peixinho,840,Producers,557,400,19.6,400
Peixinho,900,Producers,525,400,21.6,400
Peixinho,960,Producers,7429,400,6.8,400
Peixinho,1020,Producers,1319,400,17,400
Peixinho,1050,Producers,869,400,22.6,400
Peixinho,1080,Producers,894,400,22.6,400
Peixinho,1110,Producers,2472,400,26.2,400
Peixinho,1140,Producers,1125,400,21.4,400
Peixinho,1170,Producers,521,400,23.2,400
Peixinho,1200,Producers,521,400,20.6,400
Peixinho,1230,Producers,1076,400,25.6,400
Peixinho,1260,Producers,504,400,26.2,400
Peixinho,1290,Producers,1034,400,34.2,400
Peixinho,1320,Producers,1567,400,30.4,400
Peixinho,1350,Producers,531,400,32.8,400
Peixinho,1410,Producers,530,400,35.4,400
Peixinho,1500,Producers,548,400,26,400
Peixinho,1620,Producers,520,400,24,400
Peixinho,1710,Producers,548,400,25,400
Peixinho,1830,Producers,543,400,28.4,400
Peixinho,1920,Producers,516,400,30.8,400
Peixinho,1980,Producers,3001,400,43.6,400
Peixinho,2010,Producers,1033,400,48.8,400
Prata,720,Producers,521,400,18,400
Prata,810,Producers,516,400,22.2,400
Prata,900,Producers,517,400,24,400
Prata,1020,Producers,414,400,12.6,400
Prata,1080,Producers,408,400,21,400
Prata,1110,Producers,464,400,13.6,400
Prata,1140,Producers,410,400,27,400
Prata,1170,Producers,405,400,29,400
Prata,1200,Producers,506,400,17.6,400
Prata,1230,Producers,516,400,28.8,400
Prata,1260,Producers,515,400,39.8,400
Prata,1290,Producers,1035,400,41.2,400
Prata,1320,Producers,540,400,42,400
Prata,1350,Producers,535,400,31.8,400
Prata,1380,Producers,499,400,37.4,400
Prata,1410,Producers,1050,400,34.4,400
Prata,1440,Producers,529,400,31,400
Prata,1470,Producers,1524,400,36.8,400
Prata,1500,Producers,1046,400,38.6,400
Prata,1530,Producers,1106,400,41.8,400
Prata,1560,Producers,1669,400,34.4,400
Prata,1590,Producers,1023,400,33,400
Prata,1620,Producers,1553,400,30.2,400
Prata,1650,Producers,1717,400,36.2,400
Prata,1680,Producers,1588,400,26.6,400
Prata,1710,Producers,1648,400,32.8,400
Prata,1740,Producers,1104,400,28.8,400
Prata,1770,Producers,1601,400,32.2,400
Prata,1800,Producers,1585,400,29.4,400
Prata,1830,Producers,1060,400,17.4,400
Prata,1860,Producers,588,400,18.2,400
Prata,1890,Producers,281,400,17.6,400
Prata,1920,Producers,403,400,14.2,400
Prata,1950,Producers,670,400,8,400
Prata,1980,Producers,316,400,12.6,400
Santiago,1590,Producers,825.5,400,14,400
Santiago,1620,Producers,1308.5,400,13.2,400
Santiago,1650,Producers,821.5,400,11.2,400
Santiago,1680,Producers,1255.5,400,13.4,400
Santiago,1710,Producers,860.5,400,12,400
Santiago,1740,Producers,816,400,12.2,400
Santiago,1770,Producers,1220,400,10.8,400
Santiago,1800,Producers,817,400,14.4,400
Santiago,1830,Producers,821,400,19.8,400
Santiago,1860,Producers,5753.5,400,23.8,400
Santiago,1890,Producers,5832.5,400,15.8,400
Santiago,1920,Producers,10213,400,17.6,400
Santiago,1950,Producers,5560,400,19,400
Santiago,1980,Producers,6001.5,400,18.4,400
Santiago,2010,Producers,451,400,15.8,400
Azul,1260,Producers,2054,500,46.6,500
Azul,1290,Producers,3344,500,41.8,500
Azul,1320,Producers,1267,500,39.8,500
Azul,1350,Producers,838,500,38.6,500
Azul,1380,Producers,821,500,64,500
Azul,1410,Producers,1253,500,38,500
Azul,1440,Producers,427,500,28.4,500
Azul,1470,Producers,866,500,35.4,500
Azul,1500,Producers,820,500,27.8,500
Azul,1530,Producers,870,500,34.8,500
Azul,1560,Producers,819,500,55.2,500
Azul,1590,Producers,862,500,52.4,500
Azul,1620,Producers,411,500,46,500
Azul,1650,Producers,1239,500,37.8,500
Azul,1680,Producers,1240,500,37.6,500
Azul,1710,Producers,420,500,34.6,500
Azul,1740,Producers,406,500,30.4,500
Azul,1770,Producers,3299,500,57,500
Azul,1800,Producers,1250,500,36,500
Azul,1830,Producers,4814,500,36.2,500
Azul,1860,Producers,4222,500,41,500
Azul,1890,Producers,2553,500,39,500
Azul,1920,Producers,2105,500,34.6,500
Azul,1950,Producers,2992,500,44.2,500
Azul,1980,Producers,6972,500,30.4,500
Caldeirao,0,Producers,1088,500,35.4,500
Caldeirao,30,Producers,726,500,29.6,500
Caldeirao,60,Producers,428,500,23.8,500
Caldeirao,180,Producers,755,500,31.2,500
Caldeirao,210,Producers,784,500,31,500
Caldeirao,270,Producers,386,500,27.4,500
Caldeirao,360,Producers,388,500,35.4,500
Caldeirao,480,Producers,375,500,30.6,500
Caldeirao,570,Producers,417,500,28.2,500
Caldeirao,660,Producers,410,500,35.8,500
Caldeirao,780,Producers,385,500,40.6,500
Caldeirao,840,Producers,416,500,36.6,500
Caldeirao,870,Producers,364,500,38,500
Caldeirao,930,Producers,411,500,31.4,500
Caldeirao,990,Producers,777,500,37,500
Caldeirao,1200,Producers,386,500,37,500
Caldeirao,1230,Producers,338,500,29.4,500
Caldeirao,1260,Producers,1189,500,30.2,500
Caldeirao,1290,Producers,1542,500,48.2,500
Caldeirao,1320,Producers,757,500,35.6,500
Caldeirao,1350,Producers,478,500,36.4,500
Caldeirao,1380,Producers,386,500,31.8,500
Caldeirao,1440,Producers,480,500,32.4,500
Caldeirao,1470,Producers,388,500,28.8,500
Caldeirao,1500,Producers,380,500,33.4,500
Caldeirao,1530,Producers,379,500,32.6,500
Caldeirao,1560,Producers,749,500,39.2,500
Caldeirao,1590,Producers,371,500,36.8,500
Caldeirao,1620,Producers,767,500,41.8,500
Caldeirao,1650,Producers,385,500,46.6,500
Caldeirao,1680,Producers,370,500,43.6,500
Caldeirao,1710,Producers,700,500,49.6,500
Caldeirao,1740,Producers,478,500,52.2,500
Caldeirao,1770,Producers,378,500,50.2,500
Caldeirao,1800,Producers,461,500,51,500
Caldeirao,1830,Producers,333,500,46.4,500
Caldeirao,1860,Producers,458,500,52,500
Caldeirao,1890,Producers,379,500,48.2,500
Caldeirao,1920,Producers,452,500,54,500
Caldeirao,1950,Producers,329,500,39.4,500
Caveiro,30,Producers,1523,500,37.4,500
Caveiro,60,Producers,523,500,34.6,500
Caveiro,90,Producers,505,500,27.6,500
Caveiro,150,Producers,535,500,28.6,500
Caveiro,180,Producers,525,500,29,500
Caveiro,240,Producers,567,500,27.2,500
Caveiro,270,Producers,518,500,29,500
Caveiro,300,Producers,1556,500,33.2,500
Caveiro,330,Producers,517,500,27.8,500
Caveiro,390,Producers,534,500,26.8,500
Caveiro,420,Producers,539,500,28,500
Caveiro,480,Producers,628,500,31.6,500
Caveiro,510,Producers,514,500,35,500
Caveiro,540,Producers,537,500,29.8,500
Caveiro,600,Producers,522,500,36,500
Caveiro,630,Producers,645,500,30.6,500
Caveiro,690,Producers,550,500,33.8,500
Caveiro,750,Producers,514,500,31.6,500
Caveiro,870,Producers,521,500,24.4,500
Caveiro,900,Producers,548,500,28,500
Caveiro,960,Producers,540,500,30.4,500
Caveiro,990,Producers,519,500,30,500
Caveiro,1050,Producers,527,500,26,500
Caveiro,1080,Producers,522,500,31,500
Caveiro,1140,Producers,516,500,29,500
Caveiro,1170,Producers,546,500,34.8,500
Caveiro,1200,Producers,521,500,25.6,500
Caveiro,1260,Producers,514,500,25.4,500
Caveiro,1290,Producers,522,500,27.8,500
Caveiro,1320,Producers,507,500,29.4,500
Caveiro,1350,Producers,1114,500,30.2,500
Caveiro,1410,Producers,540,500,26.8,500
Caveiro,1440,Producers,517,500,33.6,500
Caveiro,1470,Producers,513,500,25.6,500
Caveiro,1530,Producers,512,500,28.8,500
Caveiro,1560,Producers,508,500,26.2,500
Caveiro,1620,Producers,523,500,32,500
Caveiro,1650,Producers,568,500,27.2,500
Caveiro,1710,Producers,526,500,30.6,500
Caveiro,1740,Producers,511,500,29.2,500
Caveiro,1800,Producers,562,500,27.6,500
Caveiro,1860,Producers,579,500,30,500
Caveiro,1890,Producers,538,500,31.8,500
Caveiro,1920,Producers,3157,500,30.6,500
Caveiro,1950,Producers,515,500,23.2,500
Caveiro,2010,Producers,521,500,20.8,500
Empadadas Norte,1410,Producers,1026,500,26.4,500
Empadadas Norte,1440,Producers,1657,500,36.6,500
Empadadas Norte,1470,Producers,1022,500,30.4,500
Empadadas Norte,1500,Producers,1013,500,33.6,500
Empadadas Norte,1530,Producers,1084,500,33.4,500
Empadadas Norte,1560,Producers,1022,500,32.2,500
Empadadas Norte,1590,Producers,512,500,23.4,500
Empadadas Norte,1620,Producers,1027,500,32.8,500
Empadadas Norte,1650,Producers,505,500,21.2,500
Empadadas Norte,1680,Producers,1025,500,26,500
Empadadas Norte,1710,Producers,506,500,29,500
Empadadas Norte,1740,Producers,1014,500,27.4,500
Empadadas Norte,1770,Producers,524,500,21.2,500
Empadadas Norte,1800,Producers,1024,500,25.6,500
Empadadas Norte,1830,Producers,1013,500,36.8,500
Empadadas Norte,1860,Producers,1015,500,39,500
Empadadas Norte,1890,Producers,2050,500,39.6,500
Empadadas Norte,1920,Producers,4074,500,42.8,500
Empadadas Norte,1950,Producers,3551,500,46.4,500
Empadadas Norte,1980,Producers,13085,500,25,500
Empadadas Norte,2010,Producers,2862,500,30.6,500
Funda,930,Producers,623,500,41.4,500
Funda,960,Producers,1353,500,43.4,500
Funda,990,Producers,1017,500,52.6,500
Funda,1020,Producers,959,500,47.6,500
Funda,1050,Producers,1319,500,47.2,500
Funda,1080,Producers,1289,500,47.2,500
Funda,1110,Producers,673,500,49.4,500
Funda,1140,Producers,2006,500,49.2,500
Funda,1170,Producers,1700,500,50.6,500
Funda,1200,Producers,2638,500,50.6,500
Funda,1230,Producers,1965,500,48.4,500
Funda,1260,Producers,1355,500,48.4,500
Funda,1290,Producers,1357,500,45.2,500
Funda,1320,Producers,2629,500,37.8,500
Funda,1350,Producers,4027,500,29,500
Funda,1380,Producers,5353,500,27.2,500
Funda,1410,Producers,851,500,12.6,500
Funda,1440,Producers,709,500,17,500
Funda,1470,Producers,1234,500,24.8,500
Funda,1500,Producers,984,500,24.6,500
Funda,1530,Producers,720,500,23.2,500
Funda,1590,Producers,1509,500,20.4,500
Funda,1620,Producers,1836,500,17.8,500
Funda,1650,Producers,907,500,14.2,500
Funda,1680,Producers,781,500,12.2,500
Funda,1710,Producers,718,500,13.6,500
Funda,1740,Producers,741,500,14,500
Funda,1770,Producers,887,500,10.4,500
Funda,1800,Producers,990,500,7.4,500
Funda,1830,Producers,683,500,18.6,500
Funda,1890,Producers,789,500,11.4,500
Funda,1920,Producers,1335,500,9.6,500
Funda,1950,Producers,2186,500,15.4,500
Funda,1980,Producers,4420,500,21.4,500
Ginjal,1410,Producers,675,500,20.6,500
Ginjal,1440,Producers,774,500,20.4,500
Ginjal,1470,Producers,284,500,26.6,500
Ginjal,1500,Producers,843,500,30.4,500
Ginjal,1530,Producers,97,500,NA,500
Ginjal,1560,Producers,1281,500,25.2,500
Ginjal,1590,Producers,413,500,21.4,500
Ginjal,1620,Producers,433,500,24.6,500
Ginjal,1650,Producers,437,500,25.8,500
Ginjal,1680,Producers,443,500,24.8,500
Ginjal,1710,Producers,420,500,27,500
Ginjal,1740,Producers,415,500,31.4,500
Ginjal,1770,Producers,280,500,32.2,500
Ginjal,1800,Producers,408,500,26,500
Ginjal,1830,Producers,405,500,26.2,500
Ginjal,1860,Producers,495,500,29.8,500
Ginjal,1890,Producers,122,500,NA,500
Ginjal,1920,Producers,480,500,26.8,500
Ginjal,1950,Producers,575,500,21.8,500
Ginjal,1980,Producers,2167,500,45.4,500
Ginjal,2010,Producers,428,500,36.2,500
Peixinho,30,Producers,515,500,13.8,500
Peixinho,210,Producers,572,500,19.8,500
Peixinho,390,Producers,507,500,23.6,500
Peixinho,540,Producers,517,500,20.6,500
Peixinho,630,Producers,517,500,13,500
Peixinho,750,Producers,1094,500,15,500
Peixinho,780,Producers,2447,500,12.2,500
Peixinho,840,Producers,557,500,22.2,500
Peixinho,900,Producers,525,500,24.8,500
Peixinho,960,Producers,7429,500,8,500
Peixinho,1020,Producers,1319,500,18,500
Peixinho,1050,Producers,869,500,26.4,500
Peixinho,1080,Producers,894,500,24.6,500
Peixinho,1110,Producers,2472,500,30,500
Peixinho,1140,Producers,1125,500,22.8,500
Peixinho,1170,Producers,521,500,24.8,500
Peixinho,1200,Producers,521,500,21.2,500
Peixinho,1230,Producers,1076,500,29.8,500
Peixinho,1260,Producers,504,500,27.6,500
Peixinho,1290,Producers,1034,500,39,500
Peixinho,1320,Producers,1567,500,29.8,500
Peixinho,1350,Producers,531,500,33.4,500
Peixinho,1410,Producers,530,500,34.8,500
Peixinho,1500,Producers,548,500,29.2,500
Peixinho,1620,Producers,520,500,26,500
Peixinho,1710,Producers,548,500,27.4,500
Peixinho,1830,Producers,543,500,29.6,500
Peixinho,1920,Producers,516,500,29.4,500
Peixinho,1980,Producers,3001,500,47.4,500
Peixinho,2010,Producers,1033,500,52.2,500
Prata,720,Producers,521,500,18.6,500
Prata,810,Producers,516,500,25.6,500
Prata,900,Producers,517,500,27.6,500
Prata,1020,Producers,414,500,13,500
Prata,1080,Producers,408,500,22.4,500
Prata,1110,Producers,464,500,14.4,500
Prata,1140,Producers,410,500,28.2,500
Prata,1170,Producers,405,500,32.4,500
Prata,1200,Producers,506,500,18.8,500
Prata,1230,Producers,516,500,32.8,500
Prata,1260,Producers,515,500,42.2,500
Prata,1290,Producers,1035,500,45.8,500
Prata,1320,Producers,540,500,44.8,500
Prata,1350,Producers,535,500,36.8,500
Prata,1380,Producers,499,500,42.2,500
Prata,1410,Producers,1050,500,38.4,500
Prata,1440,Producers,529,500,35.2,500
Prata,1470,Producers,1524,500,39.2,500
Prata,1500,Producers,1046,500,41.8,500
Prata,1530,Producers,1106,500,44.8,500
Prata,1560,Producers,1669,500,39.4,500
Prata,1590,Producers,1023,500,36,500
Prata,1620,Producers,1553,500,35.2,500
Prata,1650,Producers,1717,500,39.6,500
Prata,1680,Producers,1588,500,30.8,500
Prata,1710,Producers,1648,500,36.4,500
Prata,1740,Producers,1104,500,32.4,500
Prata,1770,Producers,1601,500,36.2,500
Prata,1800,Producers,1585,500,31.8,500
Prata,1830,Producers,1060,500,17.2,500
Prata,1860,Producers,588,500,21.2,500
Prata,1890,Producers,281,500,18,500
Prata,1920,Producers,403,500,16,500
Prata,1950,Producers,670,500,9.2,500
Prata,1980,Producers,316,500,14,500
Santiago,1590,Producers,825.5,500,16.2,500
Santiago,1620,Producers,1308.5,500,15,500
Santiago,1650,Producers,821.5,500,12.2,500
Santiago,1680,Producers,1255.5,500,14.2,500
Santiago,1710,Producers,860.5,500,13.6,500
Santiago,1740,Producers,816,500,11.6,500
Santiago,1770,Producers,1220,500,12.8,500
Santiago,1800,Producers,817,500,16,500
Santiago,1830,Producers,821,500,20.4,500
Santiago,1860,Producers,5753.5,500,25,500
Santiago,1890,Producers,5832.5,500,16.8,500
Santiago,1920,Producers,10213,500,18.6,500
Santiago,1950,Producers,5560,500,19.6,500
Santiago,1980,Producers,6001.5,500,22.4,500
Santiago,2010,Producers,451,500,17.6,500
Azul,1260,Consumers,160,20,4.4,20
Azul,1290,Consumers,579,20,4.6,20
Azul,1320,Consumers,222,20,4.6,20
Azul,1350,Consumers,172,20,3.8,20
Azul,1380,Consumers,20,20,5.6,20
Azul,1410,Consumers,104,20,4,20
Azul,1440,Consumers,116,20,6.4,20
Azul,1470,Consumers,294,20,5,20
Azul,1500,Consumers,204,20,5,20
Azul,1530,Consumers,76,20,3.4,20
Azul,1560,Consumers,48,20,4.4,20
Azul,1590,Consumers,16,20,4.8,20
Azul,1620,Consumers,8,20,NA,20
Azul,1650,Consumers,148,20,4.6,20
Azul,1680,Consumers,272,20,4.8,20
Azul,1710,Consumers,134,20,6.2,20
Azul,1740,Consumers,86,20,3.8,20
Azul,1770,Consumers,374,20,5.4,20
Azul,1800,Consumers,290,20,5,20
Azul,1830,Consumers,344,20,5.2,20
Azul,1860,Consumers,102,20,6,20
Azul,1890,Consumers,48,20,4.6,20
Azul,1920,Consumers,16,20,7.4,20
Azul,1950,Consumers,66,20,6,20
Caldeirao,0,Consumers,41,20,6,20
Caldeirao,30,Consumers,155,20,4.4,20
Caldeirao,60,Consumers,69,20,4.6,20
Caldeirao,90,Consumers,44,20,5.6,20
Caldeirao,180,Consumers,98,20,5.8,20
Caldeirao,210,Consumers,238,20,5,20
Caldeirao,270,Consumers,150,20,5.4,20
Caldeirao,330,Consumers,147,20,5.6,20
Caldeirao,420,Consumers,198,20,4.8,20
Caldeirao,480,Consumers,212,20,5.8,20
Caldeirao,540,Consumers,63,20,4.8,20
Caldeirao,600,Consumers,108,20,5.4,20
Caldeirao,660,Consumers,127,20,5.4,20
Caldeirao,750,Consumers,185,20,5,20
Caldeirao,780,Consumers,122,20,5.8,20
Caldeirao,840,Consumers,81,20,5.8,20
Caldeirao,870,Consumers,144,20,5.6,20
Caldeirao,900,Consumers,44,20,5.4,20
Caldeirao,930,Consumers,113,20,4.8,20
Caldeirao,960,Consumers,99,20,5.8,20
Caldeirao,990,Consumers,96,20,6.4,20
Caldeirao,1110,Consumers,133,20,6,20
Caldeirao,1230,Consumers,233,20,5.8,20
Caldeirao,1260,Consumers,268,20,6.8,20
Caldeirao,1290,Consumers,416,20,5.6,20
Caldeirao,1320,Consumers,204,20,6.8,20
Caldeirao,1410,Consumers,176,20,5.2,20
Caldeirao,1530,Consumers,84,20,5.8,20
Caldeirao,1560,Consumers,9,20,NA,20
Caldeirao,1620,Consumers,276,20,3.4,20
Caldeirao,1680,Consumers,47,20,4.6,20
Caldeirao,1710,Consumers,106,20,5.6,20
Caldeirao,1740,Consumers,42,20,5.6,20
Caldeirao,1800,Consumers,35,20,5.8,20
Caldeirao,1830,Consumers,28,20,5.4,20
Caldeirao,1860,Consumers,30,20,6,20
Caldeirao,1890,Consumers,30,20,5.8,20
Caldeirao,1950,Consumers,32,20,4.8,20
Caldeirao,1980,Consumers,26,20,5.6,20
Caveiro,30,Consumers,377,20,7.6,20
Caveiro,60,Consumers,8,20,NA,20
Caveiro,90,Consumers,102,20,5.6,20
Caveiro,150,Consumers,197,20,6,20
Caveiro,240,Consumers,81,20,4.6,20
Caveiro,270,Consumers,129,20,4.8,20
Caveiro,300,Consumers,265,20,6,20
Caveiro,390,Consumers,234,20,5.6,20
Caveiro,480,Consumers,251,20,5.8,20
Caveiro,540,Consumers,143,20,5.4,20
Caveiro,630,Consumers,237,20,5.6,20
Caveiro,750,Consumers,399,20,5.4,20
Caveiro,900,Consumers,483,20,6,20
Caveiro,990,Consumers,383,20,4.8,20
Caveiro,1050,Consumers,371,20,5,20
Caveiro,1080,Consumers,65,20,4.8,20
Caveiro,1140,Consumers,144,20,5.4,20
Caveiro,1170,Consumers,412,20,4.4,20
Caveiro,1260,Consumers,368,20,4.6,20
Caveiro,1320,Consumers,133,20,4.8,20
Caveiro,1350,Consumers,176,20,4.8,20
Caveiro,1440,Consumers,128,20,4.6,20
Caveiro,1530,Consumers,70,20,6,20
Caveiro,1560,Consumers,45,20,5.8,20
Caveiro,1620,Consumers,58,20,4.8,20
Caveiro,1710,Consumers,29,20,5,20
Caveiro,1740,Consumers,62,20,5,20
Caveiro,1800,Consumers,26,20,4.2,20
Caveiro,1860,Consumers,63,20,5,20
Empadadas Norte,1380,Consumers,397,20,3.8,20
Empadadas Norte,1410,Consumers,2509,20,4,20
Empadadas Norte,1440,Consumers,2352,20,4.6,20
Empadadas Norte,1470,Consumers,1678,20,4.2,20
Empadadas Norte,1500,Consumers,1257,20,5.2,20
Empadadas Norte,1530,Consumers,1565,20,3.8,20
Empadadas Norte,1560,Consumers,894,20,4.6,20
Empadadas Norte,1590,Consumers,473,20,4.8,20
Empadadas Norte,1620,Consumers,576,20,4.2,20
Empadadas Norte,1650,Consumers,831,20,4.6,20
Empadadas Norte,1680,Consumers,795,20,4.6,20
Empadadas Norte,1710,Consumers,769,20,5,20
Empadadas Norte,1740,Consumers,726,20,5,20
Empadadas Norte,1770,Consumers,512,20,5.4,20
Empadadas Norte,1800,Consumers,812,20,5.2,20
Empadadas Norte,1830,Consumers,553,20,4.8,20
Empadadas Norte,1860,Consumers,74,20,5.6,20
Empadadas Norte,1890,Consumers,291,20,5.6,20
Empadadas Norte,1920,Consumers,306,20,6.2,20
Empadadas Norte,1950,Consumers,160,20,6.6,20
Empadadas Norte,1980,Consumers,221,20,5.8,20
Empadadas Norte,2010,Consumers,75,20,7.2,20
Funda,930,Consumers,3,20,NA,20
Funda,960,Consumers,3,20,NA,20
Funda,990,Consumers,12,20,5.4,20
Funda,1020,Consumers,31.5,20,5.8,20
Funda,1050,Consumers,51.5,20,5.8,20
Funda,1080,Consumers,87,20,7,20
Funda,1110,Consumers,21.5,20,5.8,20
Funda,1140,Consumers,68,20,5.8,20
Funda,1170,Consumers,21,20,3.2,20
Funda,1200,Consumers,5,20,NA,20
Funda,1230,Consumers,32,20,5.4,20
Funda,1260,Consumers,19.5,20,6.6,20
Funda,1290,Consumers,25.5,20,7,20
Funda,1320,Consumers,63.5,20,5.6,20
Funda,1350,Consumers,72,20,5,20
Funda,1380,Consumers,91,20,5.8,20
Funda,1410,Consumers,55.5,20,4,20
Funda,1440,Consumers,8,20,NA,20
Funda,1470,Consumers,3,20,NA,20
Funda,1530,Consumers,21,20,4.6,20
Funda,1590,Consumers,3,20,NA,20
Funda,1620,Consumers,2,20,NA,20
Funda,1710,Consumers,2,20,NA,20
Funda,1770,Consumers,2,20,NA,20
Funda,1950,Consumers,1,20,NA,20
Funda,1980,Consumers,11,20,9,20
Ginjal,1410,Consumers,75,20,6.6,20
Ginjal,1440,Consumers,101,20,4.2,20
Ginjal,1470,Consumers,177,20,2.6,20
Ginjal,1500,Consumers,161,20,4.2,20
Ginjal,1530,Consumers,107,20,4.4,20
Ginjal,1560,Consumers,348,20,4.6,20
Ginjal,1590,Consumers,189,20,6,20
Ginjal,1620,Consumers,186,20,5.2,20
Ginjal,1650,Consumers,92,20,5,20
Ginjal,1680,Consumers,93,20,5.4,20
Ginjal,1710,Consumers,93,20,5.4,20
Ginjal,1740,Consumers,47,20,5,20
Ginjal,1770,Consumers,77,20,5.4,20
Ginjal,1800,Consumers,69,20,5.6,20
Ginjal,1830,Consumers,39,20,6.8,20
Ginjal,1860,Consumers,29,20,5.4,20
Ginjal,1890,Consumers,17,20,5.4,20
Ginjal,1920,Consumers,22,20,4.8,20
Ginjal,1950,Consumers,40,20,4.2,20
Ginjal,1980,Consumers,153,20,4.4,20
Ginjal,2010,Consumers,54,20,3.8,20
Peixinho,0,Consumers,213,20,6.2,20
Peixinho,180,Consumers,223,20,5,20
Peixinho,360,Consumers,229,20,5.4,20
Peixinho,510,Consumers,211,20,5.6,20
Peixinho,600,Consumers,223,20,4.6,20
Peixinho,930,Consumers,610,20,6,20
Peixinho,960,Consumers,679,20,5.2,20
Peixinho,990,Consumers,205,20,5,20
Peixinho,1020,Consumers,343,20,5.2,20
Peixinho,1080,Consumers,246,20,5.2,20
Peixinho,1110,Consumers,804,20,5,20
Peixinho,1140,Consumers,420,20,5.2,20
Peixinho,1170,Consumers,210,20,5.2,20
Peixinho,1200,Consumers,225,20,5.2,20
Peixinho,1230,Consumers,387,20,5,20
Peixinho,1260,Consumers,210,20,5.4,20
Peixinho,1290,Consumers,425,20,5.2,20
Peixinho,1320,Consumers,299,20,5.2,20
Peixinho,1350,Consumers,38,20,5.2,20
Peixinho,1410,Consumers,46,20,4.6,20
Peixinho,1500,Consumers,22,20,4.8,20
Peixinho,1620,Consumers,32,20,5,20
Peixinho,1710,Consumers,26,20,4.6,20
Peixinho,1830,Consumers,55,20,5,20
Peixinho,1920,Consumers,26,20,4.6,20
Peixinho,1980,Consumers,219,20,6.4,20
Peixinho,2010,Consumers,46,20,5.8,20
Prata,720,Consumers,140,20,5.2,20
Prata,810,Consumers,145,20,5.4,20
Prata,900,Consumers,153,20,4.6,20
Prata,1020,Consumers,189,20,6.8,20
Prata,1080,Consumers,132,20,4.8,20
Prata,1110,Consumers,101,20,6.2,20
Prata,1140,Consumers,115,20,5,20
Prata,1170,Consumers,128,20,5.2,20
Prata,1200,Consumers,119,20,4.4,20
Prata,1230,Consumers,126,20,4.8,20
Prata,1260,Consumers,111,20,6.2,20
Prata,1290,Consumers,230,20,6.2,20
Prata,1320,Consumers,25,20,6.2,20
Prata,1350,Consumers,52,20,5,20
Prata,1410,Consumers,115,20,6.8,20
Prata,1440,Consumers,51,20,5.8,20
Prata,1470,Consumers,346,20,5.4,20
Prata,1500,Consumers,237,20,5,20
Prata,1530,Consumers,355,20,5.2,20
Prata,1560,Consumers,208,20,5.6,20
Prata,1590,Consumers,140,20,3.6,20
Prata,1620,Consumers,268,20,4.6,20
Prata,1650,Consumers,348,20,3.4,20
Prata,1680,Consumers,257,20,4,20
Prata,1710,Consumers,265,20,4,20
Prata,1740,Consumers,171,20,4.2,20
Prata,1770,Consumers,292,20,4.2,20
Prata,1800,Consumers,255,20,4,20
Prata,1830,Consumers,287,20,4,20
Prata,1860,Consumers,147,20,5,20
Prata,1890,Consumers,215,20,5.4,20
Prata,1920,Consumers,310,20,5.2,20
Prata,1950,Consumers,72,20,3.6,20
Prata,1980,Consumers,44,20,3.8,20
Santiago,1590,Consumers,366,20,4.2,20
Santiago,1620,Consumers,628,20,5,20
Santiago,1650,Consumers,852,20,4.6,20
Santiago,1680,Consumers,424,20,4.4,20
Santiago,1710,Consumers,512,20,6,20
Santiago,1740,Consumers,364,20,5.4,20
Santiago,1770,Consumers,816,20,5.2,20
Santiago,1800,Consumers,616,20,4.2,20
Santiago,1830,Consumers,630,20,5.2,20
Santiago,1860,Consumers,984,20,6,20
Santiago,1890,Consumers,1072,20,6.6,20
Santiago,1920,Consumers,746,20,6.2,20
Santiago,1950,Consumers,308,20,6.4,20
Santiago,1980,Consumers,318,20,6.6,20
Santiago,2010,Consumers,24,20,5.6,20
Azul,1260,Consumers,160,30,4.6,30
Azul,1290,Consumers,579,30,5,30
Azul,1320,Consumers,222,30,5.4,30
Azul,1350,Consumers,172,30,4.8,30
Azul,1380,Consumers,20,30,7,30
Azul,1410,Consumers,104,30,4.2,30
Azul,1440,Consumers,116,30,6.8,30
Azul,1470,Consumers,294,30,5.6,30
Azul,1500,Consumers,204,30,5.8,30
Azul,1530,Consumers,76,30,4,30
Azul,1560,Consumers,48,30,5.8,30
Azul,1590,Consumers,16,30,5.8,30
Azul,1620,Consumers,8,30,NA,30
Azul,1650,Consumers,148,30,5.2,30
Azul,1680,Consumers,272,30,6,30
Azul,1710,Consumers,134,30,6.6,30
Azul,1740,Consumers,86,30,4.2,30
Azul,1770,Consumers,374,30,6.2,30
Azul,1800,Consumers,290,30,5.6,30
Azul,1830,Consumers,344,30,6.6,30
Azul,1860,Consumers,102,30,7.6,30
Azul,1890,Consumers,48,30,5.4,30
Azul,1920,Consumers,16,30,7.8,30
Azul,1950,Consumers,66,30,6.8,30
Caldeirao,0,Consumers,41,30,6.6,30
Caldeirao,30,Consumers,155,30,5.6,30
Caldeirao,60,Consumers,69,30,5,30
Caldeirao,90,Consumers,44,30,6.4,30
Caldeirao,180,Consumers,98,30,7,30
Caldeirao,210,Consumers,238,30,6.4,30
Caldeirao,270,Consumers,150,30,6.2,30
Caldeirao,330,Consumers,147,30,5.6,30
Caldeirao,420,Consumers,198,30,6.2,30
Caldeirao,480,Consumers,212,30,6.2,30
Caldeirao,540,Consumers,63,30,6,30
Caldeirao,600,Consumers,108,30,6,30
Caldeirao,660,Consumers,127,30,6.4,30
Caldeirao,750,Consumers,185,30,6.2,30
Caldeirao,780,Consumers,122,30,6.4,30
Caldeirao,840,Consumers,81,30,7,30
Caldeirao,870,Consumers,144,30,6.8,30
Caldeirao,900,Consumers,44,30,7,30
Caldeirao,930,Consumers,113,30,5.4,30
Caldeirao,960,Consumers,99,30,6.4,30
Caldeirao,990,Consumers,96,30,6.8,30
Caldeirao,1110,Consumers,133,30,6.4,30
Caldeirao,1230,Consumers,233,30,6.8,30
Caldeirao,1260,Consumers,268,30,8,30
Caldeirao,1290,Consumers,416,30,6.6,30
Caldeirao,1320,Consumers,204,30,6.4,30
Caldeirao,1410,Consumers,176,30,6.4,30
Caldeirao,1530,Consumers,84,30,6,30
Caldeirao,1560,Consumers,9,30,NA,30
Caldeirao,1620,Consumers,276,30,3,30
Caldeirao,1680,Consumers,47,30,5.6,30
Caldeirao,1710,Consumers,106,30,5.8,30
Caldeirao,1740,Consumers,42,30,6.6,30
Caldeirao,1800,Consumers,35,30,6.8,30
Caldeirao,1830,Consumers,28,30,6.8,30
Caldeirao,1860,Consumers,30,30,7.2,30
Caldeirao,1890,Consumers,30,30,6,30
Caldeirao,1950,Consumers,32,30,5.6,30
Caldeirao,1980,Consumers,26,30,6.6,30
Caveiro,30,Consumers,377,30,7.6,30
Caveiro,60,Consumers,8,30,NA,30
Caveiro,90,Consumers,102,30,7.4,30
Caveiro,150,Consumers,197,30,7.8,30
Caveiro,240,Consumers,81,30,5.6,30
Caveiro,270,Consumers,129,30,6,30
Caveiro,300,Consumers,265,30,6.8,30
Caveiro,390,Consumers,234,30,6,30
Caveiro,480,Consumers,251,30,7.4,30
Caveiro,540,Consumers,143,30,6.2,30
Caveiro,630,Consumers,237,30,7,30
Caveiro,750,Consumers,399,30,5.8,30
Caveiro,900,Consumers,483,30,6.2,30
Caveiro,990,Consumers,383,30,6,30
Caveiro,1050,Consumers,371,30,5.2,30
Caveiro,1080,Consumers,65,30,5.2,30
Caveiro,1140,Consumers,144,30,5.8,30
Caveiro,1170,Consumers,412,30,5.4,30
Caveiro,1260,Consumers,368,30,4.8,30
Caveiro,1320,Consumers,133,30,5.2,30
Caveiro,1350,Consumers,176,30,4.8,30
Caveiro,1440,Consumers,128,30,4.8,30
Caveiro,1530,Consumers,70,30,6.4,30
Caveiro,1560,Consumers,45,30,6.8,30
Caveiro,1620,Consumers,58,30,5,30
Caveiro,1710,Consumers,29,30,6,30
Caveiro,1740,Consumers,62,30,6,30
Caveiro,1800,Consumers,26,30,5,30
Caveiro,1860,Consumers,63,30,5.4,30
Empadadas Norte,1380,Consumers,397,30,5,30
Empadadas Norte,1410,Consumers,2509,30,4.4,30
Empadadas Norte,1440,Consumers,2352,30,4.2,30
Empadadas Norte,1470,Consumers,1678,30,5.4,30
Empadadas Norte,1500,Consumers,1257,30,5.8,30
Empadadas Norte,1530,Consumers,1565,30,5.4,30
Empadadas Norte,1560,Consumers,894,30,5.2,30
Empadadas Norte,1590,Consumers,473,30,5.6,30
Empadadas Norte,1620,Consumers,576,30,5.4,30
Empadadas Norte,1650,Consumers,831,30,4.8,30
Empadadas Norte,1680,Consumers,795,30,5.6,30
Empadadas Norte,1710,Consumers,769,30,5.2,30
Empadadas Norte,1740,Consumers,726,30,6,30
Empadadas Norte,1770,Consumers,512,30,5.2,30
Empadadas Norte,1800,Consumers,812,30,6.2,30
Empadadas Norte,1830,Consumers,553,30,5.6,30
Empadadas Norte,1860,Consumers,74,30,6,30
Empadadas Norte,1890,Consumers,291,30,5.6,30
Empadadas Norte,1920,Consumers,306,30,5.8,30
Empadadas Norte,1950,Consumers,160,30,8,30
Empadadas Norte,1980,Consumers,221,30,7,30
Empadadas Norte,2010,Consumers,75,30,8.2,30
Funda,930,Consumers,3,30,NA,30
Funda,960,Consumers,3,30,NA,30
Funda,990,Consumers,12,30,NA,30
Funda,1020,Consumers,31.5,30,6,30
Funda,1050,Consumers,51.5,30,6.6,30
Funda,1080,Consumers,87,30,6.4,30
Funda,1110,Consumers,21.5,30,7,30
Funda,1140,Consumers,68,30,6.2,30
Funda,1170,Consumers,21,30,4.4,30
Funda,1200,Consumers,5,30,NA,30
Funda,1230,Consumers,32,30,7.2,30
Funda,1260,Consumers,19.5,30,7.4,30
Funda,1290,Consumers,25.5,30,8.6,30
Funda,1320,Consumers,63.5,30,6,30
Funda,1350,Consumers,72,30,6.2,30
Funda,1380,Consumers,91,30,7.2,30
Funda,1410,Consumers,55.5,30,4.6,30
Funda,1440,Consumers,8,30,NA,30
Funda,1470,Consumers,3,30,NA,30
Funda,1530,Consumers,21,30,5,30
Funda,1590,Consumers,3,30,NA,30
Funda,1620,Consumers,2,30,NA,30
Funda,1710,Consumers,2,30,NA,30
Funda,1770,Consumers,2,30,NA,30
Funda,1950,Consumers,1,30,NA,30
Funda,1980,Consumers,11,30,NA,30
Ginjal,1410,Consumers,75,30,7,30
Ginjal,1440,Consumers,101,30,4.6,30
Ginjal,1470,Consumers,177,30,3,30
Ginjal,1500,Consumers,161,30,4.6,30
Ginjal,1530,Consumers,107,30,4.4,30
Ginjal,1560,Consumers,348,30,5.6,30
Ginjal,1590,Consumers,189,30,6.2,30
Ginjal,1620,Consumers,186,30,5.8,30
Ginjal,1650,Consumers,92,30,5.2,30
Ginjal,1680,Consumers,93,30,5.4,30
Ginjal,1710,Consumers,93,30,6.2,30
Ginjal,1740,Consumers,47,30,4.8,30
Ginjal,1770,Consumers,77,30,6.4,30
Ginjal,1800,Consumers,69,30,6.8,30
Ginjal,1830,Consumers,39,30,6.6,30
Ginjal,1860,Consumers,29,30,6.4,30
Ginjal,1890,Consumers,17,30,5.8,30
Ginjal,1920,Consumers,22,30,5,30
Ginjal,1950,Consumers,40,30,4.4,30
Ginjal,1980,Consumers,153,30,5,30
Ginjal,2010,Consumers,54,30,3.6,30
Peixinho,0,Consumers,213,30,6.8,30
Peixinho,180,Consumers,223,30,5.6,30
Peixinho,360,Consumers,229,30,5.4,30
Peixinho,510,Consumers,211,30,5.6,30
Peixinho,600,Consumers,223,30,4.8,30
Peixinho,930,Consumers,610,30,6.2,30
Peixinho,960,Consumers,679,30,5.4,30
Peixinho,990,Consumers,205,30,5.8,30
Peixinho,1020,Consumers,343,30,5.6,30
Peixinho,1080,Consumers,246,30,6.2,30
Peixinho,1110,Consumers,804,30,5.2,30
Peixinho,1140,Consumers,420,30,6,30
Peixinho,1170,Consumers,210,30,6,30
Peixinho,1200,Consumers,225,30,5.4,30
Peixinho,1230,Consumers,387,30,5.8,30
Peixinho,1260,Consumers,210,30,5.8,30
Peixinho,1290,Consumers,425,30,5.8,30
Peixinho,1320,Consumers,299,30,6.6,30
Peixinho,1350,Consumers,38,30,5.8,30
Peixinho,1410,Consumers,46,30,5.2,30
Peixinho,1500,Consumers,22,30,5.2,30
Peixinho,1620,Consumers,32,30,5.4,30
Peixinho,1710,Consumers,26,30,4.8,30
Peixinho,1830,Consumers,55,30,6.4,30
Peixinho,1920,Consumers,26,30,5.2,30
Peixinho,1980,Consumers,219,30,6.6,30
Peixinho,2010,Consumers,46,30,5.6,30
Prata,720,Consumers,140,30,6,30
Prata,810,Consumers,145,30,5.4,30
Prata,900,Consumers,153,30,5.2,30
Prata,1020,Consumers,189,30,7.6,30
Prata,1080,Consumers,132,30,5.4,30
Prata,1110,Consumers,101,30,6.6,30
Prata,1140,Consumers,115,30,4.8,30
Prata,1170,Consumers,128,30,6.2,30
Prata,1200,Consumers,119,30,5.4,30
Prata,1230,Consumers,126,30,5.6,30
Prata,1260,Consumers,111,30,6.2,30
Prata,1290,Consumers,230,30,6.4,30
Prata,1320,Consumers,25,30,6.6,30
Prata,1350,Consumers,52,30,6.4,30
Prata,1410,Consumers,115,30,7.2,30
Prata,1440,Consumers,51,30,6.8,30
Prata,1470,Consumers,346,30,6.6,30
Prata,1500,Consumers,237,30,6.4,30
Prata,1530,Consumers,355,30,7.2,30
Prata,1560,Consumers,208,30,6.4,30
Prata,1590,Consumers,140,30,4.8,30
Prata,1620,Consumers,268,30,5.6,30
Prata,1650,Consumers,348,30,4.4,30
Prata,1680,Consumers,257,30,5,30
Prata,1710,Consumers,265,30,5.2,30
Prata,1740,Consumers,171,30,4.4,30
Prata,1770,Consumers,292,30,5,30
Prata,1800,Consumers,255,30,5.4,30
Prata,1830,Consumers,287,30,4,30
Prata,1860,Consumers,147,30,4.8,30
Prata,1890,Consumers,215,30,6,30
Prata,1920,Consumers,310,30,5.4,30
Prata,1950,Consumers,72,30,3.8,30
Prata,1980,Consumers,44,30,4.8,30
Santiago,1590,Consumers,366,30,4.8,30
Santiago,1620,Consumers,628,30,6.4,30
Santiago,1650,Consumers,852,30,6,30
Santiago,1680,Consumers,424,30,5.4,30
Santiago,1710,Consumers,512,30,5.8,30
Santiago,1740,Consumers,364,30,6.4,30
Santiago,1770,Consumers,816,30,6.8,30
Santiago,1800,Consumers,616,30,4.6,30
Santiago,1830,Consumers,630,30,6.2,30
Santiago,1860,Consumers,984,30,6.8,30
Santiago,1890,Consumers,1072,30,9,30
Santiago,1920,Consumers,746,30,8.2,30
Santiago,1950,Consumers,308,30,8.6,30
Santiago,1980,Consumers,318,30,7.2,30
Santiago,2010,Consumers,24,30,6.8,30
Azul,1260,Consumers,160,50,5.4,50
Azul,1290,Consumers,579,50,6.8,50
Azul,1320,Consumers,222,50,7,50
Azul,1350,Consumers,172,50,7,50
Azul,1380,Consumers,20,50,NA,50
Azul,1410,Consumers,104,50,5.6,50
Azul,1440,Consumers,116,50,9,50
Azul,1470,Consumers,294,50,6.8,50
Azul,1500,Consumers,204,50,7.6,50
Azul,1530,Consumers,76,50,4.4,50
Azul,1560,Consumers,48,50,6.4,50
Azul,1590,Consumers,16,50,NA,50
Azul,1620,Consumers,8,50,NA,50
Azul,1650,Consumers,148,50,5.8,50
Azul,1680,Consumers,272,50,6.4,50
Azul,1710,Consumers,134,50,8.8,50
Azul,1740,Consumers,86,50,4.2,50
Azul,1770,Consumers,374,50,7.6,50
Azul,1800,Consumers,290,50,7,50
Azul,1830,Consumers,344,50,8,50
Azul,1860,Consumers,102,50,8.6,50
Azul,1890,Consumers,48,50,6,50
Azul,1920,Consumers,16,50,NA,50
Azul,1950,Consumers,66,50,8,50
Caldeirao,0,Consumers,41,50,7.8,50
Caldeirao,30,Consumers,155,50,6.6,50
Caldeirao,60,Consumers,69,50,5.8,50
Caldeirao,90,Consumers,44,50,6.6,50
Caldeirao,180,Consumers,98,50,6.8,50
Caldeirao,210,Consumers,238,50,6.8,50
Caldeirao,270,Consumers,150,50,6.4,50
Caldeirao,330,Consumers,147,50,6.6,50
Caldeirao,420,Consumers,198,50,6.6,50
Caldeirao,480,Consumers,212,50,6.8,50
Caldeirao,540,Consumers,63,50,7,50
Caldeirao,600,Consumers,108,50,6.4,50
Caldeirao,660,Consumers,127,50,6.8,50
Caldeirao,750,Consumers,185,50,6.6,50
Caldeirao,780,Consumers,122,50,6.8,50
Caldeirao,840,Consumers,81,50,7.6,50
Caldeirao,870,Consumers,144,50,7.2,50
Caldeirao,900,Consumers,44,50,8,50
Caldeirao,930,Consumers,113,50,7,50
Caldeirao,960,Consumers,99,50,8,50
Caldeirao,990,Consumers,96,50,7.4,50
Caldeirao,1110,Consumers,133,50,7.6,50
Caldeirao,1230,Consumers,233,50,7.8,50
Caldeirao,1260,Consumers,268,50,9.2,50
Caldeirao,1290,Consumers,416,50,7.6,50
Caldeirao,1320,Consumers,204,50,7.4,50
Caldeirao,1410,Consumers,176,50,6.6,50
Caldeirao,1530,Consumers,84,50,6.4,50
Caldeirao,1560,Consumers,9,50,NA,50
Caldeirao,1620,Consumers,276,50,3.8,50
Caldeirao,1680,Consumers,47,50,7.4,50
Caldeirao,1710,Consumers,106,50,5.4,50
Caldeirao,1740,Consumers,42,50,8.6,50
Caldeirao,1800,Consumers,35,50,7.4,50
Caldeirao,1830,Consumers,28,50,7.8,50
Caldeirao,1860,Consumers,30,50,8,50
Caldeirao,1890,Consumers,30,50,6.8,50
Caldeirao,1950,Consumers,32,50,7.6,50
Caldeirao,1980,Consumers,26,50,8,50
Caveiro,30,Consumers,377,50,9.8,50
Caveiro,60,Consumers,8,50,NA,50
Caveiro,90,Consumers,102,50,8.4,50
Caveiro,150,Consumers,197,50,8.4,50
Caveiro,240,Consumers,81,50,7,50
Caveiro,270,Consumers,129,50,7,50
Caveiro,300,Consumers,265,50,8.6,50
Caveiro,390,Consumers,234,50,7,50
Caveiro,480,Consumers,251,50,8,50
Caveiro,540,Consumers,143,50,7.6,50
Caveiro,630,Consumers,237,50,7.8,50
Caveiro,750,Consumers,399,50,6.6,50
Caveiro,900,Consumers,483,50,6.6,50
Caveiro,990,Consumers,383,50,5.8,50
Caveiro,1050,Consumers,371,50,6.4,50
Caveiro,1080,Consumers,65,50,6.4,50
Caveiro,1140,Consumers,144,50,6,50
Caveiro,1170,Consumers,412,50,6,50
Caveiro,1260,Consumers,368,50,6.2,50
Caveiro,1320,Consumers,133,50,5.4,50
Caveiro,1350,Consumers,176,50,5.8,50
Caveiro,1440,Consumers,128,50,5.6,50
Caveiro,1530,Consumers,70,50,7.2,50
Caveiro,1560,Consumers,45,50,7.4,50
Caveiro,1620,Consumers,58,50,6.8,50
Caveiro,1710,Consumers,29,50,6.8,50
Caveiro,1740,Consumers,62,50,7.6,50
Caveiro,1800,Consumers,26,50,6,50
Caveiro,1860,Consumers,63,50,6.2,50
Empadadas Norte,1380,Consumers,397,50,6,50
Empadadas Norte,1410,Consumers,2509,50,5.8,50
Empadadas Norte,1440,Consumers,2352,50,5.8,50
Empadadas Norte,1470,Consumers,1678,50,6,50
Empadadas Norte,1500,Consumers,1257,50,6.6,50
Empadadas Norte,1530,Consumers,1565,50,5.4,50
Empadadas Norte,1560,Consumers,894,50,5.4,50
Empadadas Norte,1590,Consumers,473,50,7.4,50
Empadadas Norte,1620,Consumers,576,50,7.2,50
Empadadas Norte,1650,Consumers,831,50,4.8,50
Empadadas Norte,1680,Consumers,795,50,6.4,50
Empadadas Norte,1710,Consumers,769,50,6.8,50
Empadadas Norte,1740,Consumers,726,50,6.2,50
Empadadas Norte,1770,Consumers,512,50,6.4,50
Empadadas Norte,1800,Consumers,812,50,7.2,50
Empadadas Norte,1830,Consumers,553,50,7.2,50
Empadadas Norte,1860,Consumers,74,50,7.2,50
Empadadas Norte,1890,Consumers,291,50,7.2,50
Empadadas Norte,1920,Consumers,306,50,8.2,50
Empadadas Norte,1950,Consumers,160,50,9,50
Empadadas Norte,1980,Consumers,221,50,8.6,50
Empadadas Norte,2010,Consumers,75,50,10.4,50
Funda,930,Consumers,3,50,NA,50
Funda,960,Consumers,3,50,NA,50
Funda,990,Consumers,12,50,NA,50
Funda,1020,Consumers,31.5,50,7.4,50
Funda,1050,Consumers,51.5,50,8.8,50
Funda,1080,Consumers,87,50,9.4,50
Funda,1110,Consumers,21.5,50,NA,50
Funda,1140,Consumers,68,50,6.8,50
Funda,1170,Consumers,21,50,NA,50
Funda,1200,Consumers,5,50,NA,50
Funda,1230,Consumers,32,50,8.4,50
Funda,1260,Consumers,19.5,50,NA,50
Funda,1290,Consumers,25.5,50,10.8,50
Funda,1320,Consumers,63.5,50,7,50
Funda,1350,Consumers,72,50,6.8,50
Funda,1380,Consumers,91,50,7.6,50
Funda,1410,Consumers,55.5,50,5.6,50
Funda,1440,Consumers,8,50,NA,50
Funda,1470,Consumers,3,50,NA,50
Funda,1530,Consumers,21,50,NA,50
Funda,1590,Consumers,3,50,NA,50
Funda,1620,Consumers,2,50,NA,50
Funda,1710,Consumers,2,50,NA,50
Funda,1770,Consumers,2,50,NA,50
Funda,1950,Consumers,1,50,NA,50
Funda,1980,Consumers,11,50,NA,50
Ginjal,1410,Consumers,75,50,7.8,50
Ginjal,1440,Consumers,101,50,5,50
Ginjal,1470,Consumers,177,50,3.2,50
Ginjal,1500,Consumers,161,50,4.8,50
Ginjal,1530,Consumers,107,50,5.8,50
Ginjal,1560,Consumers,348,50,5.6,50
Ginjal,1590,Consumers,189,50,6.6,50
Ginjal,1620,Consumers,186,50,6.6,50
Ginjal,1650,Consumers,92,50,6.2,50
Ginjal,1680,Consumers,93,50,6.6,50
Ginjal,1710,Consumers,93,50,6.4,50
Ginjal,1740,Consumers,47,50,6.4,50
Ginjal,1770,Consumers,77,50,7,50
Ginjal,1800,Consumers,69,50,6.6,50
Ginjal,1830,Consumers,39,50,9,50
Ginjal,1860,Consumers,29,50,6.6,50
Ginjal,1890,Consumers,17,50,NA,50
Ginjal,1920,Consumers,22,50,NA,50
Ginjal,1950,Consumers,40,50,5.8,50
Ginjal,1980,Consumers,153,50,5.8,50
Ginjal,2010,Consumers,54,50,4.4,50
Peixinho,0,Consumers,213,50,6.4,50
Peixinho,180,Consumers,223,50,5.4,50
Peixinho,360,Consumers,229,50,5.8,50
Peixinho,510,Consumers,211,50,6.4,50
Peixinho,600,Consumers,223,50,5.8,50
Peixinho,930,Consumers,610,50,6.2,50
Peixinho,960,Consumers,679,50,5.8,50
Peixinho,990,Consumers,205,50,5.8,50
Peixinho,1020,Consumers,343,50,6.2,50
Peixinho,1080,Consumers,246,50,6.6,50
Peixinho,1110,Consumers,804,50,5.8,50
Peixinho,1140,Consumers,420,50,7.2,50
Peixinho,1170,Consumers,210,50,6.2,50
Peixinho,1200,Consumers,225,50,5.4,50
Peixinho,1230,Consumers,387,50,6.4,50
Peixinho,1260,Consumers,210,50,5.8,50
Peixinho,1290,Consumers,425,50,6.8,50
Peixinho,1320,Consumers,299,50,7.2,50
Peixinho,1350,Consumers,38,50,6.8,50
Peixinho,1410,Consumers,46,50,5.8,50
Peixinho,1500,Consumers,22,50,NA,50
Peixinho,1620,Consumers,32,50,6.8,50
Peixinho,1710,Consumers,26,50,6,50
Peixinho,1830,Consumers,55,50,7.2,50
Peixinho,1920,Consumers,26,50,5.8,50
Peixinho,1980,Consumers,219,50,8,50
Peixinho,2010,Consumers,46,50,7.8,50
Prata,720,Consumers,140,50,6.8,50
Prata,810,Consumers,145,50,7.2,50
Prata,900,Consumers,153,50,7,50
Prata,1020,Consumers,189,50,7.8,50
Prata,1080,Consumers,132,50,6.8,50
Prata,1110,Consumers,101,50,7.2,50
Prata,1140,Consumers,115,50,6.6,50
Prata,1170,Consumers,128,50,7,50
Prata,1200,Consumers,119,50,6.2,50
Prata,1230,Consumers,126,50,7.8,50
Prata,1260,Consumers,111,50,6.8,50
Prata,1290,Consumers,230,50,8,50
Prata,1320,Consumers,25,50,7,50
Prata,1350,Consumers,52,50,7.4,50
Prata,1410,Consumers,115,50,9,50
Prata,1440,Consumers,51,50,8.2,50
Prata,1470,Consumers,346,50,7.2,50
Prata,1500,Consumers,237,50,8,50
Prata,1530,Consumers,355,50,7.8,50
Prata,1560,Consumers,208,50,7,50
Prata,1590,Consumers,140,50,5,50
Prata,1620,Consumers,268,50,7,50
Prata,1650,Consumers,348,50,5.2,50
Prata,1680,Consumers,257,50,5.8,50
Prata,1710,Consumers,265,50,6.6,50
Prata,1740,Consumers,171,50,6.2,50
Prata,1770,Consumers,292,50,5.8,50
Prata,1800,Consumers,255,50,6.2,50
Prata,1830,Consumers,287,50,5.2,50
Prata,1860,Consumers,147,50,6.8,50
Prata,1890,Consumers,215,50,7,50
Prata,1920,Consumers,310,50,6.6,50
Prata,1950,Consumers,72,50,4.8,50
Prata,1980,Consumers,44,50,4.2,50
Santiago,1590,Consumers,366,50,7.4,50
Santiago,1620,Consumers,628,50,6.8,50
Santiago,1650,Consumers,852,50,6.4,50
Santiago,1680,Consumers,424,50,5.8,50
Santiago,1710,Consumers,512,50,6.2,50
Santiago,1740,Consumers,364,50,7,50
Santiago,1770,Consumers,816,50,7.8,50
Santiago,1800,Consumers,616,50,6.2,50
Santiago,1830,Consumers,630,50,6.4,50
Santiago,1860,Consumers,984,50,7,50
Santiago,1890,Consumers,1072,50,11.2,50
Santiago,1920,Consumers,746,50,10.6,50
Santiago,1950,Consumers,308,50,10.2,50
Santiago,1980,Consumers,318,50,10,50
Santiago,2010,Consumers,24,50,NA,50
