lake,first_onset_after_min_ce_Producers,first_onset_after_min_ce_Consumers,total_dca_change_Producers,total_dca_change_Consumers,onset_min_ce,onset_diff_ce,magnitude_diff,onset_leader,resolution
Azul,1486.1262626262626,1740.118383838384,1.878576902745744,1.3433481269523142,800,-253.99212121212145,0.5352287757934298,Producers earlier,species
Caldeirao,1139.0788888888892,1152.086666666667,1.6292646022729917,1.357747723373917,800,-13.007777777777846,0.2715168788990747,Similar timing,species
Caveiro,1634.151515151515,1409.121212121212,1.6268619853811466,1.6315752337919422,800,225.030303030303,-0.0047132484107956785,Consumers earlier,species
Empadadas Norte,1436.1152684848482,1778.635104828283,1.722556722594922,1.7327590504225028,800,-342.5198363434347,-0.010202327827580682,Producers earlier,species
Funda,1230.2549494949494,1443.3741414141414,2.1884357369113685,2.588696861703914,800,-213.11919191919196,-0.4002611247925456,Producers earlier,species
Ginjal,1426,1545.979797979798,2.2252536199899353,1.617572976050617,800,-119.97979797979792,0.6076806439393183,Producers earlier,species
Peixinho,998.2993939393941,1545.9927272727273,2.2457639519019503,0.5122427258927388,800,-547.6933333333332,1.7335212260092114,Producers earlier,species
Prata,1138.979797979798,1316.5959595959596,3.702467351123814,1.7234929112782933,800,-177.61616161616166,1.9789744398455207,Producers earlier,species
Santiago,1951.5959595959596,1851.4747474747476,1.3963429534532608,1.4852962805115504,800,100.12121212121201,-0.08895332705828962,Consumers earlier,species
Azul,1508.050505050505,1746.9634343434345,1.6110250773587826,1.3433481269523142,800,-238.91292929292945,0.26767695040646844,Producers earlier,genus_diatoms
Caldeirao,1101.4747474747478,1152.086666666667,1.3565318335310919,1.357747723373917,800,-50.61191919191924,-0.0012158898428251685,Producers earlier,genus_diatoms
Caveiro,NA,1409.121212121212,1.235086837139423,1.6315752337919422,800,NA,-0.3964883966525192,Consumers only,genus_diatoms
Empadadas Norte,1926.053091070707,1778.635104828283,1.1872999443779841,1.7327590504225028,800,147.41798624242415,-0.5454591060445186,Consumers earlier,genus_diatoms
Funda,1262.2228282828282,1443.3741414141414,1.4756196426735477,2.588696861703914,800,-181.15131313131315,-1.1130772190303664,Producers earlier,genus_diatoms
Ginjal,1426,1545.979797979798,1.6584900928328281,1.617572976050617,800,-119.97979797979792,0.040917116782211105,Producers earlier,genus_diatoms
Peixinho,1021.9654545454546,1545.9927272727273,1.6338689252208365,0.5122427258927388,800,-524.0272727272727,1.1216261993280976,Producers earlier,genus_diatoms
Prata,1138.979797979798,1316.5959595959596,2.6822553618893554,1.7234929112782933,800,-177.61616161616166,0.9587624506110621,Producers earlier,genus_diatoms
Santiago,1863.989898989899,1851.4747474747476,1.2645678414734014,1.4852962805115504,800,12.515151515151501,-0.22072843903814898,Similar timing,genus_diatoms
Azul,1493.4343434343434,1727.2929292929293,0.9739297380244749,0.7215412714875005,800,-233.8585858585859,0.25238846653697444,Producers earlier,guild
Caldeirao,1000.9278787878789,1303.2454545454548,0.5181096317815419,0.703382922628092,800,-302.3175757575759,-0.1852732908465501,Producers earlier,guild
Caveiro,NA,1158.090909090909,0.6346399562091756,0.39355517032297627,800,NA,0.2410847858861993,Consumers only,guild
Empadadas Norte,1407.7135170000001,1784.7157865959596,0.3500361203434924,0.5759861718517973,800,-377.00226959595943,-0.22595005150830494,Producers earlier,guild
Funda,1592.5575757575757,1358.1264646464647,0.9482607081584674,0.9321920047102938,800,234.43111111111102,0.01606870344817357,Consumers earlier,guild
Ginjal,1426,1426,0.7159649809195519,0.8750316290638227,800,0,-0.15906664814427085,Similar timing,guild
Peixinho,NA,NA,0.7373124713241591,0.3308491707978024,800,NA,0.4064633005263567,Neither detected,guild
Prata,1177.0404040404042,1532.2727272727273,0.9748122768181858,0.646571239029972,800,-355.2323232323231,0.3282410377882138,Producers earlier,guild
Santiago,1597,1847.3030303030303,0.5482122464973882,0.5659396043298554,800,-250.30303030303025,-0.01772735783246715,Producers earlier,guild
