age_ce,n_lakes,period
0,2,pre_700
30,3,pre_700
60,2,pre_700
90,2,pre_700
150,1,pre_700
180,3,pre_700
210,2,pre_700
240,1,pre_700
270,2,pre_700
300,1,pre_700
330,2,pre_700
360,2,pre_700
390,2,pre_700
420,2,pre_700
480,2,pre_700
510,2,pre_700
540,3,pre_700
570,1,pre_700
600,3,pre_700
630,2,pre_700
660,1,pre_700
690,1,pre_700
720,1,700_999
750,3,700_999
780,2,700_999
810,1,700_999
840,2,700_999
870,2,700_999
900,4,700_999
930,3,700_999
960,4,700_999
990,4,700_999
1020,3,1000_1399
1050,3,1000_1399
1080,4,1000_1399
1110,4,1000_1399
1140,4,1000_1399
1170,4,1000_1399
1200,5,1000_1399
1230,4,1000_1399
1260,6,1000_1399
1290,6,1000_1399
1320,6,1000_1399
1350,6,1000_1399
1380,5,1000_1399
1410,7,1400_present
1440,7,1400_present
1470,6,1400_present
1500,7,1400_present
1530,7,1400_present
1560,6,1400_present
1590,7,1400_present
1620,9,1400_present
1650,7,1400_present
1680,7,1400_present
1710,9,1400_present
1740,8,1400_present
1770,7,1400_present
1800,8,1400_present
1830,8,1400_present
1860,7,1400_present
1890,8,1400_present
1920,9,1400_present
1950,8,1400_present
1980,8,1400_present
2010,5,1400_present
