slice,method,n,estimate,p.value
overall,pearson,65,-0.3738006126149257,0.0021606070766500333
overall,spearman,65,-0.41004851649815294,6.931749205220493e-4
Phase 1 (<750),pearson,23,-0.4569433421871037,0.028380119348083585
Phase 1 (<750),spearman,23,-0.47590809458800104,0.021708377768820026
Phase 2 (750<e2><80><93>1050),pearson,10,0.5899171540228142,0.07263500222737863
Phase 2 (750<e2><80><93>1050),spearman,10,0.5878787878787879,0.0802150639781516
Phase 3 (1050<e2><80><93>1450),pearson,14,-0.24048789372979873,0.4075637911886846
Phase 3 (1050<e2><80><93>1450),spearman,14,-0.34065934065934067,0.23342825685400018
Phase 4 (1450<e2><80><93>1750),pearson,10,0.34366006578522595,0.33091326948458605
Phase 4 (1450<e2><80><93>1750),spearman,10,0.1636363636363636,0.656721421523199
Phase 5 (>1750),pearson,8,0.6125743256042647,0.10641037455258755
Phase 5 (>1750),spearman,8,0.4761904761904763,0.24305555555555555
post_1300,pearson,23,0.22613572061246087,0.299480803481627
post_1300,spearman,23,0.2569804872126278,0.2365257850672036
pre_1300,pearson,42,0.010002751027955762,0.9498696986478253
pre_1300,spearman,42,-0.032576985520257305,0.8377238184914197
