method,n,estimate,p.value,response,era
pearson,40,0.13061648539358367,0.4217746942816679,arboreal_pct,pre_1300
spearman,40,0.10066138197667984,0.5365597527787243,arboreal_pct,pre_1300
pearson,23,0.19416227593920232,0.3746846629149462,arboreal_pct,post_1300
spearman,23,0.31875464279258636,0.1382257337186895,arboreal_pct,post_1300
pearson,63,0.37510036335911173,0.002452978121392284,arboreal_pct,all
spearman,63,0.4326912694073527,3.97548051383979e-4,arboreal_pct,all
pearson,40,-0.026778812833324877,0.8697131710961223,estimate,pre_1300
spearman,40,-0.14353393702173362,0.3769175485804712,estimate,pre_1300
pearson,23,0.22613572061246087,0.299480803481627,estimate,post_1300
spearman,23,0.2569804872126278,0.2365257850672036,estimate,post_1300
pearson,63,-0.36348689246780846,0.0034094493697175215,estimate,all
spearman,63,-0.4377077710607691,3.3394898563608353e-4,estimate,all
