window_start,window_end,midpoint,scenario,Pure Climate,Pure Vegetation,tephra_fallback,p_pure_A,p_pure_B,effect_diff,effect_group,sig_clim,sig_veg,direction,alpha_flag,column
90,390,240,NAO_veg,0.0023947850015498817,0,FALSE,0.329,0.988,-0.0023947850015498817,Climate > VegChange,FALSE,FALSE,clim,0.25,NAO + vegetation
120,420,270,NAO_veg,0.006549206330691337,7.971299749023331e-4,FALSE,0.304,0.33,-0.005752076355789004,Climate > VegChange,FALSE,FALSE,clim,0.25,NAO + vegetation
240,540,390,NAO_veg,0.04888764269688961,0,FALSE,0.082,0.4,-0.04888764269688961,Climate > VegChange,FALSE,FALSE,clim,0.25,NAO + vegetation
270,570,420,NAO_veg,0.030423639001033287,0,FALSE,0.085,0.404,-0.030423639001033287,Climate > VegChange,FALSE,FALSE,clim,0.25,NAO + vegetation
300,600,450,NAO_veg,0.019040729576499604,0,FALSE,0.159,0.574,-0.019040729576499604,Climate > VegChange,FALSE,FALSE,clim,0.25,NAO + vegetation
390,690,540,NAO_veg,0,0.0013183267921061947,FALSE,0.853,0.343,0.0013183267921061947,VegChange > Climate (pre-750),FALSE,FALSE,veg,0.25,NAO + vegetation
450,750,600,NAO_veg,0,0.0017042663629294186,FALSE,0.727,0.356,0.0017042663629294186,VegChange > Climate (pre-750),FALSE,FALSE,veg,0.25,NAO + vegetation
600,900,750,NAO_veg,0,9.899640849356794e-4,FALSE,0.727,0.371,9.899640849356794e-4,VegChange > Climate (post-750),FALSE,FALSE,veg,0.25,NAO + vegetation
630,930,780,NAO_veg,1.607800307751317e-4,4.808330738439448e-4,FALSE,0.39,0.372,3.200530430688131e-4,VegChange > Climate (post-750),FALSE,FALSE,veg,0.25,NAO + vegetation
810,1110,960,NAO_veg,0,0.014458396342239666,FALSE,0.643,0.162,0.014458396342239666,VegChange > Climate (post-750),FALSE,FALSE,veg,0.25,NAO + vegetation
840,1140,990,NAO_veg,0.0018369259179555897,0,FALSE,0.31,0.521,-0.0018369259179555897,Climate > VegChange,FALSE,FALSE,clim,0.25,NAO + vegetation
870,1170,1020,NAO_veg,0.010925603721556931,0.006684539465701245,FALSE,0.171,0.228,-0.004241064255855687,Climate > VegChange,FALSE,FALSE,clim,0.25,NAO + vegetation
900,1200,1050,NAO_veg,0.006454550110891022,0.006843201787436248,FALSE,0.244,0.23,3.8865167654522637e-4,VegChange > Climate (post-750),FALSE,FALSE,veg,0.25,NAO + vegetation
930,1230,1080,NAO_veg,0.004493169992665469,0.028747059991332535,FALSE,0.267,0.049,0.024253889998667066,VegChange > Climate (post-750),FALSE,TRUE,veg,1,NAO + vegetation
960,1260,1110,NAO_veg,0.012858599300114237,0.04742799224056948,FALSE,0.137,0.009,0.034569392940455246,VegChange > Climate (post-750),FALSE,TRUE,veg,1,NAO + vegetation
990,1290,1140,NAO_veg,0,0.055558852376507706,FALSE,0.572,0.004,0.055558852376507706,VegChange > Climate (post-750),FALSE,TRUE,veg,1,NAO + vegetation
1020,1320,1170,NAO_veg,0.0023776442575791368,0.042000397543456636,FALSE,0.26,0.003,0.0396227532858775,VegChange > Climate (post-750),FALSE,TRUE,veg,1,NAO + vegetation
1050,1350,1200,NAO_veg,0,0.06414123597997445,FALSE,0.4,0.001,0.06414123597997445,VegChange > Climate (post-750),FALSE,TRUE,veg,1,NAO + vegetation
1080,1380,1230,NAO_veg,0,0.05170951936120605,FALSE,0.407,0.001,0.05170951936120605,VegChange > Climate (post-750),FALSE,TRUE,veg,1,NAO + vegetation
1110,1410,1260,NAO_veg,6.00221308852622e-4,0.051996125873711274,FALSE,0.361,0.001,0.05139590456485865,VegChange > Climate (post-750),FALSE,TRUE,veg,1,NAO + vegetation
1140,1440,1290,NAO_veg,1.8485203526852345e-4,0.03970942516780518,FALSE,0.367,0.001,0.039524573132536656,VegChange > Climate (post-750),FALSE,TRUE,veg,1,NAO + vegetation
1170,1470,1320,NAO_veg,4.294433559597355e-4,0.03612021281809241,FALSE,0.357,0.001,0.03569076946213268,VegChange > Climate (post-750),FALSE,TRUE,veg,1,NAO + vegetation
1200,1500,1350,NAO_veg,0.0019797446595826163,0.028966529694638976,FALSE,0.24,0.002,0.02698678503505636,VegChange > Climate (post-750),FALSE,TRUE,veg,1,NAO + vegetation
1230,1530,1380,NAO_veg,0.0010089648216591307,0.01205112631970906,FALSE,0.28,0.012,0.01104216149804993,VegChange > Climate (post-750),FALSE,TRUE,veg,1,NAO + vegetation
1260,1560,1410,NAO_veg,0,1.7562892626998838e-4,FALSE,0.738,0.367,1.7562892626998838e-4,VegChange > Climate (post-750),FALSE,FALSE,veg,0.25,NAO + vegetation
1290,1590,1440,NAO_veg,0,9.163766959113806e-4,FALSE,0.519,0.278,9.163766959113806e-4,VegChange > Climate (post-750),FALSE,FALSE,veg,0.25,NAO + vegetation
1320,1620,1470,NAO_veg,0,0.002725627928530372,FALSE,0.733,0.123,0.002725627928530372,VegChange > Climate (post-750),FALSE,FALSE,veg,0.25,NAO + vegetation
1350,1650,1500,NAO_veg,0.003545106064694936,0.0027369987474349378,FALSE,0.074,0.117,-8.081073172599984e-4,Climate > VegChange,FALSE,FALSE,clim,0.25,NAO + vegetation
1380,1680,1530,NAO_veg,0.004075567639848732,0.005067724949959218,FALSE,0.104,0.07,9.921573101104864e-4,VegChange > Climate (post-750),FALSE,FALSE,veg,0.25,NAO + vegetation
1410,1710,1560,NAO_veg,0.0025173100736496368,0.011959728092672095,FALSE,0.184,0.023,0.009442418019022458,VegChange > Climate (post-750),FALSE,TRUE,veg,1,NAO + vegetation
1440,1740,1590,NAO_veg,0,0.006883028914217881,FALSE,0.692,0.063,0.006883028914217881,VegChange > Climate (post-750),FALSE,FALSE,veg,0.25,NAO + vegetation
1470,1770,1620,NAO_veg,0,0.013210211120883608,FALSE,0.549,0.028,0.013210211120883608,VegChange > Climate (post-750),FALSE,TRUE,veg,1,NAO + vegetation
1500,1800,1650,NAO_veg,0.002581065416185524,0.011844221484497375,FALSE,0.201,0.045,0.00926315606831185,VegChange > Climate (post-750),FALSE,TRUE,veg,1,NAO + vegetation
1530,1830,1680,NAO_veg,0.008299592636845654,0.010578865162579998,FALSE,0.108,0.05,0.002279272525734344,VegChange > Climate (post-750),FALSE,FALSE,veg,0.25,NAO + vegetation
1560,1860,1710,NAO_veg,0.008145199612828335,0.003921393658478434,FALSE,0.092,0.176,-0.004223805954349902,Climate > VegChange,FALSE,FALSE,clim,0.25,NAO + vegetation
1590,1890,1740,NAO_veg,0.006998050344968809,0,FALSE,0.101,0.613,-0.006998050344968809,Climate > VegChange,FALSE,FALSE,clim,0.25,NAO + vegetation
1620,1920,1770,NAO_veg,0.006817945567782591,0,FALSE,0.102,0.631,-0.006817945567782591,Climate > VegChange,FALSE,FALSE,clim,0.25,NAO + vegetation
1650,1950,1800,NAO_veg,0.002228557241787721,0,FALSE,0.234,0.591,-0.002228557241787721,Climate > VegChange,FALSE,FALSE,clim,0.25,NAO + vegetation
1680,1980,1830,NAO_veg,0,8.769246776086925e-4,FALSE,0.516,0.301,8.769246776086925e-4,VegChange > Climate (post-750),FALSE,FALSE,veg,0.25,NAO + vegetation
1710,2010,1860,NAO_veg,0.003395440666855043,0.010559543332471666,FALSE,0.169,0.045,0.007164102665616623,VegChange > Climate (post-750),FALSE,TRUE,veg,1,NAO + vegetation
90,390,240,NAO_veg_tephra,0.0023947850015498817,0,TRUE,0.329,0.988,-0.0023947850015498817,Climate > VegChange,FALSE,FALSE,clim,0.25,NAO + vegetation + tephra
120,420,270,NAO_veg_tephra,0.006549206330691337,7.971299749023331e-4,TRUE,0.304,0.33,-0.005752076355789004,Climate > VegChange,FALSE,FALSE,clim,0.25,NAO + vegetation + tephra
240,540,390,NAO_veg_tephra,0.04888764269688961,0,TRUE,0.082,0.4,-0.04888764269688961,Climate > VegChange,FALSE,FALSE,clim,0.25,NAO + vegetation + tephra
270,570,420,NAO_veg_tephra,0.030423639001033287,0,TRUE,0.085,0.404,-0.030423639001033287,Climate > VegChange,FALSE,FALSE,clim,0.25,NAO + vegetation + tephra
300,600,450,NAO_veg_tephra,0.019040729576499604,0,TRUE,0.159,0.574,-0.019040729576499604,Climate > VegChange,FALSE,FALSE,clim,0.25,NAO + vegetation + tephra
390,690,540,NAO_veg_tephra,0,0.008235463949396227,FALSE,0.919,0.278,0.008235463949396227,VegChange > Climate (pre-750),FALSE,FALSE,veg,0.25,NAO + vegetation + tephra
450,750,600,NAO_veg_tephra,0,0.006402794179969584,FALSE,0.816,0.298,0.006402794179969584,VegChange > Climate (pre-750),FALSE,FALSE,veg,0.25,NAO + vegetation + tephra
540,840,690,NAO_veg_tephra,0,9.843661073327681e-5,FALSE,0.558,0.379,9.843661073327681e-5,VegChange > Climate (pre-750),FALSE,FALSE,veg,0.25,NAO + vegetation + tephra
810,1110,960,NAO_veg_tephra,0,0.013270915206348155,FALSE,0.695,0.169,0.013270915206348155,VegChange > Climate (post-750),FALSE,FALSE,veg,0.25,NAO + vegetation + tephra
870,1170,1020,NAO_veg_tephra,0.004427049078128076,0.0015277429076110405,FALSE,0.273,0.292,-0.0028993061705170353,Climate > VegChange,FALSE,FALSE,clim,0.25,NAO + vegetation + tephra
900,1200,1050,NAO_veg_tephra,0.0014786816919482026,0.0020980066338265324,FALSE,0.325,0.327,6.193249418783298e-4,VegChange > Climate (post-750),FALSE,FALSE,veg,0.25,NAO + vegetation + tephra
930,1230,1080,NAO_veg_tephra,0.0033564357825162094,0.028257318149740862,FALSE,0.287,0.062,0.024900882367224653,VegChange > Climate (post-750),FALSE,FALSE,veg,0.25,NAO + vegetation + tephra
960,1260,1110,NAO_veg_tephra,0.009776183015485107,0.048792224838653864,FALSE,0.219,0.016,0.03901604182316876,VegChange > Climate (post-750),FALSE,TRUE,veg,1,NAO + vegetation + tephra
990,1290,1140,NAO_veg_tephra,0,0.05250964139325687,FALSE,0.751,0.005,0.05250964139325687,VegChange > Climate (post-750),FALSE,TRUE,veg,1,NAO + vegetation + tephra
1020,1320,1170,NAO_veg_tephra,0,0.038726200671778566,FALSE,0.448,0.009,0.038726200671778566,VegChange > Climate (post-750),FALSE,TRUE,veg,1,NAO + vegetation + tephra
1050,1350,1200,NAO_veg_tephra,0,0.06550553057113184,FALSE,0.514,0.001,0.06550553057113184,VegChange > Climate (post-750),FALSE,TRUE,veg,1,NAO + vegetation + tephra
1080,1380,1230,NAO_veg_tephra,0,0.05305108944646786,FALSE,0.433,0.001,0.05305108944646786,VegChange > Climate (post-750),FALSE,TRUE,veg,1,NAO + vegetation + tephra
1110,1410,1260,NAO_veg_tephra,3.502301543675257e-4,0.0511172652058689,FALSE,0.383,0.002,0.050767035051501375,VegChange > Climate (post-750),FALSE,TRUE,veg,1,NAO + vegetation + tephra
1140,1440,1290,NAO_veg_tephra,0,0.03503559216267771,FALSE,0.424,0.001,0.03503559216267771,VegChange > Climate (post-750),FALSE,TRUE,veg,1,NAO + vegetation + tephra
1170,1470,1320,NAO_veg_tephra,2.159315939080919e-4,0.030382581880765702,FALSE,0.362,0.001,0.03016665028685761,VegChange > Climate (post-750),FALSE,TRUE,veg,1,NAO + vegetation + tephra
1200,1500,1350,NAO_veg_tephra,0.0018995210490254655,0.024978143731166136,FALSE,0.275,0.004,0.02307862268214067,VegChange > Climate (post-750),FALSE,TRUE,veg,1,NAO + vegetation + tephra
1230,1530,1380,NAO_veg_tephra,8.26119279872306e-4,0.010881366315157126,FALSE,0.336,0.018,0.01005524703528482,VegChange > Climate (post-750),FALSE,TRUE,veg,1,NAO + vegetation + tephra
1260,1560,1410,NAO_veg_tephra,0,1.619646789035034e-4,FALSE,0.712,0.367,1.619646789035034e-4,VegChange > Climate (post-750),FALSE,FALSE,veg,0.25,NAO + vegetation + tephra
1290,1590,1440,NAO_veg_tephra,2.901068278731156e-4,9.718831764063962e-4,FALSE,0.362,0.25,6.817763485332806e-4,VegChange > Climate (post-750),FALSE,FALSE,veg,0.25,NAO + vegetation + tephra
1320,1620,1470,NAO_veg_tephra,0,0.002725627928530372,TRUE,0.733,0.123,0.002725627928530372,VegChange > Climate (post-750),FALSE,FALSE,veg,0.25,NAO + vegetation + tephra
1350,1650,1500,NAO_veg_tephra,0.003545106064694936,0.0027369987474349378,TRUE,0.074,0.117,-8.081073172599984e-4,Climate > VegChange,FALSE,FALSE,clim,0.25,NAO + vegetation + tephra
1380,1680,1530,NAO_veg_tephra,0.004075567639848732,0.005067724949959218,TRUE,0.104,0.07,9.921573101104864e-4,VegChange > Climate (post-750),FALSE,FALSE,veg,0.25,NAO + vegetation + tephra
1410,1710,1560,NAO_veg_tephra,0.0025173100736496368,0.011959728092672095,TRUE,0.184,0.023,0.009442418019022458,VegChange > Climate (post-750),FALSE,TRUE,veg,1,NAO + vegetation + tephra
1440,1740,1590,NAO_veg_tephra,0,0.006883028914217881,TRUE,0.692,0.063,0.006883028914217881,VegChange > Climate (post-750),FALSE,FALSE,veg,0.25,NAO + vegetation + tephra
1470,1770,1620,NAO_veg_tephra,0,0.013210211120883608,TRUE,0.549,0.028,0.013210211120883608,VegChange > Climate (post-750),FALSE,TRUE,veg,1,NAO + vegetation + tephra
1500,1800,1650,NAO_veg_tephra,0.002581065416185524,0.011844221484497375,TRUE,0.201,0.045,0.00926315606831185,VegChange > Climate (post-750),FALSE,TRUE,veg,1,NAO + vegetation + tephra
1530,1830,1680,NAO_veg_tephra,0.008299592636845654,0.010578865162579998,TRUE,0.108,0.05,0.002279272525734344,VegChange > Climate (post-750),FALSE,FALSE,veg,0.25,NAO + vegetation + tephra
1560,1860,1710,NAO_veg_tephra,0.008145199612828335,0.003921393658478434,TRUE,0.092,0.176,-0.004223805954349902,Climate > VegChange,FALSE,FALSE,clim,0.25,NAO + vegetation + tephra
1590,1890,1740,NAO_veg_tephra,0.006998050344968809,0,TRUE,0.101,0.613,-0.006998050344968809,Climate > VegChange,FALSE,FALSE,clim,0.25,NAO + vegetation + tephra
1620,1920,1770,NAO_veg_tephra,0.006817945567782591,0,TRUE,0.102,0.631,-0.006817945567782591,Climate > VegChange,FALSE,FALSE,clim,0.25,NAO + vegetation + tephra
1650,1950,1800,NAO_veg_tephra,0.002228557241787721,0,TRUE,0.234,0.591,-0.002228557241787721,Climate > VegChange,FALSE,FALSE,clim,0.25,NAO + vegetation + tephra
1680,1980,1830,NAO_veg_tephra,0,8.769246776086925e-4,TRUE,0.516,0.301,8.769246776086925e-4,VegChange > Climate (post-750),FALSE,FALSE,veg,0.25,NAO + vegetation + tephra
1710,2010,1860,NAO_veg_tephra,0.003395440666855043,0.010559543332471666,TRUE,0.169,0.045,0.007164102665616623,VegChange > Climate (post-750),FALSE,TRUE,veg,1,NAO + vegetation + tephra
