lake,age_ce,event,source
Azul,1270,"Sete Cidades P17 eruption (sub-Plinian, hydromagmatic)",S<U+00E1>ez et al. 2025
Caveiro,-1050,Coarse dark basaltic ash (VF3/VF6); no subaerial equivalent identified,S<U+00E1>ez et al. 2025
Caveiro,100,"Possible tephra, source unknown",Bj<U+00F6>rck et al. 2006
Caveiro,500,"Possible tephra, source unknown",Bj<U+00F6>rck et al. 2006
Caveiro,650,Basaltic tephra; same age as Peixinho tephra (~630<U+2013>670 CE) and CP21 lava (602<U+2013>663 cal CE),Bj<U+00F6>rck et al. 2006
Caveiro,950,"Basaltic tephra from a proximal Planalto da Achada eruption; best age match the CP20 eruption (1105<U+00B1>45 BP = 893<U+2013>986 cal CE; lava site PI16, ~2.6 km from Caveiro)",Bj<U+00F6>rck et al. 2006
Caveiro,1000,Approximate medieval tephra tie-point (verify) = Cav-A basaltic tephra,Bj<U+00F6>rck et al. 2006
Caveiro,1350,"Possible tephra, source unknown",Bj<U+00F6>rck et al. 2006
Caveiro,1615,"Possible tephra, source unknown (Pico historical eruptions 1562<U+2013>64 / 1718 / 1720 are nearer in space and time than Furnas 1630)",Bj<U+00F6>rck et al. 2006
Empadadas Norte,1300,Sete Cidades P17 eruption,Hern<U+00E1>ndez et al. 2017
Empadadas Norte,1441,Fine-grained tephra layer: secondary deposit from Furnas I eruption (1439<U+2013>43 CE),Hern<U+00E1>ndez et al. 2017
Empadadas Norte,1563,Fine-grained tephra layer: secondary deposit from Fogo 1563 CE eruption,Hern<U+00E1>ndez et al. 2017
Ginjal,1400,"Basal ash (VF1), possibly Pico Alto (or fissure zone / Santa B<U+00E1>rbara); source uncertain",S<U+00E1>ez et al. 2025
Peixinho,650,Basaltic scoria lapilli from a proximal Planalto da Achada eruption,Raposeiro et al. 2021
Prata,640,Sete Cidades P15 eruption,Raposeiro et al. 2024
Prata,920,Pico do Carv<U+00E3>o basaltic eruption (Picos Fissural System; cone 1.5 km N of Prata),Raposeiro et al. 2024
Prata,1235,Sete Cidades P17 eruption,Raposeiro et al. 2024
Santiago,1290,Sete Cidades P17 eruption,V<U+00E1>zquez-Loureiro et al. 2023
