phase,component,value_full,value_ex,delta
Phase 1,Pure NAO_Median_Value,0,0,0
Phase 1,Pure estimate,0,0,0
Phase 1,Shared,0,0,0
Phase 2,Pure NAO_Median_Value,0,0,0
Phase 2,Pure estimate,0,0,0
Phase 2,Shared,0,0,0
Phase 3,Pure NAO_Median_Value,0.08763191653365532,0.08763191653365532,0
Phase 3,Pure estimate,0.5590523933206534,0.5590523933206534,0
Phase 3,Shared,0,0,0
Phase 4,Pure NAO_Median_Value,0,0,0
Phase 4,Pure estimate,0.253715361892923,0.26650100671461163,0.012785644821688646
Phase 4,Shared,0.0024048939750200837,0,-0.0024048939750200837
Phase 5,Pure NAO_Median_Value,0.11437535018047906,0.11437535018047906,0
Phase 5,Pure estimate,0.13993548856310078,0.13993548856310078,0
Phase 5,Shared,0.04310233644338146,0.04310233644338146,0
