amd_clusts,n,high_profile,low_profile,motile,euplanktonic,algivore,detritivore,plantivore,predator,scheme
CTS1,201,0.07696428759129798,0.08483800004520059,0.04766498679626236,0.7905327255672391,0.7864037547913219,0.054132600149049435,0.12673901549353223,0.027749505187987054,k=5 (independent AMD)
CTS2,59,0.42523105336023503,0.11920500158380638,0.3054659673286742,0.1500979777272844,0.1480265003224916,0.7391420603750846,0.10172032819131265,0.011111111111111112,k=5 (independent AMD)
CTS3,203,0.379731848677413,0.21624389326121576,0.31766978460692874,0.08635447345444247,0.7940173374707866,0.07438779057282445,0.05804159022054196,0.0735532817358469,k=5 (independent AMD)
CTS4,137,0.5052717866933903,0.2392856765465716,0.18267295796744942,0.07276957879258858,0.34543651216938576,0.052960523924913926,0.4571476164217595,0.034966296389050334,k=5 (independent AMD)
CTS5,310,0.7265252368710312,0.0765412900025618,0.14594078855196765,0.05099268457443941,0.7344270386231969,0.07704642790718477,0.09898932534243891,0.0863114016755665,k=5 (independent AMD)
CTS1,195,0.07563229111181183,0.0769893829011007,0.04620886059329264,0.8011694653937949,0.7892794267059146,0.051524714341669706,0.12698590851777755,0.027081745306432998,k=6
CTS2,55,0.4359219457292196,0.11590988654415678,0.3014118652127232,0.14675630251390037,0.1269738821641274,0.7601154774381762,0.10099144847850454,0.011919191919191916,k=6
CTS3,154,0.27687211958823793,0.22461046151019648,0.369074166263272,0.12944325263829357,0.7401805192498793,0.11056285380796699,0.08587808719589109,0.06337853974626267,k=6
CTS4,223,0.7150762102110089,0.053860765529571926,0.16472143746710904,0.06634158679231023,0.634349121207013,0.11717346944864612,0.13400986862649525,0.0920460160541684,k=6
CTS5,94,0.4960536028541335,0.2714295619874416,0.17124279529256106,0.06127403986586376,0.2784999653352326,0.040691648867937164,0.5494918871407701,0.014295222060315449,k=6
CTS6,189,0.6594483264486306,0.16396649197938407,0.1433992331571207,0.03318594841486463,0.8490143884508558,0.01003011314564226,0.06082514945927047,0.08013034894423147,k=6
CTS1,195,0.07563229111181183,0.0769893829011007,0.04620886059329264,0.8011694653937949,0.7892794267059146,0.051524714341669706,0.12698590851777755,0.027081745306432998,"k=5 (merged from k=6, manuscript)"
CTS2,55,0.4359219457292196,0.11590988654415678,0.3014118652127232,0.14675630251390037,0.1269738821641274,0.7601154774381762,0.10099144847850454,0.011919191919191916,"k=5 (merged from k=6, manuscript)"
CTS3,154,0.27687211958823793,0.22461046151019648,0.369074166263272,0.12944325263829357,0.7401805192498793,0.11056285380796699,0.08587808719589109,0.06337853974626267,"k=5 (merged from k=6, manuscript)"
CTS4,94,0.4960536028541335,0.2714295619874416,0.17124279529256106,0.06127403986586376,0.2784999653352326,0.040691648867937164,0.5494918871407701,0.014295222060315449,"k=5 (merged from k=6, manuscript)"
CTS5,412,0.6895575936306946,0.10437043130387898,0.1549401350045173,0.051131840060909206,0.7328242073941157,0.0680227550280934,0.10043726687259845,0.08657984837509539,"k=5 (merged from k=6, manuscript)"
