age_ce,amd_clusts,n,prop,scheme
0,CTS1,0,0,k5
0,CTS2,0,0,k5
0,CTS3,0,0,k5
0,CTS4,1,0.2,k5
0,CTS5,4,0.8,k5
30,CTS1,0,0,k5
30,CTS2,0,0,k5
30,CTS3,1,0.14285714285714285,k5
30,CTS4,1,0.14285714285714285,k5
30,CTS5,5,0.7142857142857143,k5
60,CTS1,0,0,k5
60,CTS2,0,0,k5
60,CTS3,0,0,k5
60,CTS4,1,0.3333333333333333,k5
60,CTS5,2,0.6666666666666666,k5
90,CTS1,0,0,k5
90,CTS2,0,0,k5
90,CTS3,0,0,k5
90,CTS4,0,0,k5
90,CTS5,2,1,k5
150,CTS1,0,0,k5
150,CTS2,0,0,k5
150,CTS3,0,0,k5
150,CTS4,0,0,k5
150,CTS5,1,1,k5
180,CTS1,0,0,k5
180,CTS2,0,0,k5
180,CTS3,0,0,k5
180,CTS4,2,0.4,k5
180,CTS5,3,0.6,k5
210,CTS1,0,0,k5
210,CTS2,0,0,k5
210,CTS3,0,0,k5
210,CTS4,0,0,k5
210,CTS5,5,1,k5
240,CTS1,0,0,k5
240,CTS2,0,0,k5
240,CTS3,0,0,k5
240,CTS4,1,1,k5
240,CTS5,0,0,k5
270,CTS1,0,0,k5
270,CTS2,0,0,k5
270,CTS3,0,0,k5
270,CTS4,0,0,k5
270,CTS5,3,1,k5
300,CTS1,0,0,k5
300,CTS2,0,0,k5
300,CTS3,0,0,k5
300,CTS4,2,0.6666666666666666,k5
300,CTS5,1,0.3333333333333333,k5
330,CTS1,0,0,k5
330,CTS2,0,0,k5
330,CTS3,0,0,k5
330,CTS4,0,0,k5
330,CTS5,2,1,k5
360,CTS1,0,0,k5
360,CTS2,0,0,k5
360,CTS3,0,0,k5
360,CTS4,1,0.5,k5
360,CTS5,1,0.5,k5
390,CTS1,0,0,k5
390,CTS2,0,0,k5
390,CTS3,0,0,k5
390,CTS4,1,0.5,k5
390,CTS5,1,0.5,k5
420,CTS1,0,0,k5
420,CTS2,0,0,k5
420,CTS3,0,0,k5
420,CTS4,1,0.5,k5
420,CTS5,1,0.5,k5
480,CTS1,0,0,k5
480,CTS2,0,0,k5
480,CTS3,0,0,k5
480,CTS4,1,0.3333333333333333,k5
480,CTS5,2,0.6666666666666666,k5
510,CTS1,0,0,k5
510,CTS2,0,0,k5
510,CTS3,0,0,k5
510,CTS4,2,1,k5
510,CTS5,0,0,k5
540,CTS1,0,0,k5
540,CTS2,0,0,k5
540,CTS3,1,0.3333333333333333,k5
540,CTS4,0,0,k5
540,CTS5,2,0.6666666666666666,k5
570,CTS1,0,0,k5
570,CTS2,0,0,k5
570,CTS3,0,0,k5
570,CTS4,0,0,k5
570,CTS5,1,1,k5
600,CTS1,0,0,k5
600,CTS2,0,0,k5
600,CTS3,0,0,k5
600,CTS4,1,0.3333333333333333,k5
600,CTS5,2,0.6666666666666666,k5
630,CTS1,0,0,k5
630,CTS2,0,0,k5
630,CTS3,0,0,k5
630,CTS4,1,0.5,k5
630,CTS5,1,0.5,k5
660,CTS1,0,0,k5
660,CTS2,0,0,k5
660,CTS3,0,0,k5
660,CTS4,0,0,k5
660,CTS5,2,1,k5
690,CTS1,0,0,k5
690,CTS2,0,0,k5
690,CTS3,0,0,k5
690,CTS4,0,0,k5
690,CTS5,1,1,k5
720,CTS1,0,0,k5
720,CTS2,0,0,k5
720,CTS3,1,1,k5
720,CTS4,0,0,k5
720,CTS5,0,0,k5
750,CTS1,0,0,k5
750,CTS2,0,0,k5
750,CTS3,0,0,k5
750,CTS4,1,0.3333333333333333,k5
750,CTS5,2,0.6666666666666666,k5
780,CTS1,0,0,k5
780,CTS2,0,0,k5
780,CTS3,0,0,k5
780,CTS4,1,0.3333333333333333,k5
780,CTS5,2,0.6666666666666666,k5
810,CTS1,0,0,k5
810,CTS2,0,0,k5
810,CTS3,1,1,k5
810,CTS4,0,0,k5
810,CTS5,0,0,k5
840,CTS1,0,0,k5
840,CTS2,0,0,k5
840,CTS3,0,0,k5
840,CTS4,0,0,k5
840,CTS5,2,1,k5
870,CTS1,0,0,k5
870,CTS2,0,0,k5
870,CTS3,1,0.3333333333333333,k5
870,CTS4,0,0,k5
870,CTS5,2,0.6666666666666666,k5
900,CTS1,0,0,k5
900,CTS2,0,0,k5
900,CTS3,0,0,k5
900,CTS4,0,0,k5
900,CTS5,4,1,k5
930,CTS1,0,0,k5
930,CTS2,0,0,k5
930,CTS3,0,0,k5
930,CTS4,0,0,k5
930,CTS5,4,1,k5
960,CTS1,0,0,k5
960,CTS2,1,0.14285714285714285,k5
960,CTS3,0,0,k5
960,CTS4,0,0,k5
960,CTS5,6,0.8571428571428571,k5
990,CTS1,0,0,k5
990,CTS2,0,0,k5
990,CTS3,1,0.14285714285714285,k5
990,CTS4,1,0.14285714285714285,k5
990,CTS5,5,0.7142857142857143,k5
1020,CTS1,0,0,k5
1020,CTS2,0,0,k5
1020,CTS3,0,0,k5
1020,CTS4,1,0.2,k5
1020,CTS5,4,0.8,k5
1050,CTS1,0,0,k5
1050,CTS2,0,0,k5
1050,CTS3,1,0.25,k5
1050,CTS4,0,0,k5
1050,CTS5,3,0.75,k5
1080,CTS1,0,0,k5
1080,CTS2,0,0,k5
1080,CTS3,1,0.16666666666666666,k5
1080,CTS4,0,0,k5
1080,CTS5,5,0.8333333333333334,k5
1110,CTS1,0,0,k5
1110,CTS2,0,0,k5
1110,CTS3,0,0,k5
1110,CTS4,0,0,k5
1110,CTS5,8,1,k5
1140,CTS1,0,0,k5
1140,CTS2,0,0,k5
1140,CTS3,1,0.14285714285714285,k5
1140,CTS4,3,0.42857142857142855,k5
1140,CTS5,3,0.42857142857142855,k5
1170,CTS1,1,0.16666666666666666,k5
1170,CTS2,0,0,k5
1170,CTS3,1,0.16666666666666666,k5
1170,CTS4,0,0,k5
1170,CTS5,4,0.6666666666666666,k5
1200,CTS1,1,0.125,k5
1200,CTS2,1,0.125,k5
1200,CTS3,1,0.125,k5
1200,CTS4,0,0,k5
1200,CTS5,5,0.625,k5
1230,CTS1,0,0,k5
1230,CTS2,1,0.125,k5
1230,CTS3,0,0,k5
1230,CTS4,2,0.25,k5
1230,CTS5,5,0.625,k5
1260,CTS1,1,0.05263157894736842,k5
1260,CTS2,1,0.05263157894736842,k5
1260,CTS3,3,0.15789473684210525,k5
1260,CTS4,9,0.47368421052631576,k5
1260,CTS5,5,0.2631578947368421,k5
1290,CTS1,0,0,k5
1290,CTS2,1,0.03571428571428571,k5
1290,CTS3,5,0.17857142857142858,k5
1290,CTS4,17,0.6071428571428571,k5
1290,CTS5,5,0.17857142857142858,k5
1320,CTS1,4,0.25,k5
1320,CTS2,0,0,k5
1320,CTS3,3,0.1875,k5
1320,CTS4,5,0.3125,k5
1320,CTS5,4,0.25,k5
1350,CTS1,4,0.2857142857142857,k5
1350,CTS2,1,0.07142857142857142,k5
1350,CTS3,2,0.14285714285714285,k5
1350,CTS4,5,0.35714285714285715,k5
1350,CTS5,2,0.14285714285714285,k5
1380,CTS1,7,0.5,k5
1380,CTS2,0,0,k5
1380,CTS3,1,0.07142857142857142,k5
1380,CTS4,4,0.2857142857142857,k5
1380,CTS5,2,0.14285714285714285,k5
1410,CTS1,1,0.058823529411764705,k5
1410,CTS2,2,0.11764705882352941,k5
1410,CTS3,3,0.17647058823529413,k5
1410,CTS4,5,0.29411764705882354,k5
1410,CTS5,6,0.35294117647058826,k5
1440,CTS1,1,0.058823529411764705,k5
1440,CTS2,6,0.35294117647058826,k5
1440,CTS3,1,0.058823529411764705,k5
1440,CTS4,4,0.23529411764705882,k5
1440,CTS5,5,0.29411764705882354,k5
1470,CTS1,2,0.08695652173913043,k5
1470,CTS2,10,0.43478260869565216,k5
1470,CTS3,3,0.13043478260869565,k5
1470,CTS4,7,0.30434782608695654,k5
1470,CTS5,1,0.043478260869565216,k5
1500,CTS1,2,0.1,k5
1500,CTS2,9,0.45,k5
1500,CTS3,2,0.1,k5
1500,CTS4,5,0.25,k5
1500,CTS5,2,0.1,k5
1530,CTS1,1,0.05263157894736842,k5
1530,CTS2,4,0.21052631578947367,k5
1530,CTS3,5,0.2631578947368421,k5
1530,CTS4,3,0.15789473684210525,k5
1530,CTS5,6,0.3157894736842105,k5
1560,CTS1,0,0,k5
1560,CTS2,9,0.42857142857142855,k5
1560,CTS3,5,0.23809523809523808,k5
1560,CTS4,4,0.19047619047619047,k5
1560,CTS5,3,0.14285714285714285,k5
1590,CTS1,6,0.3333333333333333,k5
1590,CTS2,0,0,k5
1590,CTS3,3,0.16666666666666666,k5
1590,CTS4,4,0.2222222222222222,k5
1590,CTS5,5,0.2777777777777778,k5
1620,CTS1,5,0.20833333333333334,k5
1620,CTS2,0,0,k5
1620,CTS3,5,0.20833333333333334,k5
1620,CTS4,7,0.2916666666666667,k5
1620,CTS5,7,0.2916666666666667,k5
1650,CTS1,5,0.2777777777777778,k5
1650,CTS2,0,0,k5
1650,CTS3,4,0.2222222222222222,k5
1650,CTS4,7,0.3888888888888889,k5
1650,CTS5,2,0.1111111111111111,k5
1680,CTS1,5,0.25,k5
1680,CTS2,1,0.05,k5
1680,CTS3,6,0.3,k5
1680,CTS4,8,0.4,k5
1680,CTS5,0,0,k5
1710,CTS1,7,0.30434782608695654,k5
1710,CTS2,1,0.043478260869565216,k5
1710,CTS3,5,0.21739130434782608,k5
1710,CTS4,8,0.34782608695652173,k5
1710,CTS5,2,0.08695652173913043,k5
1740,CTS1,4,0.21052631578947367,k5
1740,CTS2,0,0,k5
1740,CTS3,4,0.21052631578947367,k5
1740,CTS4,10,0.5263157894736842,k5
1740,CTS5,1,0.05263157894736842,k5
1770,CTS1,6,0.24,k5
1770,CTS2,0,0,k5
1770,CTS3,4,0.16,k5
1770,CTS4,14,0.56,k5
1770,CTS5,1,0.04,k5
1800,CTS1,5,0.21739130434782608,k5
1800,CTS2,1,0.043478260869565216,k5
1800,CTS3,5,0.21739130434782608,k5
1800,CTS4,7,0.30434782608695654,k5
1800,CTS5,5,0.21739130434782608,k5
1830,CTS1,5,0.16666666666666666,k5
1830,CTS2,1,0.03333333333333333,k5
1830,CTS3,5,0.16666666666666666,k5
1830,CTS4,13,0.43333333333333335,k5
1830,CTS5,6,0.2,k5
1860,CTS1,27,0.5192307692307693,k5
1860,CTS2,0,0,k5
1860,CTS3,8,0.15384615384615385,k5
1860,CTS4,12,0.23076923076923078,k5
1860,CTS5,5,0.09615384615384616,k5
1890,CTS1,26,0.5416666666666666,k5
1890,CTS2,0,0,k5
1890,CTS3,8,0.16666666666666666,k5
1890,CTS4,6,0.125,k5
1890,CTS5,8,0.16666666666666666,k5
1920,CTS1,25,0.4098360655737705,k5
1920,CTS2,4,0.06557377049180328,k5
1920,CTS3,9,0.14754098360655737,k5
1920,CTS4,8,0.13114754098360656,k5
1920,CTS5,15,0.2459016393442623,k5
1950,CTS1,15,0.3333333333333333,k5
1950,CTS2,3,0.06666666666666667,k5
1950,CTS3,12,0.26666666666666666,k5
1950,CTS4,2,0.044444444444444446,k5
1950,CTS5,13,0.28888888888888886,k5
1980,CTS1,30,0.46875,k5
1980,CTS2,2,0.03125,k5
1980,CTS3,13,0.203125,k5
1980,CTS4,6,0.09375,k5
1980,CTS5,13,0.203125,k5
2010,CTS1,1,0.1,k5
2010,CTS2,0,0,k5
2010,CTS3,0,0,k5
2010,CTS4,3,0.3,k5
2010,CTS5,6,0.6,k5
0,CTS1,0,0,k6
0,CTS2,0,0,k6
0,CTS3,0,0,k6
0,CTS4,4,0.8,k6
0,CTS5,0,0,k6
0,CTS6,1,0.2,k6
30,CTS1,0,0,k6
30,CTS2,0,0,k6
30,CTS3,2,0.2857142857142857,k6
30,CTS4,5,0.7142857142857143,k6
30,CTS5,0,0,k6
30,CTS6,0,0,k6
60,CTS1,0,0,k6
60,CTS2,0,0,k6
60,CTS3,0,0,k6
60,CTS4,2,0.6666666666666666,k6
60,CTS5,0,0,k6
60,CTS6,1,0.3333333333333333,k6
90,CTS1,0,0,k6
90,CTS2,0,0,k6
90,CTS3,0,0,k6
90,CTS4,2,1,k6
90,CTS5,0,0,k6
90,CTS6,0,0,k6
150,CTS1,0,0,k6
150,CTS2,0,0,k6
150,CTS3,0,0,k6
150,CTS4,1,1,k6
150,CTS5,0,0,k6
150,CTS6,0,0,k6
180,CTS1,0,0,k6
180,CTS2,0,0,k6
180,CTS3,2,0.4,k6
180,CTS4,3,0.6,k6
180,CTS5,0,0,k6
180,CTS6,0,0,k6
210,CTS1,0,0,k6
210,CTS2,0,0,k6
210,CTS3,0,0,k6
210,CTS4,4,0.8,k6
210,CTS5,0,0,k6
210,CTS6,1,0.2,k6
240,CTS1,0,0,k6
240,CTS2,0,0,k6
240,CTS3,1,1,k6
240,CTS4,0,0,k6
240,CTS5,0,0,k6
240,CTS6,0,0,k6
270,CTS1,0,0,k6
270,CTS2,0,0,k6
270,CTS3,0,0,k6
270,CTS4,3,1,k6
270,CTS5,0,0,k6
270,CTS6,0,0,k6
300,CTS1,0,0,k6
300,CTS2,0,0,k6
300,CTS3,0,0,k6
300,CTS4,2,0.6666666666666666,k6
300,CTS5,0,0,k6
300,CTS6,1,0.3333333333333333,k6
330,CTS1,0,0,k6
330,CTS2,0,0,k6
330,CTS3,0,0,k6
330,CTS4,2,1,k6
330,CTS5,0,0,k6
330,CTS6,0,0,k6
360,CTS1,0,0,k6
360,CTS2,0,0,k6
360,CTS3,0,0,k6
360,CTS4,1,0.5,k6
360,CTS5,0,0,k6
360,CTS6,1,0.5,k6
390,CTS1,0,0,k6
390,CTS2,0,0,k6
390,CTS3,1,0.5,k6
390,CTS4,0,0,k6
390,CTS5,0,0,k6
390,CTS6,1,0.5,k6
420,CTS1,0,0,k6
420,CTS2,0,0,k6
420,CTS3,1,0.5,k6
420,CTS4,1,0.5,k6
420,CTS5,0,0,k6
420,CTS6,0,0,k6
480,CTS1,0,0,k6
480,CTS2,0,0,k6
480,CTS3,1,0.3333333333333333,k6
480,CTS4,2,0.6666666666666666,k6
480,CTS5,0,0,k6
480,CTS6,0,0,k6
510,CTS1,0,0,k6
510,CTS2,0,0,k6
510,CTS3,1,0.5,k6
510,CTS4,0,0,k6
510,CTS5,0,0,k6
510,CTS6,1,0.5,k6
540,CTS1,0,0,k6
540,CTS2,0,0,k6
540,CTS3,0,0,k6
540,CTS4,2,0.6666666666666666,k6
540,CTS5,0,0,k6
540,CTS6,1,0.3333333333333333,k6
570,CTS1,0,0,k6
570,CTS2,0,0,k6
570,CTS3,0,0,k6
570,CTS4,1,1,k6
570,CTS5,0,0,k6
570,CTS6,0,0,k6
600,CTS1,0,0,k6
600,CTS2,0,0,k6
600,CTS3,0,0,k6
600,CTS4,2,0.6666666666666666,k6
600,CTS5,0,0,k6
600,CTS6,1,0.3333333333333333,k6
630,CTS1,0,0,k6
630,CTS2,0,0,k6
630,CTS3,0,0,k6
630,CTS4,1,0.5,k6
630,CTS5,0,0,k6
630,CTS6,1,0.5,k6
660,CTS1,0,0,k6
660,CTS2,0,0,k6
660,CTS3,0,0,k6
660,CTS4,2,1,k6
660,CTS5,0,0,k6
660,CTS6,0,0,k6
690,CTS1,0,0,k6
690,CTS2,0,0,k6
690,CTS3,0,0,k6
690,CTS4,1,1,k6
690,CTS5,0,0,k6
690,CTS6,0,0,k6
720,CTS1,0,0,k6
720,CTS2,0,0,k6
720,CTS3,0,0,k6
720,CTS4,0,0,k6
720,CTS5,1,1,k6
720,CTS6,0,0,k6
750,CTS1,0,0,k6
750,CTS2,0,0,k6
750,CTS3,0,0,k6
750,CTS4,2,0.6666666666666666,k6
750,CTS5,0,0,k6
750,CTS6,1,0.3333333333333333,k6
780,CTS1,0,0,k6
780,CTS2,0,0,k6
780,CTS3,0,0,k6
780,CTS4,2,0.6666666666666666,k6
780,CTS5,0,0,k6
780,CTS6,1,0.3333333333333333,k6
810,CTS1,0,0,k6
810,CTS2,0,0,k6
810,CTS3,0,0,k6
810,CTS4,0,0,k6
810,CTS5,1,1,k6
810,CTS6,0,0,k6
840,CTS1,0,0,k6
840,CTS2,0,0,k6
840,CTS3,0,0,k6
840,CTS4,1,0.5,k6
840,CTS5,0,0,k6
840,CTS6,1,0.5,k6
870,CTS1,0,0,k6
870,CTS2,0,0,k6
870,CTS3,0,0,k6
870,CTS4,3,1,k6
870,CTS5,0,0,k6
870,CTS6,0,0,k6
900,CTS1,0,0,k6
900,CTS2,0,0,k6
900,CTS3,0,0,k6
900,CTS4,4,1,k6
900,CTS5,0,0,k6
900,CTS6,0,0,k6
930,CTS1,0,0,k6
930,CTS2,0,0,k6
930,CTS3,0,0,k6
930,CTS4,4,1,k6
930,CTS5,0,0,k6
930,CTS6,0,0,k6
960,CTS1,0,0,k6
960,CTS2,1,0.14285714285714285,k6
960,CTS3,0,0,k6
960,CTS4,4,0.5714285714285714,k6
960,CTS5,0,0,k6
960,CTS6,2,0.2857142857142857,k6
990,CTS1,0,0,k6
990,CTS2,0,0,k6
990,CTS3,0,0,k6
990,CTS4,7,1,k6
990,CTS5,0,0,k6
990,CTS6,0,0,k6
1020,CTS1,0,0,k6
1020,CTS2,0,0,k6
1020,CTS3,0,0,k6
1020,CTS4,4,0.8,k6
1020,CTS5,0,0,k6
1020,CTS6,1,0.2,k6
1050,CTS1,0,0,k6
1050,CTS2,0,0,k6
1050,CTS3,0,0,k6
1050,CTS4,3,0.75,k6
1050,CTS5,1,0.25,k6
1050,CTS6,0,0,k6
1080,CTS1,0,0,k6
1080,CTS2,0,0,k6
1080,CTS3,0,0,k6
1080,CTS4,4,0.6666666666666666,k6
1080,CTS5,0,0,k6
1080,CTS6,2,0.3333333333333333,k6
1110,CTS1,0,0,k6
1110,CTS2,0,0,k6
1110,CTS3,0,0,k6
1110,CTS4,2,0.25,k6
1110,CTS5,0,0,k6
1110,CTS6,6,0.75,k6
1140,CTS1,0,0,k6
1140,CTS2,0,0,k6
1140,CTS3,0,0,k6
1140,CTS4,4,0.5714285714285714,k6
1140,CTS5,1,0.14285714285714285,k6
1140,CTS6,2,0.2857142857142857,k6
1170,CTS1,1,0.16666666666666666,k6
1170,CTS2,0,0,k6
1170,CTS3,0,0,k6
1170,CTS4,5,0.8333333333333334,k6
1170,CTS5,0,0,k6
1170,CTS6,0,0,k6
1200,CTS1,1,0.125,k6
1200,CTS2,1,0.125,k6
1200,CTS3,0,0,k6
1200,CTS4,5,0.625,k6
1200,CTS5,0,0,k6
1200,CTS6,1,0.125,k6
1230,CTS1,0,0,k6
1230,CTS2,1,0.125,k6
1230,CTS3,1,0.125,k6
1230,CTS4,5,0.625,k6
1230,CTS5,0,0,k6
1230,CTS6,1,0.125,k6
1260,CTS1,1,0.05263157894736842,k6
1260,CTS2,1,0.05263157894736842,k6
1260,CTS3,9,0.47368421052631576,k6
1260,CTS4,6,0.3157894736842105,k6
1260,CTS5,1,0.05263157894736842,k6
1260,CTS6,1,0.05263157894736842,k6
1290,CTS1,0,0,k6
1290,CTS2,1,0.03571428571428571,k6
1290,CTS3,17,0.6071428571428571,k6
1290,CTS4,6,0.21428571428571427,k6
1290,CTS5,4,0.14285714285714285,k6
1290,CTS6,0,0,k6
1320,CTS1,3,0.1875,k6
1320,CTS2,0,0,k6
1320,CTS3,7,0.4375,k6
1320,CTS4,3,0.1875,k6
1320,CTS5,2,0.125,k6
1320,CTS6,1,0.0625,k6
1350,CTS1,4,0.2857142857142857,k6
1350,CTS2,1,0.07142857142857142,k6
1350,CTS3,4,0.2857142857142857,k6
1350,CTS4,1,0.07142857142857142,k6
1350,CTS5,2,0.14285714285714285,k6
1350,CTS6,2,0.14285714285714285,k6
1380,CTS1,7,0.5,k6
1380,CTS2,0,0,k6
1380,CTS3,3,0.21428571428571427,k6
1380,CTS4,1,0.07142857142857142,k6
1380,CTS5,1,0.07142857142857142,k6
1380,CTS6,2,0.14285714285714285,k6
1410,CTS1,1,0.058823529411764705,k6
1410,CTS2,1,0.058823529411764705,k6
1410,CTS3,5,0.29411764705882354,k6
1410,CTS4,1,0.058823529411764705,k6
1410,CTS5,3,0.17647058823529413,k6
1410,CTS6,6,0.35294117647058826,k6
1440,CTS1,1,0.058823529411764705,k6
1440,CTS2,6,0.35294117647058826,k6
1440,CTS3,3,0.17647058823529413,k6
1440,CTS4,2,0.11764705882352941,k6
1440,CTS5,1,0.058823529411764705,k6
1440,CTS6,4,0.23529411764705882,k6
1470,CTS1,2,0.08695652173913043,k6
1470,CTS2,10,0.43478260869565216,k6
1470,CTS3,3,0.13043478260869565,k6
1470,CTS4,1,0.043478260869565216,k6
1470,CTS5,3,0.13043478260869565,k6
1470,CTS6,4,0.17391304347826086,k6
1500,CTS1,2,0.1,k6
1500,CTS2,9,0.45,k6
1500,CTS3,1,0.05,k6
1500,CTS4,1,0.05,k6
1500,CTS5,2,0.1,k6
1500,CTS6,5,0.25,k6
1530,CTS1,1,0.05263157894736842,k6
1530,CTS2,4,0.21052631578947367,k6
1530,CTS3,2,0.10526315789473684,k6
1530,CTS4,2,0.10526315789473684,k6
1530,CTS5,5,0.2631578947368421,k6
1530,CTS6,5,0.2631578947368421,k6
1560,CTS1,0,0,k6
1560,CTS2,9,0.42857142857142855,k6
1560,CTS3,2,0.09523809523809523,k6
1560,CTS4,2,0.09523809523809523,k6
1560,CTS5,4,0.19047619047619047,k6
1560,CTS6,4,0.19047619047619047,k6
1590,CTS1,6,0.3333333333333333,k6
1590,CTS2,0,0,k6
1590,CTS3,1,0.05555555555555555,k6
1590,CTS4,4,0.2222222222222222,k6
1590,CTS5,3,0.16666666666666666,k6
1590,CTS6,4,0.2222222222222222,k6
1620,CTS1,4,0.16666666666666666,k6
1620,CTS2,0,0,k6
1620,CTS3,6,0.25,k6
1620,CTS4,2,0.08333333333333333,k6
1620,CTS5,5,0.20833333333333334,k6
1620,CTS6,7,0.2916666666666667,k6
1650,CTS1,5,0.2777777777777778,k6
1650,CTS2,0,0,k6
1650,CTS3,2,0.1111111111111111,k6
1650,CTS4,2,0.1111111111111111,k6
1650,CTS5,4,0.2222222222222222,k6
1650,CTS6,5,0.2777777777777778,k6
1680,CTS1,5,0.25,k6
1680,CTS2,1,0.05,k6
1680,CTS3,5,0.25,k6
1680,CTS4,0,0,k6
1680,CTS5,4,0.2,k6
1680,CTS6,5,0.25,k6
1710,CTS1,7,0.30434782608695654,k6
1710,CTS2,0,0,k6
1710,CTS3,6,0.2608695652173913,k6
1710,CTS4,2,0.08695652173913043,k6
1710,CTS5,1,0.043478260869565216,k6
1710,CTS6,7,0.30434782608695654,k6
1740,CTS1,2,0.10526315789473684,k6
1740,CTS2,0,0,k6
1740,CTS3,7,0.3684210526315789,k6
1740,CTS4,1,0.05263157894736842,k6
1740,CTS5,3,0.15789473684210525,k6
1740,CTS6,6,0.3157894736842105,k6
1770,CTS1,6,0.24,k6
1770,CTS2,0,0,k6
1770,CTS3,10,0.4,k6
1770,CTS4,1,0.04,k6
1770,CTS5,2,0.08,k6
1770,CTS6,6,0.24,k6
1800,CTS1,5,0.21739130434782608,k6
1800,CTS2,1,0.043478260869565216,k6
1800,CTS3,6,0.2608695652173913,k6
1800,CTS4,0,0,k6
1800,CTS5,3,0.13043478260869565,k6
1800,CTS6,8,0.34782608695652173,k6
1830,CTS1,5,0.16666666666666666,k6
1830,CTS2,0,0,k6
1830,CTS3,13,0.43333333333333335,k6
1830,CTS4,1,0.03333333333333333,k6
1830,CTS5,3,0.1,k6
1830,CTS6,8,0.26666666666666666,k6
1860,CTS1,27,0.5192307692307693,k6
1860,CTS2,0,0,k6
1860,CTS3,9,0.17307692307692307,k6
1860,CTS4,4,0.07692307692307693,k6
1860,CTS5,6,0.11538461538461539,k6
1860,CTS6,6,0.11538461538461539,k6
1890,CTS1,26,0.5416666666666666,k6
1890,CTS2,0,0,k6
1890,CTS3,4,0.08333333333333333,k6
1890,CTS4,2,0.041666666666666664,k6
1890,CTS5,7,0.14583333333333334,k6
1890,CTS6,9,0.1875,k6
1920,CTS1,25,0.4098360655737705,k6
1920,CTS2,3,0.04918032786885246,k6
1920,CTS3,3,0.04918032786885246,k6
1920,CTS4,4,0.06557377049180328,k6
1920,CTS5,6,0.09836065573770492,k6
1920,CTS6,20,0.32786885245901637,k6
1950,CTS1,15,0.3333333333333333,k6
1950,CTS2,3,0.06666666666666667,k6
1950,CTS3,7,0.15555555555555556,k6
1950,CTS4,2,0.044444444444444446,k6
1950,CTS5,6,0.13333333333333333,k6
1950,CTS6,12,0.26666666666666666,k6
1980,CTS1,30,0.46875,k6
1980,CTS2,2,0.03125,k6
1980,CTS3,7,0.109375,k6
1980,CTS4,5,0.078125,k6
1980,CTS5,8,0.125,k6
1980,CTS6,12,0.1875,k6
2010,CTS1,1,0.1,k6
2010,CTS2,0,0,k6
2010,CTS3,2,0.2,k6
2010,CTS4,2,0.2,k6
2010,CTS5,0,0,k6
2010,CTS6,5,0.5,k6
