amd_clusts,n,mean_euplanktonic,mean_consumer,scheme
CTS1,199,0.793147252519261,0.9949748743718593,k5
CTS2,59,0.1500979777272844,1,k5
CTS3,137,0.08237111359717489,0.8978102189781022,k5
CTS4,214,0.07998537176964182,1,k5
CTS5,301,0.053043804285975056,0.9933554817275747,k5
CTS1,195,0.8011694653937949,0.9948717948717949,k6
CTS2,55,0.14675630251390037,1,k6
CTS3,154,0.12944325263829357,1,k6
CTS4,223,0.0662956646908318,0.9775784753363228,k6
CTS5,94,0.06127403986586376,0.8829787234042553,k6
CTS6,189,0.03324013163512753,1,k6
