scheme,age_ce,prop_sum
k5,0,1
k5,30,1
k5,60,1
k5,90,1
k5,150,1
k5,180,1
k5,210,1
k5,240,1
k5,270,1
k5,300,1
k5,330,1
k5,360,1
k5,390,1
k5,420,1
k5,480,1
k5,510,1
k5,540,1
k5,570,1
k5,600,1
k5,630,1
k5,660,1
k5,690,1
k5,720,1
k5,750,1
k5,780,1
k5,810,1
k5,840,1
k5,870,1
k5,900,1
k5,930,1
k5,960,1
k5,990,1
k5,1020,1
k5,1050,1
k5,1080,1
k5,1110,1
k5,1140,1
k5,1170,1
k5,1200,1
k5,1230,1
k5,1260,1
k5,1290,1
k5,1320,1
k5,1350,1
k5,1380,1
k5,1410,1
k5,1440,1
k5,1470,1
k5,1500,1
k5,1530,0.9999999999999999
k5,1560,1
k5,1590,1
k5,1620,1
k5,1650,1
k5,1680,1
k5,1710,1
k5,1740,1
k5,1770,1
k5,1800,1
k5,1830,1
k5,1860,1.0000000000000002
k5,1890,0.9999999999999999
k5,1920,1
k5,1950,0.9999999999999999
k5,1980,1
k5,2010,1
k6,0,1
k6,30,1
k6,60,1
k6,90,1
k6,150,1
k6,180,1
k6,210,1
k6,240,1
k6,270,1
k6,300,1
k6,330,1
k6,360,1
k6,390,1
k6,420,1
k6,480,1
k6,510,1
k6,540,1
k6,570,1
k6,600,1
k6,630,1
k6,660,1
k6,690,1
k6,720,1
k6,750,1
k6,780,1
k6,810,1
k6,840,1
k6,870,1
k6,900,1
k6,930,1
k6,960,0.9999999999999999
k6,990,1
k6,1020,1
k6,1050,1
k6,1080,1
k6,1110,1
k6,1140,0.9999999999999999
k6,1170,1
k6,1200,1
k6,1230,1
k6,1260,1
k6,1290,1
k6,1320,1
k6,1350,0.9999999999999998
k6,1380,1
k6,1410,1
k6,1440,1
k6,1470,1
k6,1500,1
k6,1530,1
k6,1560,0.9999999999999999
k6,1590,0.9999999999999999
k6,1620,1
k6,1650,1
k6,1680,1
k6,1710,1
k6,1740,0.9999999999999999
k6,1770,1
k6,1800,1
k6,1830,1
k6,1860,1
k6,1890,1
k6,1920,1
k6,1950,1
k6,1980,1
k6,2010,1
