amd_clusts,n,mean_total_nspp_by_lake_core,sd_total_nspp_by_lake_core,mean_euplanktonic,scheme
CTS1,201,26.325396825396826,7.402517804184589,0.7905327255672391,k=5 (independent AMD)
CTS2,59,30.95,13.016083168627633,0.1500979777272844,k=5 (independent AMD)
CTS3,203,45.66393442622951,10.539661932365627,0.08635447345444247,k=5 (independent AMD)
CTS4,137,39.46511627906977,9.940644640498576,0.07276957879258858,k=5 (independent AMD)
CTS5,310,43.84158415841584,9.528622852508464,0.05099268457443941,k=5 (independent AMD)
CTS1,195,26.11382113821138,7.1588570065253725,0.8011694653937949,k=6
CTS2,55,30.95,13.016083168627633,0.14675630251390037,k=6
CTS3,154,42.75555555555555,11.477688283778035,0.12944325263829357,k=6
CTS4,223,43.09722222222222,9.796751002421306,0.06634158679231023,k=6
CTS5,94,39.704918032786885,8.915051434316164,0.06127403986586376,k=6
CTS6,189,46.348314606741575,9.837429823701996,0.03318594841486463,k=6
CTS1,195,26.11382113821138,7.1588570065253725,0.8011694653937949,"k=5 (merged from k=6, manuscript)"
CTS2,55,30.95,13.016083168627633,0.14675630251390037,"k=5 (merged from k=6, manuscript)"
CTS3,154,42.75555555555555,11.477688283778035,0.12944325263829357,"k=5 (merged from k=6, manuscript)"
CTS4,94,39.704918032786885,8.915051434316164,0.06127403986586376,"k=5 (merged from k=6, manuscript)"
CTS5,412,44.8944099378882,9.921946938776717,0.051131840060909206,"k=5 (merged from k=6, manuscript)"
