lake,core_depth_id,age_ce,amd_clusts
Azul,AZ11_02_144_8,1281.5,CTS3
Azul,AZ11_02_143_8,1282.5,CTS3
Azul,AZ11_02_142_8,1283.4,CTS3
Azul,AZ11_02_141_8,1284.3,CTS3
Azul,AZ11_02_140_8,1285.2,CTS3
Azul,AZ11_02_139_8,1286.1,CTS3
Azul,AZ11_02_138_8,1287,CTS3
Azul,AZ11_02_136_8,1288.8,CTS3
Azul,AZ11_02_135_8,1289.7,CTS3
Azul,AZ11_02_134_8,1290.6,CTS3
Azul,AZ11_02_133_8,1291.6,CTS3
Azul,AZ11_02_132_8,1292.5,CTS3
Azul,AZ11_02_131_8,1293.4,CTS3
Azul,AZ11_02_130_8,1294.3,CTS3
Azul,AZ11_02_129_8,1295.2,CTS3
Azul,AZ11_02_128_8,1296.1,CTS3
Azul,AZ11_02_127_8,1297,CTS2
Azul,AZ11_02_126_8,1297.9,CTS3
Azul,AZ11_02_125_8,1298.8,CTS3
Azul,AZ11_02_124_8,1299.7,CTS3
Azul,AZ11_02_123_8,1300.7,CTS3
Azul,AZ11_02_122_8,1301.5700000000002,CTS3
Azul,AZ11_02_121_8,1311.27,CTS3
Azul,AZ11_02_120_8,1320.99,CTS3
Azul,AZ11_02_119_8,1330.75,CTS3
Azul,AZ11_02_118_8,1340.5700000000002,CTS3
Azul,AZ11_02_117_8,1350.48,CTS3
Azul,AZ11_02_116_8,1360.5,CTS3
Azul,AZ11_02_115_8,1370.65,CTS3
Azul,AZ11_02_114_8,1380.95,CTS5
Azul,AZ11_02_113_8,1384.74,CTS3
Azul,AZ11_02_112_8,1391.4299999999998,CTS3
Azul,AZ11_02_111_8,1402.1100000000001,CTS3
Azul,AZ11_02_110_8,1413,CTS3
Azul,AZ11_02_109_8,1424.1399999999999,CTS3
Azul,AZ11_02_108_8,1435.54,CTS3
Azul,AZ11_02_107_8,1447.23,CTS3
Azul,AZ11_02_106_8,1459.22,CTS3
Azul,AZ11_02_105_8,1471.55,CTS3
Azul,AZ11_02_104_8,1484.22,CTS3
Azul,AZ11_02_103_8,1497.27,CTS3
Azul,AZ11_02_102_8,1510.72,CTS3
Azul,AZ11_02_101_8,1524.58,CTS5
Azul,AZ11_02_100_8,1538.8899999999999,CTS3
Azul,AZ11_02_99_8,1553.66,CTS3
Azul,AZ11_02_98_8,1568.91,CTS3
Azul,AZ11_02_97_8,1584.67,CTS3
Azul,AZ11_02_96_8,1600.93,CTS3
Azul,AZ11_02_95_8,1617.59,CTS5
Azul,AZ11_02_94_8,1634.52,CTS5
Azul,AZ11_02_93_8,1651.59,CTS5
Azul,AZ11_02_92_8,1653.1399999999999,CTS5
Azul,AZ11_02_91_8,1668.66,CTS5
Azul,AZ11_02_90_8,1685.6100000000001,CTS3
Azul,AZ11_02_89_8,1702.31,CTS5
Azul,AZ11_02_88_8,1703.82,CTS5
Azul,AZ11_02_87_8,1718.63,CTS5
Azul,AZ11_02_86_8,1734.43,CTS5
Azul,AZ11_02_85_8,1749.59,CTS5
Azul,AZ11_02_84_8,1763.98,CTS3
Azul,AZ11_02_83_8,1773.57,CTS3
Azul,AZ11_02_82_8,1773.76,CTS5
Azul,AZ11_02_81_8,1773.94,CTS3
Azul,AZ11_02_80_8,1774.12,CTS3
Azul,AZ11_02_79_8,1774.3,CTS3
Azul,AZ11_02_78_8,1774.48,CTS5
Azul,AZ11_02_76_8,1774.84,CTS4
Azul,AZ11_02_75_8,1787.51,CTS5
Azul,AZ11_02_74_8,1799.04,CTS3
Azul,AZ11_02_73_8,1809.29,CTS5
Azul,AZ11_02_72_8,1818.19,CTS5
Azul,AZ11_02_71_8,1825.81,CTS3
Azul,AZ11_02_70_8,1832.27,CTS3
Azul,AZ11_02_69_8,1837.68,CTS3
Azul,AZ11_02_68_8,1842.17,CTS3
Azul,AZ11_02_67_8,1845.84,CTS5
Azul,AZ11_02_66_8,1848.83,CTS3
Azul,AZ11_02_65_8,1851.24,CTS3
Azul,AZ11_02_64_8,1853.2,CTS3
Azul,AZ11_02_63_8,1854.82,CTS3
Azul,AZ11_02_62_8,1856.23,CTS3
Azul,AZ11_02_61_8,1857.53,CTS3
Azul,AZ11_02_60_8,1858.85,CTS1
Azul,AZ11_02_59_8,1860.31,CTS5
Azul,AZ11_02_58_8,1862.02,CTS3
Azul,AZ11_02_57_8,1864.1,CTS5
Azul,AZ11_02_56_8,1866.59,CTS3
Azul,AZ11_02_55_8,1869.51,CTS5
Azul,AZ11_02_54_8,1872.85,CTS3
Azul,AZ11_02_53_8,1876.56,CTS4
Azul,AZ11_02_52_8,1880.6,CTS3
Azul,AZ11_02_51_8,1884.9,CTS4
Azul,AZ11_02_50_8,1889.41,CTS4
Azul,AZ11_02_49_8,1894.09,CTS4
Azul,AZ11_02_48_8,1898.91,CTS4
Azul,AZ11_02_47_8,1903.86,CTS4
Azul,AZ11_02_46_8,1908.93,CTS1
Azul,AZ11_02_45_8,1914.09,CTS4
Azul,AZ11_02_44_8,1919.32,CTS4
Azul,AZ11_02_43_8,1924.62,CTS4
Azul,AZ11_02_42_8,1929.96,CTS4
Azul,AZ11_02_41_8,1935.32,CTS1
Azul,AZ11_02_40_8,1940.68,CTS2
Azul,AZ11_02_39_8,1945.96,CTS1
Azul,AZ11_02_38_8,1951.07,CTS3
Azul,AZ11_02_37_8,1955.85,CTS3
Azul,AZ11_02_36_8,1960.16,CTS4
Azul,AZ06_28_25,1964.5,CTS3
Azul,AZ06_26_25,1969,CTS3
Azul,AZ06_24_25,1973,CTS3
Azul,AZ06_22_25,1978,CTS3
Azul,AZ06_20_25,1983,CTS3
Azul,AZ06_18_25,1989,CTS1
Azul,AZ06_16_25,1994,CTS3
Azul,AZ06_14_25,1998,CTS1
Azul,AZ06_12_25,1999.5,CTS1
Azul,AZ06_10_25,2001,CTS1
Azul,AZ06_8_25,2002,CTS1
Azul,AZ06_6_25,2003,CTS1
Azul,AZ06_4_25,2004,CTS1
Azul,AZ06_2_25,2005,CTS1
Azul,AZ06_1_75,2005.3,CTS1
Azul,AZ06_1_25,2005.6,CTS1
Azul,AZ06_0_75,2005.8,CTS1
Azul,AZ06_0_25,2006,CTS1
Caldeirao,CL17-03_5680,-1757.7199999999998,CTS5
Caldeirao,CL17-03_5679,-1756.44,CTS5
Caldeirao,CL17-03_5610,-1668.1999999999998,CTS5
Caldeirao,CL17-03_5540,-1578.6799999999998,CTS5
Caldeirao,CL17-03_5470,-1489.1599999999999,CTS5
Caldeirao,CL17-03_5400,-1399.6399999999999,CTS5
Caldeirao,CL17-03_5180,-1118.29,CTS5
Caldeirao,CL17-03_5167,-1101.6599999999999,CTS5
Caldeirao,CL17-03_5070,-1016.94,CTS5
Caldeirao,CL17-03_5055,-1004.69,CTS5
Caldeirao,CL17-03_4950,-918.9899999999998,CTS5
Caldeirao,CL17-03_4887,-867.5700000000002,CTS5
Caldeirao,CL17-03_4840,-829.21,CTS5
Caldeirao,CL17-03_4730,-739.4299999999998,CTS5
Caldeirao,CL17-03_4720,-731.27,CTS5
Caldeirao,CL17-03_4620,-649.6500000000001,CTS5
Caldeirao,CL17-03_4552,-594.1500000000001,CTS5
Caldeirao,CL17-03_4510,-559.8699999999999,CTS5
Caldeirao,CL17-03_4400,-470.0799999999999,CTS5
Caldeirao,CL17-03_4385,-457.84000000000015,CTS5
Caldeirao,CL17-03_4280,-372.82000000000016,CTS5
Caldeirao,CL17-03_4217,-332.19000000000005,CTS5
Caldeirao,CL17-03_4167,-299.94000000000005,CTS5
Caldeirao,CL17-03_3999,-191.57999999999993,CTS5
Caldeirao,CL17-03_3950,-159.98000000000002,CTS5
Caldeirao,CL17-03_3840,-89.02999999999997,CTS5
Caldeirao,CL17-03_3832,-83.86999999999989,CTS5
Caldeirao,CL17-03_3764,-40.00999999999999,CTS5
Caldeirao,CL17-03_3742,-25.819999999999936,CTS5
Caldeirao,CL17-03_3731,-18.720000000000027,CTS5
Caldeirao,CL17-03_3730,-18.079999999999927,CTS5
Caldeirao,CL17-03_3697,3.2100000000000364,CTS5
Caldeirao,CL17-03_3690,7.720000000000027,CTS5
Caldeirao,CL17-03_3675,17.40000000000009,CTS5
Caldeirao,CL17-03_3664,24.49000000000001,CTS5
Caldeirao,CL17-03_3642,38.680000000000064,CTS5
Caldeirao,CL17-03_3618,54.16000000000008,CTS5
Caldeirao,CL17-03_3610,59.319999999999936,CTS5
Caldeirao,CL17-03_3608,60.6099999999999,CTS5
Caldeirao,CL17-03_3600,65.76999999999998,CTS5
Caldeirao,CL17-03_3560,91.56999999999994,CTS5
Caldeirao,CL17-03_3407,190.26,CTS5
Caldeirao,CL17-03_3390,201.22000000000003,CTS5
Caldeirao,CL17-03_3386,203.79999999999995,CTS5
Caldeirao,CL17-03_3366,216.70000000000005,CTS5
Caldeirao,CL17-03_3360,220.56999999999994,CTS5
Caldeirao,CL17-03_3345,230.24,CTS5
Caldeirao,CL17-03_3340,233.47000000000003,CTS5
Caldeirao,CL17-03_3253,289.5799999999999,CTS5
Caldeirao,CL17-03_3250,291.52,CTS5
Caldeirao,CL17-03_3150,356.02,CTS5
Caldeirao,CL17-03_3099,388.9100000000001,CTS5
Caldeirao,CL17-03_3050,420.52,CTS5
Caldeirao,CL17-03_2945,488.24,CTS5
Caldeirao,CL17-03_2940,491.47,CTS5
Caldeirao,CL17-03_2840,555.97,CTS5
Caldeirao,CL17-03_2791,587.5699999999999,CTS5
Caldeirao,CL17-03_2740,620.47,CTS5
Caldeirao,CL17-03_2640,684.97,CTS5
Caldeirao,CL17-03_2637,686.9000000000001,CTS5
Caldeirao,CL17-03_2530,755.9100000000001,CTS5
Caldeirao,CL17-03_2484,785.5799999999999,CTS5
Caldeirao,CL17-03_2430,807.71,CTS5
Caldeirao,CL17-03_2330,840.46,CTS5
Caldeirao,CL17-03_2230,873.2,CTS5
Caldeirao,CL17-03_2176,890.8800000000001,CTS5
Caldeirao,CL17-03_2120,909.22,CTS5
Caldeirao,CL17-03_2022,941.31,CTS5
Caldeirao,CL17-03_2020,941.97,CTS5
Caldeirao,CL17-03_1920,974.71,CTS5
Caldeirao,CL17-03_1870,991.08,CTS5
Caldeirao,CL17-03_1868,991.74,CTS5
Caldeirao,CL17-03_1822,1013.06,CTS5
Caldeirao,CL17-03_1690,1111.3899999999999,CTS5
Caldeirao,CL17-03_1553,1213.45,CTS5
Caldeirao,CL17-03_1520,1238.03,CTS5
Caldeirao,CL17-03_1510,1245.48,CTS5
Caldeirao,CL17-03_1476,1263.48,CTS5
Caldeirao,CL17-03_1432,1273.21,CTS5
Caldeirao,CL17-03_1430,1273.65,CTS5
Caldeirao,CL17-03_1390,1282.5,CTS5
Caldeirao,CL17-03_1388,1282.94,CTS5
Caldeirao,CL17-03_1355,1290.24,CTS5
Caldeirao,CL17-03_1350,1291.3400000000001,CTS5
Caldeirao,CL17-03_1344,1292.67,CTS5
Caldeirao,CL17-03_1300,1302.4,CTS3
Caldeirao,CL17-03_1260,1311.25,CTS5
Caldeirao,CL17-03_1256,1312.13,CTS5
Caldeirao,CL17-03_1212,1321.8600000000001,CTS5
Caldeirao,CL17-03_1210,1322.31,CTS5
Caldeirao,CL17-03_1135,1338.8899999999999,CTS5
Caldeirao,CL17-03_1120,1342.21,CTS5
Caldeirao,CL17-03_1080,1362.81,CTS5
Caldeirao,CL17-03_1026,1406.5,CTS5
Caldeirao,CL17-03_1020,1411.35,CTS5
Caldeirao,CL17-03_971,1450.99,CTS5
Caldeirao,CL17-03_938,1477.69,CTS5
Caldeirao,CL17-03_894,1513.28,CTS5
Caldeirao,CL17-03_860,1540.78,CTS5
Caldeirao,CL17-03_850,1548.87,CTS5
Caldeirao,CL17-03_810,1570.93,CTS4
Caldeirao,CL17-03_806,1573.13,CTS5
Caldeirao,CL17-03_762,1597.3899999999999,CTS5
Caldeirao,CL17-03_720,1620.55,CTS4
Caldeirao,CL17-03_718,1621.65,CTS5
Caldeirao,CL17-03_680,1642.6100000000001,CTS4
Caldeirao,CL17-03_674,1645.92,CTS5
Caldeirao,CL17-03_630,1670.18,CTS5
Caldeirao,CL17-03_593,1690.58,CTS4
Caldeirao,CL17-03_586,1694.44,CTS3
Caldeirao,CL17-03_549,1714.84,CTS5
Caldeirao,CL17-03_542,1718.7,CTS3
Caldeirao,CL17-03_531,1724.76,CTS5
Caldeirao,CL17-03_505,1739.1,CTS5
Caldeirao,CL17-03_480,1752.88,CTS5
Caldeirao,CL17-03_476,1755.09,CTS3
Caldeirao,CL17-03_421,1785.41,CTS5
Caldeirao,CL17-03_380,1808.02,CTS5
Caldeirao,CL17-03_366,1815.74,CTS4
Caldeirao,CL17-03_330,1835.59,CTS5
Caldeirao,CL17-03_311,1846.07,CTS4
Caldeirao,CL17-03_280,1863.16,CTS5
Caldeirao,CL17-03_256,1876.39,CTS4
Caldeirao,CL17-03_220,1896.24,CTS5
Caldeirao,CL17-03_201,1906.72,CTS4
Caldeirao,CL17-03_146,1937.04,CTS4
Caldeirao,CL17-03_110,1956.89,CTS5
Caldeirao,CL17-03_91,1967.37,CTS4
Caldeirao,CL17-03_60,1984.46,CTS5
Caveiro,CVL_1B_5080,-1127,CTS5
Caveiro,CVL_1B_5030,-1071,CTS5
Caveiro,CVL_1B_4980,-1015,CTS5
Caveiro,CVL_1B_4930,-959,CTS5
Caveiro,CVL_1B_4880,-904,CTS5
Caveiro,CVL_1B_4830,-848,CTS5
Caveiro,CVL_1B_4780,-793,CTS5
Caveiro,CVL_1B_4690,-784,CTS5
Caveiro,CVL_1B_4740,-784,CTS5
Caveiro,CVL_1B_4640,-735,CTS5
Caveiro,CVL_1B_4590,-679,CTS5
Caveiro,CVL_1B_4540,-624,CTS5
Caveiro,CVL_1B_4490,-583,CTS5
Caveiro,CVL_1B_4440,-534,CTS5
Caveiro,CVL_1B_4390,-481,CTS5
Caveiro,CVL_1B_4340,-427,CTS5
Caveiro,CVL_1B_4290,-374,CTS5
Caveiro,CVL_1B_4240,-321,CTS5
Caveiro,CVL_1B_4190,-268,CTS5
Caveiro,CVL_1B_3270,-228,CTS5
Caveiro,CVL_1B_3330,-228,CTS5
Caveiro,CVL_1B_3380,-228,CTS5
Caveiro,CVL_1B_3440,-228,CTS5
Caveiro,CVL_1B_3490,-228,CTS5
Caveiro,CVL_1B_3600,-228,CTS5
Caveiro,CVL_1B_3650,-228,CTS5
Caveiro,CVL_1B_3700,-228,CTS5
Caveiro,CVL_1B_3750,-228,CTS5
Caveiro,CVL_1B_3800,-228,CTS4
Caveiro,CVL_1B_3850,-228,CTS5
Caveiro,CVL_1B_3900,-228,CTS5
Caveiro,CVL_1B_3950,-228,CTS5
Caveiro,CVL_1B_3990,-228,CTS5
Caveiro,CVL_1B_4040,-228,CTS5
Caveiro,CVL_1B_4090,-228,CTS5
Caveiro,CVL_1B_4140,-228,CTS5
Caveiro,CVL_1B_3220,-200,CTS5
Caveiro,CVL_1B_3160,-146,CTS5
Caveiro,CVL_1B_3110,-102,CTS5
Caveiro,CVL_1B_3050,-48,CTS5
Caveiro,CVL_1B_3000,-3,CTS5
Caveiro,CVL_1B_2950,41,CTS5
Caveiro,CVL_1B_2890,52,CTS5
Caveiro,CVL_1B_2840,54,CTS3
Caveiro,CVL_1B_2780,79,CTS5
Caveiro,CVL_1B_2730,110,CTS5
Caveiro,CVL_1B_2670,163,CTS5
Caveiro,CVL_1B_2620,208,CTS3
Caveiro,CVL_1B_2560,262,CTS3
Caveiro,CVL_1B_2510,285,CTS5
Caveiro,CVL_1B_2400,303,CTS5
Caveiro,CVL_1B_2450,303,CTS5
Caveiro,CVL_1B_2350,319,CTS5
Caveiro,CVL_1B_2290,354,CTS5
Caveiro,CVL_1B_2240,394,CTS3
Caveiro,CVL_1B_2180,446,CTS3
Caveiro,CVL_1B_2130,489,CTS3
Caveiro,CVL_1B_2070,520,CTS3
Caveiro,CVL_1B_2020,564,CTS5
Caveiro,CVL_1B_1960,616,CTS5
Caveiro,CVL_1B_1910,659,CTS5
Caveiro,CVL_1B_1850,707,CTS5
Caveiro,CVL_1B_1800,751,CTS5
Caveiro,CVL_1B_1650,881,CTS5
Caveiro,CVL_1B_1600,924,CTS5
Caveiro,CVL_1B_1550,967,CTS5
Caveiro,CVL_1B_1500,1010,CTS5
Caveiro,CVL_1B_1450,1054,CTS4
Caveiro,CVL_1B_1400,1097,CTS5
Caveiro,CVL_1B_1350,1140,CTS5
Caveiro,CVL_1B_1300,1183,CTS5
Caveiro,CVL_1B_1250,1224,CTS5
Caveiro,CVL_1B_1200,1266,CTS5
Caveiro,CVL_1B_1150,1308,CTS4
Caveiro,CVL_1B_1100,1349,CTS4
Caveiro,CVL_1B_1000,1378,CTS5
Caveiro,CVL_1B_1050,1378,CTS4
Caveiro,CVL_1B_900,1453,CTS5
Caveiro,CVL_1B_800,1536,CTS5
Caveiro,CVL_1B_750,1578,CTS5
Caveiro,CVL_1B_700,1621,CTS5
Caveiro,CVL_1B_600,1715,CTS5
Caveiro,CVL_1B_550,1764,CTS5
Caveiro,CVL_1B_500,1813,CTS5
Caveiro,CVL_1B_450,1863,CTS5
Caveiro,CVL_1B_400,1914,CTS5
Caveiro,CVL_1B_100,1935,CTS5
Caveiro,CVL_1B_150,1935,CTS5
Caveiro,CVL_1B_200,1935,CTS5
Caveiro,CVL_1B_250,1935,CTS5
Caveiro,CVL_1B_300,1935,CTS5
Caveiro,CVL_1B_350,1935,CTS5
Caveiro,CVL_1B_50,1970,CTS5
Caveiro,CVL_1B_0,2016,CTS5
Empadadas Norte,EN_04_222,1407.7135170000001,CTS5
Empadadas Norte,EN_04_221,1412.895932,CTS5
Empadadas Norte,EN_04_220,1418.1907139999998,CTS5
Empadadas Norte,EN_04_219,1423.6048409999999,CTS5
Empadadas Norte,EN_04_218,1429.14529,CTS5
Empadadas Norte,EN_04_217,1434.819038,CTS5
Empadadas Norte,EN_04_216,1440.633063,CTS5
Empadadas Norte,EN_04_215,1446.5943419999999,CTS5
Empadadas Norte,EN_04_214,1452.709853,CTS5
Empadadas Norte,EN_04_213,1458.9865730000001,CTS3
Empadadas Norte,EN_04_212,1465.43148,CTS5
Empadadas Norte,EN_04_211,1472.0515500000001,CTS5
Empadadas Norte,EN_04_210,1478.853763,CTS5
Empadadas Norte,EN_04_209,1485.845094,CTS5
Empadadas Norte,EN_04_208,1493.032522,CTS5
Empadadas Norte,EN_04_207,1500.422654,CTS5
Empadadas Norte,EN_04_206,1508.013598,CTS5
Empadadas Norte,EN_04_205,1515.794965,CTS5
Empadadas Norte,EN_04_204,1523.7559919999999,CTS5
Empadadas Norte,EN_04_203,1531.885919,CTS5
Empadadas Norte,EN_04_202,1540.173986,CTS5
Empadadas Norte,EN_04_201,1548.609432,CTS5
Empadadas Norte,EN_04_200,1557.181495,CTS5
Empadadas Norte,EN_04_199,1565.879416,CTS5
Empadadas Norte,EN_04_198,1574.692434,CTS5
Empadadas Norte,EN_04_197,1583.6097869999999,CTS5
Empadadas Norte,EN_04_196,1592.620716,CTS5
Empadadas Norte,EN_04_195,1601.714459,CTS5
Empadadas Norte,EN_04_194,1610.880255,CTS5
Empadadas Norte,EN_04_193,1620.107345,CTS5
Empadadas Norte,EN_04_192,1629.384968,CTS5
Empadadas Norte,EN_04_191,1638.702361,CTS5
Empadadas Norte,EN_04_190,1648.048766,CTS5
Empadadas Norte,EN_04_189,1657.413421,CTS5
Empadadas Norte,EN_04_188,1666.785566,CTS5
Empadadas Norte,EN_04_187,1676.154439,CTS5
Empadadas Norte,EN_04_186,1685.50928,CTS5
Empadadas Norte,EN_04_185,1694.839329,CTS5
Empadadas Norte,EN_04_184,1704.133825,CTS5
Empadadas Norte,EN_04_183,1713.382006,CTS5
Empadadas Norte,EN_04_182,1722.573113,CTS5
Empadadas Norte,EN_04_181,1731.696384,CTS5
Empadadas Norte,EN_04_180,1740.741059,CTS5
Empadadas Norte,EN_04_179,1749.696377,CTS5
Empadadas Norte,EN_04_178,1758.551578,CTS5
Empadadas Norte,EN_04_177,1767.295901,CTS5
Empadadas Norte,EN_04_176,1775.9185889999999,CTS5
Empadadas Norte,EN_04_175,1784.408885,CTS5
Empadadas Norte,EN_04_174,1792.7560330000001,CTS5
Empadadas Norte,EN_04_173,1800.949276,CTS5
Empadadas Norte,EN_04_172,1808.977857,CTS5
Empadadas Norte,EN_04_171,1816.83102,CTS5
Empadadas Norte,EN_04_170,1824.498007,CTS5
Empadadas Norte,EN_04_169,1831.968063,CTS5
Empadadas Norte,EN_04_168,1839.23043,CTS5
Empadadas Norte,EN_04_167,1846.274352,CTS5
Empadadas Norte,EN_04_150,1853.0890724,CTS5
Empadadas Norte,EN_04_149,1859.663834,CTS5
Empadadas Norte,EN_04_148,1865.9878803,CTS5
Empadadas Norte,EN_04_147,1872.0504547,CTS5
Empadadas Norte,EN_04_146,1877.8408005000001,CTS5
Empadadas Norte,EN_04_145,1883.3481609,CTS5
Empadadas Norte,EN_04_144,1888.5617793,CTS5
Empadadas Norte,EN_04_143,1893.470899,CTS5
Empadadas Norte,EN_04_142,1898.0690089,CTS5
Empadadas Norte,EN_04_141,1902.3665804,CTS5
Empadadas Norte,EN_04_140,1906.3783303,CTS5
Empadadas Norte,EN_04_139,1910.1189757,CTS5
Empadadas Norte,EN_04_138,1913.6032334,CTS5
Empadadas Norte,EN_04_137,1916.8458204,CTS5
Empadadas Norte,EN_04_136,1919.8614537,CTS5
Empadadas Norte,EN_04_135,1922.6648502,CTS5
Empadadas Norte,EN_04_134,1925.2707268,CTS5
Empadadas Norte,EN_04_133,1927.6938005,CTS5
Empadadas Norte,EN_04_132,1929.9487882,CTS5
Empadadas Norte,EN_04_131,1932.0504068,CTS5
Empadadas Norte,EN_04_130,1934.0133734,CTS5
Empadadas Norte,EN_04_129,1935.8524048,CTS5
Empadadas Norte,EN_04_128,1937.582218,CTS5
Empadadas Norte,EN_04_127,1939.2175299,CTS5
Empadadas Norte,EN_04_126,1940.77305752,CTS5
Empadadas Norte,EN_04_125,1942.26351772,CTS5
Empadadas Norte,EN_04_124,1943.70362748,CTS5
Empadadas Norte,EN_04_123,1945.10810373,CTS5
Empadadas Norte,EN_04_122,1946.49166342,CTS5
Empadadas Norte,EN_04_121,1947.86902349,CTS5
Empadadas Norte,EN_04_120,1949.25490088,CTS5
Empadadas Norte,EN_04_119,1950.6640125,CTS5
Empadadas Norte,EN_04_118,1952.1110754,CTS5
Empadadas Norte,EN_04_117,1953.6108064,CTS4
Empadadas Norte,EN_04_116,1955.1779225,CTS5
Empadadas Norte,EN_04_115,1956.8271406,CTS5
Empadadas Norte,EN_04_31,1962.414577,CTS5
Empadadas Norte,EN_04_30,1964.538615,CTS5
Empadadas Norte,EN_04_29,1966.799418,CTS5
Empadadas Norte,EN_04_28,1969.176126,CTS5
Empadadas Norte,EN_04_27,1971.647124,CTS5
Empadadas Norte,EN_04_26,1974.190798,CTS5
Empadadas Norte,EN_04_25,1976.785532,CTS5
Empadadas Norte,EN_04_24,1979.409711,CTS5
Empadadas Norte,EN_04_23,1982.04172,CTS5
Empadadas Norte,EN_04_22,1984.659943,CTS5
Empadadas Norte,EN_04_21,1987.242766,CTS5
Empadadas Norte,EN_04_20,1989.768574,CTS5
Empadadas Norte,EN_04_19,1992.215751,CTS5
Empadadas Norte,EN_04_18,1994.562682,CTS4
Empadadas Norte,EN_04_17,1996.787752,CTS4
Empadadas Norte,EN_04_16,1998.869346,CTS4
Empadadas Norte,EN_04_15,2000.785849,CTS4
Empadadas Norte,EN_04_14,2002.515645,CTS4
Empadadas Norte,EN_04_13,2004.037921,CTS4
Empadadas Norte,EN_04_12,2005.350298,CTS4
Empadadas Norte,EN_04_11,2006.468829,CTS5
Empadadas Norte,EN_04_10,2007.410372,CTS5
Empadadas Norte,EN_04_9,2008.191782,CTS5
Empadadas Norte,EN_04_8,2008.829916,CTS5
Empadadas Norte,EN_04_7,2009.341628,CTS5
Empadadas Norte,EN_04_6,2009.743776,CTS5
Empadadas Norte,EN_04_5,2010.053216,CTS5
Empadadas Norte,EN_04_4,2010.286803,CTS5
Empadadas Norte,EN_04_3,2010.461394,CTS5
Empadadas Norte,EN_04_2,2010.593845,CTS5
Empadadas Norte,EN_04_1,2010.701012,CTS5
Funda,FN02_704_6,953.2,CTS5
Funda,FN02_692_6,969.45,CTS2
Funda,FN02_680_8,985.486,CTS5
Funda,FN02_668_7,1001.848,CTS5
Funda,FN02_657_3,1017.234,CTS5
Funda,FN02_646_1,1026.7759999999998,CTS5
Funda,FN02_634,1043.13,CTS5
Funda,FN02_622,1059.3899999999999,CTS5
Funda,FN02_609_9,1075.752,CTS5
Funda,FN02_597_9,1092.004,CTS5
Funda,FN02_585_8,1108.368,CTS5
Funda,FN02_573_8,1124.624,CTS5
Funda,FN02_561_8,1140.9859999999999,CTS5
Funda,FN02_549_8,1157.2359999999999,CTS5
Funda,FN02_523_9,1167.368,CTS5
Funda,FN02_516_6,1177.191,CTS5
Funda,FN02_509_4,1187.008,CTS5
Funda,FN02_502_1,1196.8310000000001,CTS5
Funda,FN02_494_7,1206.9,CTS5
Funda,FN02_463_2,1208.7893158000002,CTS5
Funda,FN02_457_4,1216.432,CTS5
Funda,FN02_450_1,1226.2469999999998,CTS2
Funda,FN02_442_9,1236.0720000000001,CTS3
Funda,FN02_432_3,1249.2,CTS2
Funda,FN02_423_4,1257.455,CTS5
Funda,FN02_409,1270.935,CTS2
Funda,FN02_394_3,1284.577,CTS5
Funda,FN02_380_4,1297.47,CTS5
Funda,FN02_371_7,1305.56,CTS3
Funda,FN02_368_7,1308.35,CTS3
Funda,FN02_349_3,1326.362,CTS3
Funda,FN02_343_5,1331.761,CTS1
Funda,FN02_337_8,1337.106,CTS3
Funda,FN02_326_3,1347.796,CTS1
Funda,FN02_320_4,1353.1950000000002,CTS1
Funda,FN02_314_7,1358.54,CTS1
Funda,FN02_309,1363.885,CTS1
Funda,FN02_303_2,1369.23,CTS2
Funda,FN02_297_4,1374.63,CTS3
Funda,FN02_291_6,1378.886,CTS1
Funda,FN02_285_9,1382.466,CTS1
Funda,FN02_280_1,1386.042,CTS1
Funda,FN02_274_3,1389.659,CTS1
Funda,FN02_268_6,1393.234,CTS1
Funda,FN02_262_8,1396.812,CTS1
Funda,FN02_257_1,1400.392,CTS1
Funda,FN02_245_5,1407.588,CTS1
Funda,FN02_222_5,1421.938,CTS1
Funda,FN02_211,1456.512,CTS1
Funda,FN02_205_2,1475.685,CTS1
Funda,FN02_199_4,1494.66,CTS1
Funda,FN02_193_7,1513.635,CTS1
Funda,FN02_187_9,1532.6100000000001,CTS1
Funda,FN02_168_7,1595.96,CTS1
Funda,FN02_163_7,1612.46,CTS1
Funda,FN02_158_7,1628.96,CTS1
Funda,FN02_153_7,1645.46,CTS1
Funda,FN02_148_7,1661.96,CTS4
Funda,FN02_138_7,1694.96,CTS4
Funda,FN02_128_7,1727.96,CTS1
Funda,FN02_118_7,1760.96,CTS4
Funda,FN02_108_7,1793.96,CTS1
Funda,FN02_98_7,1826.95,CTS4
Funda,FN02_88_7,1859.95,CTS5
Funda,FN02_78_7,1892.95,CTS4
Funda,FN02_68_7,1925.95,CTS4
Funda,FN02_58_7,1952.08,CTS1
Funda,FN02_48_7,1970.26,CTS4
Funda,FN02_43_7,1978.15,CTS1
Funda,FN02_38_7,1983.16,CTS5
Funda,FN02_33_7,1987.02,CTS1
Funda,FN02_28_7,1990.91,CTS4
Funda,FN02_23_7,1995.92,CTS1
Funda,FN02_18_7,2001.56,CTS5
Funda,FN02_13_7,2005.83,CTS1
Funda,FN02_8_7,2009.14,CTS1
Ginjal,GN_292_5,1426,CTS3
Ginjal,GN_287_5,1428,CTS2
Ginjal,GN_282_5,1433,CTS3
Ginjal,GN_277_5,1438,CTS4
Ginjal,GN_275,1441,CTS2
Ginjal,GN_272_5,1444,CTS2
Ginjal,GN_270,1448,CTS2
Ginjal,GN_262_5,1456,CTS2
Ginjal,GN_260,1460,CTS2
Ginjal,GN_255,1467,CTS2
Ginjal,GN_252_5,1470,CTS2
Ginjal,GN_250,1474,CTS2
Ginjal,GN_247_5,1476,CTS2
Ginjal,GN_242_5,1482,CTS2
Ginjal,GN_240,1485,CTS2
Ginjal,GN_237_5,1487,CTS2
Ginjal,GN_235,1490,CTS2
Ginjal,GN_232_5,1493,CTS2
Ginjal,GN_230,1496,CTS2
Ginjal,GN_227_5,1499,CTS2
Ginjal,GN_225,1501,CTS2
Ginjal,GN_222_5,1504,CTS2
Ginjal,GN_220,1507,CTS2
Ginjal,GN_217_5,1510,CTS2
Ginjal,GN_215,1512,CTS2
Ginjal,GN_212_5,1515,CTS2
Ginjal,GN_210,1518,CTS2
Ginjal,GN_207_5,1521,CTS2
Ginjal,GN_202_5,1528,CTS2
Ginjal,GN_200,1532,CTS2
Ginjal,GN_197_5,1537,CTS2
Ginjal,GN_192_5,1545,CTS2
Ginjal,GN_190,1549,CTS4
Ginjal,GN_185,1558,CTS2
Ginjal,GN_182_5,1561,CTS2
Ginjal,GN_180,1564,CTS2
Ginjal,GN_177_5,1567,CTS2
Ginjal,GN_175,1571,CTS2
Ginjal,GN_172_5,1574,CTS2
Ginjal,GN_170,1577,CTS2
Ginjal,GN_167_5,1580,CTS2
Ginjal,GN_165,1583,CTS2
Ginjal,GN_162_5,1586,CTS2
Ginjal,GN_160,1589,CTS5
Ginjal,GN_157_5,1595,CTS4
Ginjal,GN_155,1602,CTS5
Ginjal,GN_152_5,1607,CTS5
Ginjal,GN_150,1613,CTS5
Ginjal,GN_147_5,1620,CTS3
Ginjal,GN_145,1627,CTS3
Ginjal,GN_142_5,1632,CTS3
Ginjal,GN_132_5,1652,CTS3
Ginjal,GN_127_5,1668,CTS3
Ginjal,GN_122_5,1684,CTS2
Ginjal,GN_117_5,1700,CTS3
Ginjal,GN_115,1708,CTS3
Ginjal,GN_112_5,1716,CTS3
Ginjal,GN_110,1723,CTS3
Ginjal,GN_105,1739,CTS3
Ginjal,GN_102_5,1747,CTS3
Ginjal,GN_100,1755,CTS3
Ginjal,GN_97_5,1764,CTS3
Ginjal,GN_95,1773,CTS3
Ginjal,GN_92_5,1780,CTS3
Ginjal,GN_87_5,1795,CTS3
Ginjal,GN_85,1802,CTS3
Ginjal,GN_82_5,1809,CTS3
Ginjal,GN_80,1816,CTS2
Ginjal,GN_77_5,1823,CTS3
Ginjal,GN_72_5,1836,CTS3
Ginjal,GN_70,1843,CTS3
Ginjal,GN_67_5,1850,CTS3
Ginjal,GN_65,1856,CTS3
Ginjal,GN_62_5,1863,CTS3
Ginjal,GN_60,1869,CTS3
Ginjal,GN_57_5,1876,CTS3
Ginjal,GN_55,1882,CTS3
Ginjal,GN_52_5,1889,CTS3
Ginjal,GN_50,1895,CTS3
Ginjal,GN_45,1908,CTS3
Ginjal,GN_42_5,1914,CTS3
Ginjal,GN_40,1921,CTS3
Ginjal,GN_37_5,1927,CTS2
Ginjal,GN_35,1933,CTS2
Ginjal,GN_32_5,1939,CTS3
Ginjal,GN_27_5,1952,CTS1
Ginjal,GN_22_5,1964,CTS2
Ginjal,GN_20,1970,CTS2
Ginjal,GN_17_5,1976,CTS2
Ginjal,GN_15,1982,CTS2
Ginjal,GN_12_5,1988,CTS2
Ginjal,GN_10,1995,CTS3
Ginjal,GN_7_5,2001,CTS3
Ginjal,GN_5,2007,CTS3
Ginjal,GN_2_5,2013,CTS3
Peixinho,PEX1_0,2016.94,CTS5
Peixinho,PEX1_100,2007.44,CTS1
Peixinho,PEX1_1020,1277.9,CTS1
Peixinho,PEX1_1060,1254.54,CTS5
Peixinho,PEX1_1100,1230.55,CTS5
Peixinho,PEX1_1140,1207,CTS1
Peixinho,PEX1_1180,1184.98,CTS1
Peixinho,PEX1_120,2005.35,CTS5
Peixinho,PEX1_1220,1165.58,CTS5
Peixinho,PEX1_1260,1149.87,CTS5
Peixinho,PEX1_1300,1138.94,CTS5
Peixinho,PEX1_1340,1133.88,CTS5
Peixinho,PEX1_1380,1127.8600000000001,CTS5
Peixinho,PEX1_1400,1118.06,CTS5
Peixinho,PEX1_1410,1111.5700000000002,CTS5
Peixinho,PEX1_1414,1108.69,CTS5
Peixinho,PEX1_1440,1086.45,CTS5
Peixinho,PEX1_1454,1072.17,CTS5
Peixinho,PEX1_1480,1042.0700000000002,CTS5
Peixinho,PEX1_1494,1024.25,CTS5
Peixinho,PEX1_1500,1016.33,CTS5
Peixinho,PEX1_1520,988.86,CTS5
Peixinho,PEX1_1534,968.88,CTS5
Peixinho,PEX1_1540,960.17,CTS5
Peixinho,PEX1_1560,930.7,CTS5
Peixinho,PEX1_1574,910,CTS5
Peixinho,PEX1_160,2001.21,CTS5
Peixinho,PEX1_1614,851.5,CTS5
Peixinho,PEX1_1654,797.3,CTS5
Peixinho,PEX1_1694,751.3,CTS5
Peixinho,PEX1_2111,646.5,CTS5
Peixinho,PEX1_2120,627.7,CTS5
Peixinho,PEX1_2151,544.4000000000001,CTS5
Peixinho,PEX1_2160,515.4000000000001,CTS5
Peixinho,PEX1_2191,401.79999999999995,CTS5
Peixinho,PEX1_2200,365.29999999999995,CTS5
Peixinho,PEX1_2231,230.9000000000001,CTS5
Peixinho,PEX1_2240,189.79999999999995,CTS3
Peixinho,PEX1_2271,44.200000000000045,CTS3
Peixinho,PEX1_2280,1.2999999999999545,CTS5
Peixinho,PEX1_2311,-145.9000000000001,CTS5
Peixinho,PEX1_2320,-187.9000000000001,CTS1
Peixinho,PEX1_2351,-327,CTS1
Peixinho,PEX1_40,2013.81,CTS3
Peixinho,PEX1_500,1981.97,CTS3
Peixinho,PEX1_540,1923.77,CTS5
Peixinho,PEX1_580,1836.55,CTS5
Peixinho,PEX1_620,1731.79,CTS1
Peixinho,PEX1_660,1621,CTS5
Peixinho,PEX1_700,1515.67,CTS1
Peixinho,PEX1_740,1427.3,CTS5
Peixinho,PEX1_780,1367.38,CTS5
Peixinho,PEX1_80,2009.64,CTS3
Peixinho,PEX1_820,1347.23,CTS1
Peixinho,PEX1_860,1343.31,CTS3
Peixinho,PEX1_900,1333.33,CTS3
Peixinho,PEX1_940,1318.38,CTS3
Peixinho,PEX1_980,1299.54,CTS4
Prata,PR_2020_151,1990,CTS5
Prata,PR_2020_155,1976,CTS3
Prata,PR_2020_159,1962,CTS4
Prata,PR_2020_163,1948,CTS3
Prata,PR_2020_167,1935,CTS4
Prata,PR_2020_171,1921,CTS5
Prata,PR_2020_175,1908,CTS5
Prata,PR_2020_179,1895,CTS3
Prata,PR_2020_183,1882,CTS4
Prata,PR_2020_187,1868,CTS4
Prata,PR_2020_191,1855,CTS4
Prata,PR_2020_195,1842,CTS4
Prata,PR_2020_199,1829,CTS3
Prata,PR_2020_201,1822,CTS4
Prata,PR_2020_205,1809,CTS3
Prata,PR_2020_209,1796,CTS3
Prata,PR_2020_213,1783,CTS3
Prata,PR_2020_217,1771,CTS4
Prata,PR_2020_221,1760,CTS4
Prata,PR_2020_225,1749,CTS4
Prata,PR_2020_229,1738,CTS3
Prata,PR_2020_233,1727,CTS3
Prata,PR_2020_237,1716,CTS4
Prata,PR_2020_241,1705,CTS3
Prata,PR_2020_245,1694,CTS4
Prata,PR_2020_249,1683,CTS4
Prata,PR_2020_251,1678,CTS4
Prata,PR_2020_255,1667,CTS4
Prata,PR_2020_259,1656,CTS4
Prata,PR_2020_263,1645,CTS4
Prata,PR_2020_267,1634,CTS4
Prata,PR_2020_271,1623,CTS4
Prata,PR_2020_275,1612,CTS4
Prata,PR_2020_279,1600,CTS4
Prata,PR_2020_283,1589,CTS4
Prata,PR_2020_287,1578,CTS4
Prata,PR_2020_291,1568,CTS4
Prata,PR_2020_295,1557,CTS4
Prata,PR_2020_299,1547,CTS4
Prata,PR_2020_301,1541,CTS4
Prata,PR_2020_305,1531,CTS4
Prata,PR_2020_309,1520,CTS4
Prata,PR_2020_313,1509,CTS4
Prata,PR_2020_317,1498,CTS4
Prata,PR_2020_321,1487,CTS4
Prata,PR_2020_325,1477,CTS4
Prata,PR_2020_329,1460,CTS4
Prata,PR_2020_333,1436,CTS4
Prata,PR_2020_337,1410,CTS4
Prata,PR_2020_341,1383,CTS4
Prata,PR_2020_345,1356,CTS4
Prata,PR_2020_349,1329,CTS4
Prata,PR_2020_351,1315,CTS4
Prata,PR_2020_355,1290,CTS4
Prata,PR_2020_359,1262,CTS4
Prata,PR_2020_361,1247,CTS5
Prata,PR_2020_375,1218,CTS5
Prata,PR_2020_379,1188,CTS5
Prata,PR_2020_383,1156,CTS4
Prata,PR_2020_387,1126,CTS5
Prata,PR_2020_391,1092,CTS5
Prata,PR_2020_395,1046,CTS5
Prata,PR_2020_399,929,CTS5
Prata,PR_2020_415,810,CTS4
Prata,PR_2020_419,733,CTS4
Santiago,SA11_02_145,1597,CTS1
Santiago,SA11_02_144,1603,CTS1
Santiago,SA11_02_143,1609,CTS1
Santiago,SA11_02_142,1615,CTS1
Santiago,SA11_02_141,1621,CTS3
Santiago,SA11_02_140,1628,CTS3
Santiago,SA11_02_139,1634,CTS3
Santiago,SA11_02_138,1640,CTS1
Santiago,SA11_02_137,1646,CTS1
Santiago,SA11_02_136,1652,CTS1
Santiago,SA11_02_135,1659,CTS1
Santiago,SA11_02_134,1665,CTS1
Santiago,SA11_02_133,1671,CTS1
Santiago,SA11_02_132,1677,CTS1
Santiago,SA11_02_131,1684,CTS1
Santiago,SA11_02_130,1690,CTS1
Santiago,SA11_02_129,1696,CTS1
Santiago,SA11_02_128,1702,CTS1
Santiago,SA11_02_127,1708,CTS1
Santiago,SA11_02_126,1715,CTS1
Santiago,SA11_02_125,1721,CTS1
Santiago,SA11_02_124,1727,CTS1
Santiago,SA11_02_123,1733,CTS1
Santiago,SA11_02_122,1739,CTS1
Santiago,SA11_02_121,1746,CTS1
Santiago,SA11_02_120,1752,CTS3
Santiago,SA11_02_119,1758,CTS3
Santiago,SA11_02_118,1764,CTS1
Santiago,SA11_02_117,1771,CTS1
Santiago,SA11_02_116,1777,CTS1
Santiago,SA11_02_115,1783,CTS1
Santiago,SA11_02_114,1789,CTS1
Santiago,SA11_02_113,1795,CTS1
Santiago,SA11_02_112,1802,CTS1
Santiago,SA11_02_111,1808,CTS1
Santiago,SA11_02_110,1814,CTS1
Santiago,SA11_02_109,1820,CTS1
Santiago,SA11_02_108,1826,CTS1
Santiago,SA11_02_106,1839,CTS1
Santiago,SA11_02_105,1845,CTS1
Santiago,SA11_02_104,1851,CTS1
Santiago,SA11_02_103,1858,CTS1
Santiago,SA11_02_102,1864,CTS1
Santiago,SA11_02_101,1869.4,CTS1
Santiago,SA11_02_100,1869.5,CTS1
Santiago,SA11_02_99,1869.5,CTS1
Santiago,SA11_02_97,1869.6,CTS1
Santiago,SA11_02_98,1869.6,CTS1
Santiago,SA11_02_95,1869.7,CTS1
Santiago,SA11_02_96,1869.7,CTS1
Santiago,SA11_02_93,1869.8,CTS1
Santiago,SA11_02_94,1869.8,CTS1
Santiago,SA11_02_91,1869.9,CTS1
Santiago,SA11_02_92,1869.9,CTS1
Santiago,SA11_02_90,1871,CTS1
Santiago,SA11_02_89,1872,CTS1
Santiago,SA11_02_88,1874,CTS1
Santiago,SA11_02_87,1875,CTS1
Santiago,SA11_02_86,1876,CTS1
Santiago,SA11_02_85,1877,CTS1
Santiago,SA11_02_84,1879,CTS1
Santiago,SA11_02_83,1880,CTS1
Santiago,SA11_02_82,1881,CTS1
Santiago,SA11_02_81,1882,CTS1
Santiago,SA11_02_80,1884,CTS1
Santiago,SA11_02_79,1885,CTS1
Santiago,SA11_02_78,1886,CTS1
Santiago,SA11_02_77,1887,CTS1
Santiago,SA11_02_76,1889,CTS1
Santiago,SA11_02_75,1890,CTS1
Santiago,SA11_02_74,1891,CTS1
Santiago,SA11_02_73,1892,CTS1
Santiago,SA11_02_72,1893,CTS1
Santiago,SA11_02_71,1895,CTS1
Santiago,SA11_02_70,1896,CTS1
Santiago,SA11_02_69,1897,CTS1
Santiago,SA11_02_68,1898,CTS1
Santiago,SA11_02_67,1900,CTS1
Santiago,SA11_02_66,1901,CTS1
Santiago,SA11_02_65,1902,CTS1
Santiago,SA11_02_64,1903,CTS1
Santiago,SA11_02_63,1905,CTS1
Santiago,SA11_02_62,1906,CTS1
Santiago,SA11_02_61,1907,CTS1
Santiago,SA11_02_60,1908,CTS1
Santiago,SA11_02_59,1910,CTS1
Santiago,SA11_02_58,1911,CTS1
Santiago,SA11_02_57,1912,CTS1
Santiago,SA11_02_56,1913,CTS1
Santiago,SA11_02_55,1914,CTS1
Santiago,SA11_02_54,1916,CTS1
Santiago,SA11_02_53,1917,CTS1
Santiago,SA11_02_52,1918,CTS1
Santiago,SA11_02_51,1919,CTS1
Santiago,SA11_02_50,1921,CTS1
Santiago,SA11_02_49,1922,CTS1
Santiago,SA11_02_48,1923,CTS1
Santiago,SA11_02_47,1924,CTS1
Santiago,SA11_02_46,1926,CTS1
Santiago,SA11_02_45,1927,CTS1
Santiago,SA11_02_44,1928,CTS1
Santiago,SA11_02_43,1929,CTS1
Santiago,SA11_02_42,1930,CTS1
Santiago,SA11_02_41,1932,CTS1
Santiago,SA11_02_40,1933,CTS1
Santiago,SA11_02_39,1934,CTS1
Santiago,SA11_02_38,1935,CTS4
Santiago,SA11_02_37,1937,CTS1
Santiago,SA11_02_36,1938,CTS1
Santiago,SA11_02_35,1939,CTS1
Santiago,SA11_02_34,1940,CTS1
Santiago,SA11_02_33,1942,CTS1
Santiago,SA11_02_32,1943,CTS1
Santiago,SA11_02_31,1944,CTS1
Santiago,SA11_02_30,1945,CTS1
Santiago,SA11_02_29,1947,CTS1
Santiago,SA11_02_28,1948,CTS1
Santiago,SA11_02_27,1949,CTS1
Santiago,SA11_02_26,1950,CTS1
Santiago,SA11_02_25,1951,CTS1
Santiago,SA11_02_24,1954,CTS1
Santiago,SA11_02_23,1956,CTS4
Santiago,SA11_02_22,1959,CTS1
Santiago,SA11_02_21,1961,CTS1
Santiago,SA11_02_20,1963,CTS1
Santiago,SA11_02_19,1966,CTS1
Santiago,SA11_02_18,1968,CTS1
Santiago,SA11_02_17,1971,CTS1
Santiago,SA11_02_16,1973,CTS1
Santiago,SA11_02_15,1975,CTS1
Santiago,SA11_02_14,1978,CTS1
Santiago,SA11_02_13,1980,CTS1
Santiago,SA11_02_12,1982,CTS1
Santiago,SA11_02_11,1985,CTS1
Santiago,SA11_02_10,1987,CTS1
Santiago,SA11_02_9,1990,CTS1
Santiago,SA11_02_8,1992,CTS1
Santiago,SA11_02_7,1994,CTS1
Santiago,SA11_02_6,1997,CTS1
Santiago,SA11_02_5,1999,CTS1
Santiago,SA11_02_4,2001,CTS1
Santiago,SA11_02_3,2004,CTS1
Santiago,SA11_02_2,2006,CTS1
Santiago,SA11_02_1,2009,CTS1
Santiago,SA11_02_0,2011,CTS1
