lake,zmax,prop_CTS1,mean_turnover,trophic_state
Funda,31.9,0.10526315789473684,2.3885662993076413,NA
Santiago,28.75,0.013793103448275862,1.4408196169824055,NA
Azul,25.35,0.096,1.610962514849029,NA
Peixinho,7.8,0.01818181818181818,1.3790033388973446,NA
Caveiro,3.5,0.07547169811320754,1.6292186095865444,NA
Empadadas Norte,3.3,0.06504065040650407,1.7276578865087124,NA
Caldeirao,2,0.10204081632653061,1.4935061628234543,mesotrophic
Ginjal,0.7,0.031578947368421054,1.9214132980202763,NA
Prata,NA,0.6923076923076923,2.7129801312010535,NA
