sitename,category,first_presence_ce,n_positive_samples
Azul,Cereals,1286,22
Caldeir<c3><a3>o,Cereals,1335.8,3
Caldeir<c3><a3>o Connor,Cereals,1522,15
Gingal,Cereals,1583,4
Peixinho,Cereals,1165.58,5
Pico da Esperan<c3><a7>a,Cereals,1723,3
Rasa,Cereals,1779,4
Azul,Plantago,1323.77,30
Caldeir<c3><a3>o,Plantago,1335.8,5
Caldeir<c3><a3>o Connor,Plantago,1590,20
Caveiro,Plantago,1608.6,13
Funda,Plantago,1455.75,10
Gingal,Plantago,1435,10
Peixinho,Plantago,1072.17,21
Pico Bog,Plantago,1733.03,1
Pico da Esperan<c3><a7>a,Plantago,1616,9
Rasa,Plantago,1263,13
