age_ce,n_lakes,high_profile,low_profile,motile,euplanktonic,algivore,detritivore,plantivore,predator,NAO_Median_Value,estimate
0,2,0.6230680024999999,0.08170944499999999,0.24860870499999999,0.046613845,0.66072770375,0.08876252500000001,0.08518414125,0.16532563,1.59,-0.5402754001442489
30,3,0.6068727633333333,0.10758043999999999,0.20085764333333334,0.08468915444444444,0.7102266344444444,0.05585227444444445,0.12264384,0.11127725111111111,0.6566666666666666,-0.5234924662011644
60,2,0.671684005,0.0234471775,0.25521359250000003,0.04965522,0.76809667,0.0959374025,0.09464616000000001,0.0413197675,0.7133333333333334,-0.5067105205845522
90,2,0.727983415,0.09135605,0.13610907,0.04455146,0.628565065,0.058600715,0.25757575499999996,0.055258465,0.7966666666666666,-0.49003913211657324
150,1,0.59386282,0.12274368,0.2400722,0.0433213,0.69035533,0.01015228,0.26395939,0.03553299,0.5533333333333333,-0.4600288180366213
180,3,0.5448109188888889,0.12071910999999999,0.22716314333333334,0.10730682666666666,0.6787886877777778,0.058670276666666674,0.1461495511111111,0.11639148777777777,0.046666666666666676,-0.44885897902289223
210,2,0.7468074687499999,0.073702515,0.143865105,0.03562491125,0.6948173237499999,0.0632641875,0.09176395000000001,0.15015453875,-0.10666666666666667,-0.44178435888036155
240,1,0.3765324,0.05078809,0.13835377,0.43432574,0.7037037,0.01234568,0.27160494,0.01234568,0.22,-0.44012125646039557
270,2,0.6399071525,0.0273309375,0.1703066725,0.16245524249999999,0.6961281525,0.07556737499999999,0.1393922175,0.088912255,0.23333333333333336,-0.4450272056267202
300,1,0.5972863433333333,0.09879981333333333,0.21792275333333333,0.08599109333333334,0.7055074566666667,0.02092352,0.21440596333333334,0.059163059999999996,0.9366666666666666,-0.45711803372952614
330,2,0.64941589,0.027441590000000002,0.20711448500000001,0.116028035,0.74582365,0.07048135999999999,0.138443985,0.045251009999999994,0.3,-0.47583802286424787
360,2,0.58431545,0.12126811000000001,0.186548155,0.10786828500000001,0.700573475,0.069892475,0.06874552,0.160788535,0.29,-0.49995557507766264
390,2,0.54081942,0.118697305,0.16450032999999997,0.175982945,0.6970696000000001,0.01068376,0.153968255,0.13827839,0.6366666666666667,-0.5276109103632446
420,2,0.58553656,0.045535635000000005,0.17978176,0.18914604999999998,0.70628087,0.06721399,0.17041561,0.05608953,0.15333333333333332,-0.5558039924968429
480,2,0.6034901975,0.076812605,0.188220375,0.13147682,0.6755118025,0.0747511975,0.158643185,0.091093815,0.27999999999999997,-0.5986204731764132
510,2,0.5347393549999999,0.140700475,0.299402115,0.025158055000000002,0.6917714850000001,0.00492611,0.15467024000000001,0.14863216499999998,0.9366666666666666,-0.6076871821567243
540,3,0.65802306,0.09798583,0.19532682,0.04866429,0.6611505466666666,0.046216679999999996,0.16514136666666668,0.12749141,1.24,-0.6079343207262627
570,1,0.7808642,0.00308642,0.10185185,0.11419753,0.69791667,0.13541667,0.0625,0.10416667,1.46,-0.6011994849553113
600,3,0.58465659,0.14078785,0.23836238,0.03619318,0.6537061066666667,0.055785886666666666,0.12123961333333334,0.16926839333333332,1.2266666666666666,-0.590515516723102
630,2,0.595805945,0.12271604,0.271248155,0.01022986,0.69581625,0.006329115,0.10925893,0.18859571,0.7733333333333333,-0.5788500870029979
660,1,0.7307078,0.025431765000000002,0.18401218,0.059848254999999996,0.68754101,0.13070046,0.06668307,0.11507545999999999,0.32666666666666666,-0.5680202895656891
690,1,0.70899471,0.08818342,0.19047619,0.01234568,0.61006289,0.00314465,0.22641509,0.16037736,-0.24,-0.5587099457423208
720,1,0.87341772,0.00632911,0.12025316,0,0.36363636,0,0.63636364,0,0.51,-0.5509429751446452
750,3,0.61103633,0.12545868666666665,0.19985129,0.06365369333333333,0.7030994666666667,0.050450449999999994,0.11070017666666666,0.13574991333333333,0.11,-0.5448303362220863
780,2,0.6563753575,0.11369361750000001,0.1789902725,0.050940752500000006,0.7828184650000001,0.06335848000000001,0.06490309,0.08891997,1.1066666666666667,-0.5408536866250593
810,1,0.91216216,0,0.08783784,0,0.26315789,0.02631579,0.71052632,0,0.30333333333333334,-0.5396514872434504
840,2,0.7700266,0.038961515,0.12389487499999999,0.06711700000000001,0.80451671,0.046793135,0.08696176,0.061728395,-0.10333333333333333,-0.5413250942297183
870,2,0.6315018324999999,0.09089133,0.18075702,0.09684981749999999,0.6226060849999999,0.061805555,0.17829797,0.1372903875,-0.25666666666666665,-0.5452215954959797
900,4,0.78823075,0.037014985,0.11504003,0.05971423,0.5940919775,0.032474130000000004,0.2104503775,0.16298351249999998,0.0033333333333333366,-0.5502632717363215
930,3,0.7311547183333333,0.047762135,0.13295970000000001,0.08812344833333334,0.6822271383333334,0.15382989,0.03865781666666667,0.12528515166666665,0.4633333333333333,-0.5556894837556214
960,4,0.7582006041666667,0.06630412166666666,0.12902294291666666,0.04647233208333334,0.49195981333333333,0.1523715875,0.13053825166666666,0.10013034583333333,-0.08999999999999998,-0.5614534842428427
990,4,0.73578023625,0.08301492875,0.13560791208333334,0.04559692291666667,0.6404417995833334,0.13458900208333333,0.11946985333333333,0.10549934583333334,-0.12,-0.5675466899738921
1020,3,0.8064166683333334,0.04419805833333334,0.12344254666666667,0.025942726666666666,0.70122687,0.07061994333333334,0.15804465999999998,0.07010852833333334,-0.7733333333333333,-0.5729691758989883
1050,3,0.7769319366666667,0.08935435166666666,0.098210485,0.035503223333333334,0.6486452833333333,0.10240597166666666,0.15075611,0.09819263,-0.07666666666666672,-0.5754812005949081
1080,4,0.66805449875,0.0895749,0.20063961000000002,0.041730992499999994,0.69923432,0.084048965,0.1407270175,0.0759896975,0.5333333333333333,-0.5724836044890239
1110,4,0.691744384,0.035984759500000005,0.166558305,0.1057125545,0.8088893075,0.097264146,0.035111563,0.058734985,0.09333333333333334,-0.5628636290773084
1140,4,0.6697443725,0.0629073675,0.15113259,0.11621566833333333,0.64603890625,0.04748630958333334,0.22436716375,0.08210762124999998,0.9733333333333333,-0.5477630065972124
1170,4,0.6390547583333334,0.054050465,0.11356358250000001,0.19333119416666666,0.6780363975,0.05761904833333333,0.172675575,0.09166898,0.6,-0.5287389433451117
1200,5,0.68767303,0.058070732,0.09191152500000001,0.162344714,0.664121718,0.109671379,0.110380588,0.115826313,-0.42333333333333334,-0.5051023914532893
1230,4,0.6671829650000001,0.04169951708333333,0.09825991708333334,0.19285760083333334,0.58785183125,0.17476471458333334,0.17870213875000002,0.058681315,-1.5766666666666667,-0.47307469504414157
1260,6,0.5621646395925926,0.1173818960925926,0.16437814864814815,0.1560753172037037,0.5773996508148148,0.08478259633333333,0.219656847,0.11816090318518518,0.7966666666666666,-0.4280964246433042
1290,6,0.5089112021428571,0.11814861456349206,0.2678911578174603,0.10504902373015874,0.6060150377380953,0.09009639075396825,0.2264959382936508,0.07739263547619048,1.9733333333333334,-0.36865667031169225
1320,6,0.46912383722222223,0.12865080361111111,0.2534542355555556,0.1487711248611111,0.5637743534722222,0.10041396930555556,0.2905417036111111,0.04526997236111111,0.49,-0.29949473820013517
1350,6,0.4519679352777778,0.11924825305555556,0.23581567555555555,0.19296813805555554,0.6373101147222222,0.10932622972222222,0.1968498025,0.05651385388888889,-0.11666666666666667,-0.22787735078965998
1380,5,0.5144809648571429,0.11192408,0.21036557957142857,0.16322937885714286,0.6499988589285715,0.09326673828571427,0.1853541695,0.07138023407142857,-0.45666666666666667,-0.15770200879307716
1410,7,0.4075544270238095,0.12332054285714286,0.2761364517142857,0.19298857654761906,0.7482491889761905,0.07416909714285715,0.1425467109285714,0.035035004142857144,0.09,-0.08824331285838759
1440,7,0.4565470956190476,0.1488605954761905,0.2540618536190476,0.14053045442857146,0.6009926491428571,0.12877260976190477,0.20973519195238097,0.06049954957142857,-0.8133333333333334,-0.016622722209928373
1470,6,0.4301659991111111,0.14952996522222223,0.2686552271111111,0.15164880799999997,0.5852444806944445,0.19044730669444443,0.16640542333333333,0.057902791111111115,-1.0233333333333334,0.05895727615938817
1500,7,0.4831045686111111,0.1399543689285714,0.17785590273809523,0.19908515761904763,0.6001727588888889,0.19740041936507938,0.15324893567460318,0.04917788464285714,-0.9633333333333334,0.13782398325762504
1530,7,0.4493173337142857,0.2046074365,0.21081582192857143,0.13525940528571428,0.5776798402142858,0.16169499492857145,0.17957015985714284,0.08105500678571428,-0.47333333333333333,0.2172693139937508
1560,6,0.5261033951111111,0.24426347627777778,0.2188031232777778,0.010830006555555556,0.5147288275555556,0.1427339982222222,0.27654785033333334,0.065989325,-0.6066666666666667,0.294022330954115
1590,7,0.44229237654761905,0.16976277321428573,0.15949474773809524,0.22845010142857142,0.6373095116666667,0.10999018333333334,0.16684645857142857,0.08585384535714287,-0.13333333333333333,0.36518717565150904
1620,9,0.46409623094444447,0.1816543453888889,0.16064140481481481,0.19360801666666666,0.7327996069444445,0.036584858425925924,0.17253430672222222,0.05808122759259259,0.046666666666666676,0.4287025514234719
1650,7,0.43798360457142854,0.2402345250952381,0.1860031459047619,0.1357787241428571,0.6081463026190476,0.05128703052380952,0.14217058590476192,0.05553893885714285,-0.5166666666666667,0.4837473520994497
1680,7,0.3881136371428571,0.30097418419047617,0.17823602733333332,0.13267615152380952,0.5866778018095238,0.06535989119047618,0.15289075814285713,0.05221440614285714,-0.8133333333333334,0.5310097587297632
1710,9,0.385237110537037,0.19444078077777777,0.15890537346296296,0.2614167355,0.7916193012592593,0.05618427731481482,0.1039532637962963,0.04824315725925926,-0.6166666666666667,0.5725648689045238
1740,8,0.4163161757291667,0.33089540697916664,0.16721140104166668,0.08557701552083334,0.6517091971875,0.05898058083333334,0.1032734278125,0.061036792812500004,-0.6366666666666666,0.6111881240660807
1770,7,0.3168893517142857,0.17917289653968255,0.18950739476190476,0.3144303582222222,0.7440600042222222,0.08424294904761905,0.11106689323809524,0.06063015225396825,0.09333333333333335,0.6490796774004027
1800,8,0.37709588925000004,0.29493226020833335,0.15705141391666666,0.17092043693749998,0.6602783087291667,0.0783855620625,0.09098015202083334,0.045355979208333334,-0.7366666666666667,0.6866318196622058
1830,8,0.47498345430681815,0.18594819813636362,0.16632070189204545,0.17274764672727272,0.6497930171420454,0.06624261767045454,0.126538781125,0.03242558371590909,-0.24666666666666665,0.7219563072686402
1860,7,0.4182065983227513,0.1982427832010582,0.23304667975132276,0.15050393915343915,0.6716785066190476,0.09374732559259259,0.22546603562433862,0.009108133486772486,0.016666666666666673,0.7522385584895671
1890,8,0.44727589841875,0.18098685010416665,0.18417516537291667,0.18756208726041668,0.5856216179625,0.05389632041666667,0.21905144267083335,0.016430619,0.08666666666666666,0.7761640052558763
1920,9,0.42787313891203704,0.1840984509861111,0.1580571878287037,0.22997122019907407,0.5297928607407407,0.10743550351851852,0.2287041471990741,0.018326747175925927,0.4233333333333334,0.7953088545144664
1950,8,0.3791865592296245,0.15049075891483515,0.17675817184180403,0.2935645094871795,0.599847965694826,0.0993266703228022,0.19184660959134617,0.016030037884615385,-0.13,0.8128297923504824
1980,8,0.4324598467846459,0.08218663384478023,0.14276090450717338,0.3425926164549756,0.6742849655764652,0.085387342336080585,0.16941575414056775,0.017340509464743588,1.14,0.8307852555620685
2010,5,0.438678318,0.1191429872,0.1311737168,0.31100497800000004,0.8263672776000001,0.05,0.10662914679999999,0.017003575599999998,NA,0.8403058219695132
