lake,island,age_ce,age_as_published,event,status,evidence_in_lake,source,reference,notes
Azul,São Miguel,1630,1630 CE (historical),Furnas 1630 CE eruption (regional ashfall candidate),NOT SUPPORTED,none reported,Sáez 2025 Table 1 (Azul: tephra only 'at the base') and §10.1 (Furnas 1630 possibly recorded only in Furnas lake core); Raposeiro 2021 Fig. 2E (single tephra at ~1270 CE),Sáez et al. 2025; Raposeiro et al. 2021; Vázquez-Loureiro et al. 2023,Replace with P17 row below. No Furnas 1630 layer in any study lake.
Caveiro,Pico,1630,1630 CE (historical),Furnas 1630 CE eruption (regional ashfall candidate),NOT SUPPORTED as Furnas (see Caveiro ~1615 CE row),no visible tephra; a proxy-inferred tephra at ~335 cal BP (~1615 CE) in the Björck core,"Björck 2006 Table 3 (proxy tephra at 118.5 cm, ~335 cal BP) and §4.2.2 (all analysed Caveiro glasses basaltic: hawaiite–mugearite); Sáez 2025 §10.2",Björck et al. 2006; Sáez et al. 2025,"Caveiro tephras are basaltic (local Pico sources), whereas Furnas 1630 is trachytic; ~280 km distance."
Peixinho,Pico,1630,1630 CE (historical),Furnas 1630 CE eruption (regional ashfall candidate),NOT SUPPORTED,none reported; record has a hiatus after ~1430 CE,Raposeiro 2021 Fig. 2C (tephra only ~630–670 CE; hiatus after ~1430 CE); Sáez 2025 §10.2,Raposeiro et al. 2021; Sáez et al. 2025,Peixinho cannot record 1630 CE: sedimentary hiatus (Raposeiro 2021 Fig. 2C). Check how the hiatus is handled in the 30-yr binning.
Funda,Flores,1630,1630 CE (historical),Furnas 1630 CE eruption (regional ashfall candidate),NOT SUPPORTED,none reported,Sáez 2025 Table 1 (Funda FN-02: 0 interbedded tephra layers); Raposeiro 2021 Fig. 2B (no tephra bar),Sáez et al. 2025; Raposeiro et al. 2021,NA
Santiago,São Miguel,1630,1630 CE (historical),Furnas 1630 CE eruption (regional ashfall candidate),NOT SUPPORTED,none reported,"Sáez 2025 Table 1 (Santiago: 2 layers = P17 + 1868–1893 CE slump) and §10.1; Vázquez-Loureiro 2023 §4.1 (Units 1–5: P17 at base, reworked pumice slump 1868–1893 CE)",Sáez et al. 2025,Replace with Santiago rows below.
Caldeirao,Corvo,1000,—,Approximate medieval tephra tie-point (verify),NOT SUPPORTED,none reported,"Sáez 2025 Table 1 (tephra only at base, >4.2 ka) and §10.5 (last Corvo volcanism 80–100 ka); Raposeiro 2021 Fig. 2A (no tephra bar)",Sáez et al. 2025; Raposeiro et al. 2021,No tephra in the Caldeirão record within the study window.
Caveiro,Pico,1000,"Cav-A, 227–229 cm, ~1000 cal BP (~950 CE)",Approximate medieval tephra tie-point (verify) = Cav-A basaltic tephra,SUPPORTED (Björck core); see Cav-A row,visible black gravelly tephra (Cav-A),"Björck 2006 Table 2 (Cav-A, 227–229 cm) and Table 3 (~1000 cal BP)",Björck et al. 2006,"Placeholder confirmed by Björck 2006, not by Sáez 2025 (different core CVL-1B). See Cav-A row for source."
Peixinho,Pico,1000,—,Approximate medieval tephra tie-point (verify),NOT FOUND in Peixinho; equivalent layer exists in Caveiro (Cav-A ~950 CE),Peixinho tephras only at ~630–670 CE,Raposeiro 2021 Fig. 2C; Sáez 2025 §10.2; Björck 2006 Table 3,Raposeiro et al. 2021; Sáez et al. 2025; Björck et al. 2006,Superseded by the Peixinho ~650 CE row; ~1000 CE tie-point belongs to Caveiro.
Azul,São Miguel,1270,"1235±75 CE (Raposeiro 2017, 2021, 2024); Azul P17 pumice Beta-331409 690±30 14C BP = 1284–1327 cal CE 2σ (Raposeiro 2024 Table 1); ~1290 CE (Vázquez-Loureiro 2023; Hernández 2017); 663±105 a BP (Shotton & Williams 1971); 500±100 a BP (Moore & Rubin 1991); palaeosols below P17 585±68 and 476±56 cal BP = 1297–1374 and 1418–1524 cal CE 2σ, charcoal in P17 526±139 14C BP, 226Ra-230Th max. eruptive ages 762±14 and 730±15 yr (Conte 2019 Table 1, §4.9); 500±100 and 663±105 14C BP (Queiroz 2008 Table 2)","Sete Cidades P17 eruption (sub-Plinian, hydromagmatic)",SUPPORTED,primary fallout at core base (facies VF5/VF7),"Sáez 2025 §10.1, Table 1, Fig. 14 (point 5); Raposeiro 2021 Fig. 2E (grey bar ~1270 CE); Hernández 2017 §4.1 (discussion of P17 age)",Sáez et al. 2025; Raposeiro et al. 2021; Hernández et al. 2017; Raposeiro et al. 2017; Vázquez-Loureiro et al. 2019; Queiroz et al. 2008; Conte et al. 2019,Age of P17 differs by source (~1235–1524 CE); note Raposeiro 2024 quotes 1235±75 CE in text but its own Table 1 calibrates the Azul P17 date to 1284–1327 CE. Record starts at/above the tephra.
Santiago,São Miguel,1290,~1290 CE (Vázquez-Loureiro 2023),Sete Cidades P17 eruption,SUPPORTED,"primary fallout, Unit 1, lowest 6 cm of core SA11-1B: grey massive fine ash (F1) with reverse-graded pumiceous fine lapilli (F2); upper part of P17",Vázquez-Loureiro 2023 §4.1 (Unit 1) and §4.2 (P17 used as age tie point); Sáez 2025 §10.1 and Table 1,Vázquez-Loureiro et al. 2023; Sáez et al. 2025; Queiroz et al. 2008; Shotton & Williams 1971,P17 is the base of the Santiago record; Unit 2 ages interpolated between P17 (1290 CE) and Unit 4 (1870 CE).
Santiago,São Miguel,1880,"Unit 4, between 14C dates of 1868 CE (top) and 1893 CE (bottom), core SA11-3B; correlated with the 1870 CE flood",Slumped pumice-rich pyroclastic deposit (pre-existing coarse tephra remobilised) with distal fine laminae and whitish layer W,NOT A PRIMARY TEPHRA (reworked),pumice-rich tephra + sandy gravel with plastic deformation (F6); distal grey muds (F7); up to 75 cm,Vázquez-Loureiro 2023 §4.1 (Units 3–4) and §4.2; Sáez 2025 §10.1,Vázquez-Loureiro et al. 2023; Sáez et al. 2025,"Vázquez-Loureiro 2023 interpret it as a slump of an older pyroclastic deposit, coeval with the 1870 CE flood (also in Azul). Sáez 2025 states Vázquez-Loureiro 2023 suggested the 1811 Sabrina eruption, but that attribution does not appear in the 2023 paper; Sáez 2025 itself favours reworking. Treat as reworked, not an eruption."
Empadadas Norte,São Miguel,1300,"Unit 1, bottom–239 cm; ca. 1350 CE in age model; P17 tie 663±105 a BP; confining sediments 725–630 cal BP",Sete Cidades P17 eruption,SUPPORTED,"primary fallout, Unit 1 (facies T: lapilli and fine ash)","Hernández 2017 §4.2.1, Fig. 3 (P17 as age tie point); Sáez 2025 §10.1 and Table 1 ('basal+2')",Hernández et al. 2017; Sáez et al. 2025; Queiroz et al. 2008,Empadadas sits on the Picos fissure system next to Sete Cidades.
Empadadas Norte,São Miguel,1441,Unit 3 (214–166 cm; ca. 1450–1850 CE),Fine-grained tephra layer: secondary deposit from Furnas I eruption (1439–43 CE),TENTATIVE,"fine ash layer (facies T), interpreted as secondary",Hernández 2017 §4.2.3; Sáez 2025 Table 1 ('basal+2'),"Hernández et al. 2017; Madeira 2007; Guest et al. 1999, 2015","Only lake evidence for a Furnas eruption in the study lakes; it is Furnas I (1439–43), not Furnas 1630. Exact depth not given in text; see Hernández 2017 Fig. 2."
Empadadas Norte,São Miguel,1563,Unit 3 (214–166 cm; ca. 1450–1850 CE),Fine-grained tephra layer: secondary deposit from Fogo 1563 CE eruption,TENTATIVE,"fine ash layer (facies T), interpreted as secondary",Hernández 2017 §4.2.3; Sáez 2025 Table 1 ('basal+2'),Hernández et al. 2017; Madeira 2007; Booth et al. 1978; Wallenstein et al. 2015,As above.
Prata,São Miguel,1235,"373–363 cm, pumice ash with dispersed lapilli; age 1235±75 CE adopted (alternatives 1378±110 CE, Moore & Rubin 1991; 1307±140 CE, Shotton & Williams 1971)",Sete Cidades P17 eruption,SUPPORTED,primary tephra (no lacustrine or terrigenous elements); age-model tie point,"Raposeiro 2024 §2.2, §3.1, Table 1, Fig. 2; Sáez 2025 §10.1",Raposeiro et al. 2024; Sáez et al. 2025; Raposeiro et al. 2017; Queiroz et al. 2008,NA
Prata,São Miguel,920,"406–401 cm, scoria lapilli; age-model age 920±130 CE; Pico do Carvão dated 1280±150 14C yr BP = 768±127 CE (Moore & Rubin 1991)",Pico do Carvão basaltic eruption (Picos Fissural System; cone 1.5 km N of Prata),SUPPORTED (layer); attribution TENTATIVE,primary scoria lapilli fall,"Raposeiro 2024 §3.1; Sáez 2025 §10.1, Fig. 14 (point 6)",Raposeiro et al. 2024; Queiroz et al. 2008; Moore & Rubin 1991; Booth et al. 1978; Sáez et al. 2025,Age-model age (920 CE) is ~150 yr younger than the 14C age of the eruption (768 CE). Queiroz 2008 §4.2 lists two scoria deposits above P15 in this area: Pico do Carvão (1280±150 BP) and Pico das Ferrarias fissure eruption (980±90 BP); the latter is an alternative source to check.
Prata,São Miguel,640,"450–421 cm, pumice lapilli and ash; directly below 14C date 1380±15 BP = 653–677 cal CE at 421 cm (base of core 450 cm)",Sete Cidades P15 eruption,SUPPORTED (layer); attribution TENTATIVE,"primary pumice lapilli and ash fall (thickest tephra in the core, ~29 cm)","Raposeiro 2024 §3.1, Table 1; Conte 2019 Table 1 (palaeosol below P15: 1530±65 14C BP = 406–642 cal CE 2σ); Queiroz 2008 §4.1.15; Sáez 2025 §10.1, Fig. 14 (point 7)",Raposeiro et al. 2024; Conte et al. 2019; Queiroz et al. 2008; Sáez et al. 2025,"Bracketed 406–642 cal CE (Conte 2019) and <653–677 CE (Prata date above it). Raposeiro 2024 states the core spans ca. 750–2020 CE, inconsistent with its own 654 CE date at 421 cm; check. Prata is the only study lake with three tephras."
Ginjal,Terceira,1400,below terrigenous sediments dated 505 a BP; grey bar ~1390 CE in Raposeiro 2021 Fig. 2D,"Basal ash (VF1), possibly Pico Alto (or fissure zone / Santa Bárbara); source uncertain",TENTATIVE (source unknown),basal ash layer,"Sáez 2025 §10.3, Fig. 8; Raposeiro 2021 Fig. 2D",Sáez et al. 2025; Raposeiro et al. 2021; Self 1976; Calvert et al. 2006,"Pre-colonisation; at base of record, so it predates the aquatic series."
Peixinho,Pico,650,grey bars ~630 and ~670 CE (Raposeiro 2021 Fig. 2C); 'single scoria lapilli layer ~1.2 ka cal BP' (Sáez 2025 text); 3 layers in Sáez 2025 Table 1,Basaltic scoria lapilli from a proximal Planalto da Achada eruption,SUPPORTED (layer); attribution TENTATIVE,scoria lapilli layer(s),"Raposeiro 2021 Fig. 2C; Sáez 2025 §10.2, Table 1, Fig. 14 (point 8); Béguin 2021 Table 1 (sites PI15, PI16)",Raposeiro et al. 2021; Sáez et al. 2025; Béguin et al. 2021; Björck et al. 2006; Nunes 1999,"Sáez 2025 attributes it to the eruption above palaeosol CP20 (1105±45 BP = 893–986 CE; Béguin 2021 site PI16, ~2 km N of Peixinho), which postdates ~650 CE. A better age match is the lava dated by palaeosol CP21 (1405±50 BP = 602–663 CE; Béguin 2021 site PI15, ~1.3 km from Peixinho), and Caveiro has a coeval tephra (Cav-B, ~650 CE; Björck 2006). Flag for co-authors."
Caveiro,Pico,-1050,"~3.0 ka cal BP (Sáez 2025, core CVL-1B); in the Björck core the nearest are Cav-F 3050 and Cav-G 3250 cal BP (both geochemically analysed)",Coarse dark basaltic ash (VF3/VF6); no subaerial equivalent identified,SUPPORTED (layer); source unknown,coarse ash layer,"Sáez 2025 §10.2, Fig. 7; Björck 2006 Tables 2–4",Sáez et al. 2025; Björck et al. 2006,Before the 0–2010 CE window. Björck core also has Cav-C/D/E at 2700–2775 cal BP.
Caveiro,Pico,950,"Cav-A, 227–229 cm; ~1000 cal BP (Björck age model)","Basaltic tephra from a proximal Planalto da Achada eruption; best age match the CP20 eruption (1105±45 BP = 893–986 cal CE; lava site PI16, ~2.6 km from Caveiro)",SUPPORTED (layer); attribution TENTATIVE (my inference),visible black gravelly tephra; glass analysed,Björck 2006 Tables 2–4; Béguin 2021 Table 1 (PI16); Sáez 2025 §10.2 (CP20 eruption),Björck et al. 2006; Béguin et al. 2021; Nunes 1999; Sáez et al. 2025,Sáez 2025 assigned CP20 to Peixinho/Landroal/Caiado scoria; age fits Caveiro Cav-A better. Not reported by Sáez 2025 for core CVL-1B — check against the Caveiro core used in the MS.
Caveiro,Pico,650,"Cav-B, 258–259 cm; ~1300 cal BP",Basaltic tephra; same age as Peixinho tephra (~630–670 CE) and CP21 lava (602–663 cal CE),SUPPORTED (layer); attribution TENTATIVE (my inference),visible dark sandy tephra,Björck 2006 Tables 2–3; Raposeiro 2021 Fig. 2C; Béguin 2021 Table 1 (PI15),Björck et al. 2006; Raposeiro et al. 2021; Béguin et al. 2021; Nunes 1999,Candidate regional marker shared by Caveiro and Peixinho (2.4 km apart). Glass not analysed for Cav-B.
Caveiro,Pico,1615,"118.5 cm; ~335 cal BP (proxy-inferred: magnetic susceptibility, C, N)","Possible tephra, source unknown (Pico historical eruptions 1562–64 / 1718 / 1720 are nearer in space and time than Furnas 1630)","TENTATIVE (proxy only, not visible)",none visible,Björck 2006 Table 3,Björck et al. 2006,Sáez 2025 states no Pico historical eruption is recorded in the studied lakes; Björck's proxy layer is not confirmed visually.
Caveiro,Pico,1350,"184.3 cm; ~600 cal BP (proxy-inferred: magnetic susceptibility, C, N)","Possible tephra, source unknown",TENTATIVE (proxy only),none visible,Björck 2006 Table 3,Björck et al. 2006,NA
Caveiro,Pico,500,285 cm; ~1450 cal BP (proxy-inferred: diatom pH),"Possible tephra, source unknown",TENTATIVE (proxy only),none visible,Björck 2006 Table 3,Björck et al. 2006,NA
Caveiro,Pico,100,"324.8 cm; ~1850 cal BP (proxy-inferred: magnetic susceptibility, C, N)","Possible tephra, source unknown",TENTATIVE (proxy only),none visible,Björck 2006 Table 3,Björck et al. 2006,NA
Funda,Flores,1200,c. 1200 CE (Unit 2),Gravel-sized clast layer — NOT volcanic: interpreted as alluvial flood / erosive event,NOT A TEPHRA,"one layer of gravel-sized clasts within mud with six thin sand layers (Unit 2, c. 1000–1450 CE)",Richter 2022 §2 (age model: gravelly alluvial flood layers removed) and §3.1 (Units 1–3); Sáez 2025 Table 1 (Funda: 0 tephra layers),"Richter et al. 2022; Sáez et al. 2025; Andrade et al. 2022, 2023",Earlier listing as a 'volcanic layer' came from a web summary and is wrong. Richter 2022 describes gravelly alluvial flood layers (removed from the age model) and pre-1000 CE mass-wasting layers. No Flores eruption younger than ~3180 cal BP.
