,.smooth,.type,.by,.estimate,.se,age,sitename,.lower_ci,.upper_ci
1,s(age),TPRS,NA,0.647635959,0.120138981,-66.94,NA,0.412167884,0.883104034
2,s(age),TPRS,NA,0.639225489,0.111434302,-47.51636364,NA,0.42081827,0.857632707
3,s(age),TPRS,NA,0.630915206,0.104334605,-28.09272727,NA,0.426423139,0.835407273
4,s(age),TPRS,NA,0.622893871,0.098836848,-8.669090909,NA,0.429177209,0.816610533
5,s(age),TPRS,NA,0.615354227,0.094580605,10.75454545,NA,0.429979647,0.800728807
6,s(age),TPRS,NA,0.608346592,0.091192542,30.17818182,NA,0.429612494,0.787080689
7,s(age),TPRS,NA,0.601619281,0.088440726,49.60181818,NA,0.428278643,0.774959919
8,s(age),TPRS,NA,0.594621522,0.086122728,69.02545455,NA,0.425824076,0.763418968
9,s(age),TPRS,NA,0.586698799,0.084061956,88.44909091,NA,0.421940392,0.751457206
10,s(age),TPRS,NA,0.577318964,0.082189926,107.8727273,NA,0.41622967,0.738408259
11,s(age),TPRS,NA,0.566240429,0.080473819,127.2963636,NA,0.408514642,0.723966216
12,s(age),TPRS,NA,0.553539979,0.078860455,146.72,NA,0.398976329,0.70810363
13,s(age),TPRS,NA,0.539455723,0.077305362,166.1436364,NA,0.387939997,0.690971449
14,s(age),TPRS,NA,0.524154791,0.075764612,185.5672727,NA,0.37565888,0.672650702
15,s(age),TPRS,NA,0.507495149,0.074239521,204.9909091,NA,0.361988361,0.653001937
16,s(age),TPRS,NA,0.489095812,0.072698496,224.4145455,NA,0.346609377,0.631582246
17,s(age),TPRS,NA,0.46841936,0.071129579,243.8381818,NA,0.329007947,0.607830773
18,s(age),TPRS,NA,0.444875725,0.069588987,263.2618182,NA,0.308483816,0.581267634
19,s(age),TPRS,NA,0.418016703,0.068086243,282.6854545,NA,0.284570118,0.551463287
20,s(age),TPRS,NA,0.387735151,0.066611892,302.1090909,NA,0.257178242,0.51829206
21,s(age),TPRS,NA,0.354339445,0.065199009,321.5327273,NA,0.226551735,0.482127155
22,s(age),TPRS,NA,0.318382718,0.063844312,340.9563636,NA,0.193250167,0.443515269
23,s(age),TPRS,NA,0.280463116,0.062528274,360.38,NA,0.157909951,0.403016281
24,s(age),TPRS,NA,0.241118085,0.061270969,379.8036364,NA,0.121029192,0.361206978
25,s(age),TPRS,NA,0.200793661,0.060076115,399.2272727,NA,0.08304664,0.318540683
26,s(age),TPRS,NA,0.159871348,0.058942146,418.6509091,NA,0.044346864,0.275395831
27,s(age),TPRS,NA,0.118740615,0.057874918,438.0745455,NA,0.005307859,0.23217337
28,s(age),TPRS,NA,0.077854091,0.056873111,457.4981818,NA,-0.033615158,0.18932334
29,s(age),TPRS,NA,0.037708205,0.055918793,476.9218182,NA,-0.071890616,0.147307026
30,s(age),TPRS,NA,-0.001324644,0.055015811,496.3454545,NA,-0.109153652,0.106504365
31,s(age),TPRS,NA,-0.039135098,0.054209385,515.7690909,NA,-0.14538354,0.067113344
32,s(age),TPRS,NA,-0.075877758,0.053485835,535.1927273,NA,-0.180708069,0.028952553
33,s(age),TPRS,NA,-0.112015129,0.052854608,554.6163636,NA,-0.215608258,-0.008422001
34,s(age),TPRS,NA,-0.148083254,0.052366967,574.04,NA,-0.250720624,-0.045445884
35,s(age),TPRS,NA,-0.184364663,0.052068273,593.4636364,NA,-0.286416603,-0.082312723
36,s(age),TPRS,NA,-0.220559148,0.051943359,612.8872727,NA,-0.322366261,-0.118752035
37,s(age),TPRS,NA,-0.255686645,0.052001546,632.3109091,NA,-0.357607803,-0.153765487
38,s(age),TPRS,NA,-0.288161049,0.052329568,651.7345455,NA,-0.390725117,-0.18559698
39,s(age),TPRS,NA,-0.316311367,0.052889303,671.1581818,NA,-0.419972496,-0.212650239
40,s(age),TPRS,NA,-0.339179301,0.053617245,690.5818182,NA,-0.444267171,-0.234091431
41,s(age),TPRS,NA,-0.356973596,0.054549873,710.0054545,NA,-0.463889384,-0.250057809
42,s(age),TPRS,NA,-0.370600752,0.055686132,729.4290909,NA,-0.479743566,-0.261457938
43,s(age),TPRS,NA,-0.381185222,0.056950826,748.8527273,NA,-0.49280679,-0.269563654
44,s(age),TPRS,NA,-0.389851405,0.058297393,768.2763636,NA,-0.504112195,-0.275590615
45,s(age),TPRS,NA,-0.397379829,0.059755463,787.7,NA,-0.514498384,-0.280261274
46,s(age),TPRS,NA,-0.404094326,0.061348384,807.1236364,NA,-0.524334951,-0.283853702
47,s(age),TPRS,NA,-0.409978195,0.063003302,826.5472727,NA,-0.533462397,-0.286493993
48,s(age),TPRS,NA,-0.414732341,0.064681622,845.9709091,NA,-0.54150599,-0.287958692
49,s(age),TPRS,NA,-0.417987634,0.066381138,865.3945455,NA,-0.548092273,-0.287882995
50,s(age),TPRS,NA,-0.419484234,0.068072887,884.8181818,NA,-0.552904641,-0.286063827
51,s(age),TPRS,NA,-0.419105294,0.069716454,904.2418182,NA,-0.555747032,-0.282463555
52,s(age),TPRS,NA,-0.41691674,0.071340318,923.6654545,NA,-0.556741194,-0.277092286
53,s(age),TPRS,NA,-0.413119382,0.072977009,943.0890909,NA,-0.556151692,-0.270087072
54,s(age),TPRS,NA,-0.408005975,0.074634504,962.5127273,NA,-0.554286915,-0.261725035
55,s(age),TPRS,NA,-0.401962459,0.076339002,981.9363636,NA,-0.551584154,-0.252340764
56,s(age),TPRS,NA,-0.395400603,0.078109452,1001.36,NA,-0.548492315,-0.242308891
57,s(age),TPRS,NA,-0.388729936,0.079945806,1020.783636,NA,-0.545420837,-0.232039036
58,s(age),TPRS,NA,-0.382302967,0.081820511,1040.207273,NA,-0.542668221,-0.221937712
59,s(age),TPRS,NA,-0.376398917,0.08372122,1059.630909,NA,-0.540489493,-0.21230834
60,s(age),TPRS,NA,-0.371203295,0.085668409,1079.054545,NA,-0.539110292,-0.203296299
61,s(age),TPRS,NA,-0.366854158,0.087609881,1098.478182,NA,-0.538566369,-0.195141946
62,s(age),TPRS,NA,-0.363426544,0.089496859,1117.901818,NA,-0.538837165,-0.188015923
63,s(age),TPRS,NA,-0.360927792,0.091357106,1137.325455,NA,-0.53998443,-0.181871154
64,s(age),TPRS,NA,-0.359325241,0.093217276,1156.749091,NA,-0.542027744,-0.176622738
65,s(age),TPRS,NA,-0.358564891,0.095082068,1176.172727,NA,-0.54492232,-0.172207461
66,s(age),TPRS,NA,-0.35858324,0.096956366,1195.596364,NA,-0.548614225,-0.168552255
67,s(age),TPRS,NA,-0.359338193,0.098857924,1215.02,NA,-0.553096164,-0.165580222
68,s(age),TPRS,NA,-0.360833587,0.10083374,1234.443636,NA,-0.558464085,-0.163203088
69,s(age),TPRS,NA,-0.363105549,0.102890576,1253.867273,NA,-0.564767373,-0.161443725
70,s(age),TPRS,NA,-0.366230737,0.105026392,1273.290909,NA,-0.572078682,-0.160382792
71,s(age),TPRS,NA,-0.370279527,0.107203828,1292.714545,NA,-0.58039517,-0.160163885
72,s(age),TPRS,NA,-0.375229038,0.109410136,1312.138182,NA,-0.589668964,-0.160789112
73,s(age),TPRS,NA,-0.380929265,0.111621897,1331.561818,NA,-0.599704163,-0.162154367
74,s(age),TPRS,NA,-0.387045242,0.113805774,1350.985455,NA,-0.610100461,-0.163990024
75,s(age),TPRS,NA,-0.392977827,0.115991091,1370.409091,NA,-0.620316187,-0.165639466
76,s(age),TPRS,NA,-0.398080363,0.118174503,1389.832727,NA,-0.629698133,-0.166462594
77,s(age),TPRS,NA,-0.401651849,0.120342504,1409.256364,NA,-0.637518822,-0.165784876
78,s(age),TPRS,NA,-0.403013414,0.122498865,1428.68,NA,-0.643106777,-0.16292005
79,s(age),TPRS,NA,-0.40161695,0.124650133,1448.103636,NA,-0.645926722,-0.157307178
80,s(age),TPRS,NA,-0.397187826,0.126769853,1467.527273,NA,-0.645652172,-0.14872348
81,s(age),TPRS,NA,-0.389921173,0.12886635,1486.950909,NA,-0.642494578,-0.137347767
82,s(age),TPRS,NA,-0.38044603,0.1309841,1506.374545,NA,-0.637170149,-0.123721911
83,s(age),TPRS,NA,-0.369645053,0.133136329,1525.798182,NA,-0.630587464,-0.108702642
84,s(age),TPRS,NA,-0.358561046,0.135291084,1545.221818,NA,-0.623726697,-0.093395395
85,s(age),TPRS,NA,-0.348281965,0.137433058,1564.645455,NA,-0.617645809,-0.078918121
86,s(age),TPRS,NA,-0.339696278,0.139619958,1584.069091,NA,-0.613346367,-0.066046188
87,s(age),TPRS,NA,-0.333519518,0.141926462,1603.492727,NA,-0.611690272,-0.055348765
88,s(age),TPRS,NA,-0.330309085,0.144394975,1622.916364,NA,-0.613318036,-0.047300134
89,s(age),TPRS,NA,-0.330468469,0.147051457,1642.34,NA,-0.618684028,-0.04225291
90,s(age),TPRS,NA,-0.334393412,0.149910652,1661.763636,NA,-0.628212891,-0.040573933
91,s(age),TPRS,NA,-0.34231593,0.153069773,1681.187273,NA,-0.642327173,-0.042304688
92,s(age),TPRS,NA,-0.354070856,0.156728538,1700.610909,NA,-0.661253146,-0.046888566
93,s(age),TPRS,NA,-0.369349155,0.161014497,1720.034545,NA,-0.68493177,-0.053766541
94,s(age),TPRS,NA,-0.387730017,0.165951069,1739.458182,NA,-0.712988135,-0.062471899
95,s(age),TPRS,NA,-0.408721833,0.171577835,1758.881818,NA,-0.74500821,-0.072435457
96,s(age),TPRS,NA,-0.431832013,0.178026143,1778.305455,NA,-0.780756841,-0.082907186
97,s(age),TPRS,NA,-0.456628387,0.185515151,1797.729091,NA,-0.820231402,-0.093025372
98,s(age),TPRS,NA,-0.482689406,0.194224405,1817.152727,NA,-0.863362244,-0.102016567
99,s(age),TPRS,NA,-0.509593521,0.204215654,1836.576364,NA,-0.909848847,-0.109338195
100,s(age),TPRS,NA,-0.536919184,0.215406557,1856,NA,-0.959108278,-0.11473009
101,s(age):sitenameAzul,TPRS,sitename,-0.227432575,0.195761134,-66.94,Azul,-0.611117347,0.156252196
102,s(age):sitenameAzul,TPRS,sitename,-0.20432626,0.18733327,-47.51636364,Azul,-0.571492722,0.162840202
103,s(age):sitenameAzul,TPRS,sitename,-0.136666048,0.164977469,-28.09272727,Azul,-0.460015945,0.186683849
104,s(age):sitenameAzul,TPRS,sitename,-0.046836031,0.142594438,-8.669090909,Azul,-0.326315994,0.232643932
105,s(age):sitenameAzul,TPRS,sitename,0.042172648,0.131501035,10.75454545,Azul,-0.215564644,0.29990994
106,s(age):sitenameAzul,TPRS,sitename,0.094793008,0.130170297,30.17818182,Azul,-0.160336087,0.349922102
107,s(age):sitenameAzul,TPRS,sitename,0.083607637,0.128273187,49.60181818,Azul,-0.16780319,0.335018464
108,s(age):sitenameAzul,TPRS,sitename,0.028793808,0.126161121,69.02545455,Azul,-0.218477446,0.276065062
109,s(age):sitenameAzul,TPRS,sitename,-0.071824596,0.125305176,88.44909091,Azul,-0.317418228,0.173769037
110,s(age):sitenameAzul,TPRS,sitename,-0.202973777,0.125978364,107.8727273,Azul,-0.449886833,0.043939279
111,s(age):sitenameAzul,TPRS,sitename,-0.342028957,0.126178465,127.2963636,Azul,-0.589334204,-0.094723709
112,s(age):sitenameAzul,TPRS,sitename,-0.469476489,0.125226864,146.72,Azul,-0.714916633,-0.224036345
113,s(age):sitenameAzul,TPRS,sitename,-0.576294078,0.124589813,166.1436364,Azul,-0.820485625,-0.332102531
114,s(age):sitenameAzul,TPRS,sitename,-0.635544239,0.122974259,185.5672727,Azul,-0.876569357,-0.394519121
115,s(age):sitenameAzul,TPRS,sitename,-0.668093612,0.122653385,204.9909091,Azul,-0.908489829,-0.427697395
116,s(age):sitenameAzul,TPRS,sitename,-0.670528176,0.122408616,224.4145455,Azul,-0.910444655,-0.430611698
117,s(age):sitenameAzul,TPRS,sitename,-0.640896184,0.120873402,243.8381818,Azul,-0.877803698,-0.403988669
118,s(age):sitenameAzul,TPRS,sitename,-0.593071536,0.119405506,263.2618182,Azul,-0.827102028,-0.359041044
119,s(age):sitenameAzul,TPRS,sitename,-0.536706104,0.118986865,282.6854545,Azul,-0.769916074,-0.303496134
120,s(age):sitenameAzul,TPRS,sitename,-0.476796672,0.12027458,302.1090909,Azul,-0.712530517,-0.241062828
121,s(age):sitenameAzul,TPRS,sitename,-0.423341137,0.123390748,321.5327273,Azul,-0.665182559,-0.181499715
122,s(age):sitenameAzul,TPRS,sitename,-0.381251742,0.126503534,340.9563636,Azul,-0.629194113,-0.133309372
123,s(age):sitenameAzul,TPRS,sitename,-0.354237412,0.127184121,360.38,Azul,-0.603513709,-0.104961116
124,s(age):sitenameAzul,TPRS,sitename,-0.335214318,0.127227655,379.8036364,Azul,-0.584575939,-0.085852697
125,s(age):sitenameAzul,TPRS,sitename,-0.322749364,0.126945306,399.2272727,Azul,-0.571557591,-0.073941137
126,s(age):sitenameAzul,TPRS,sitename,-0.314470267,0.126691899,418.6509091,Azul,-0.562781826,-0.066158708
127,s(age):sitenameAzul,TPRS,sitename,-0.306992769,0.126682223,438.0745455,Azul,-0.555285363,-0.058700176
128,s(age):sitenameAzul,TPRS,sitename,-0.296445361,0.126202788,457.4981818,Azul,-0.543798279,-0.049092442
129,s(age):sitenameAzul,TPRS,sitename,-0.281423062,0.125007864,476.9218182,Azul,-0.526433974,-0.03641215
130,s(age):sitenameAzul,TPRS,sitename,-0.262378107,0.122726172,496.3454545,Azul,-0.502916985,-0.02183923
131,s(age):sitenameAzul,TPRS,sitename,-0.24290844,0.122249541,515.7690909,Azul,-0.482513137,-0.003303743
132,s(age):sitenameAzul,TPRS,sitename,-0.228282211,0.121614702,535.1927273,Azul,-0.466642646,0.010078224
133,s(age):sitenameAzul,TPRS,sitename,-0.221440507,0.12169667,554.6163636,Azul,-0.459961598,0.017080583
134,s(age):sitenameAzul,TPRS,sitename,-0.228556828,0.121085428,574.04,Azul,-0.465879905,0.00876625
135,s(age):sitenameAzul,TPRS,sitename,-0.249896627,0.12030911,593.4636364,Azul,-0.48569815,-0.014095104
136,s(age):sitenameAzul,TPRS,sitename,-0.282794066,0.119185736,612.8872727,Azul,-0.516393816,-0.049194316
137,s(age):sitenameAzul,TPRS,sitename,-0.326127145,0.114929227,632.3109091,Azul,-0.551384292,-0.100869998
138,s(age):sitenameAzul,TPRS,sitename,-0.369941675,0.11177268,651.7345455,Azul,-0.589012103,-0.150871247
139,s(age):sitenameAzul,TPRS,sitename,-0.399106591,0.109555712,671.1581818,Azul,-0.613831841,-0.184381341
140,s(age):sitenameAzul,TPRS,sitename,-0.398346139,0.121325559,690.5818182,Azul,-0.636139865,-0.160552414
141,s(age):sitenameAzul,TPRS,sitename,-0.377114399,0.15375212,710.0054545,Azul,-0.678463016,-0.075765782
142,s(age):sitenameAzul,TPRS,sitename,-0.344708264,0.195257716,729.4290909,Azul,-0.727406354,0.037989826
143,s(age):sitenameAzul,TPRS,sitename,-0.296628763,0.234277098,748.8527273,Azul,-0.755803438,0.162545911
144,s(age):sitenameAzul,TPRS,sitename,-0.23409141,0.262741343,768.2763636,Azul,-0.749054979,0.280872159
145,s(age):sitenameAzul,TPRS,sitename,-0.159740586,0.282841954,787.7,Azul,-0.714100628,0.394619457
146,s(age):sitenameAzul,TPRS,sitename,-0.081925672,0.303261273,807.1236364,Azul,-0.676306845,0.512455501
147,s(age):sitenameAzul,TPRS,sitename,-0.007066381,0.316700008,826.5472727,Azul,-0.627786991,0.61365423
148,s(age):sitenameAzul,TPRS,sitename,0.059113387,0.322518093,845.9709091,Azul,-0.573010458,0.691237233
149,s(age):sitenameAzul,TPRS,sitename,0.117018385,0.32549471,865.3945455,Azul,-0.520939524,0.754976293
150,s(age):sitenameAzul,TPRS,sitename,0.16897214,0.329169761,884.8181818,Azul,-0.476188736,0.814133017
151,s(age):sitenameAzul,TPRS,sitename,0.214060859,0.330490076,904.2418182,Azul,-0.433687786,0.861809504
152,s(age):sitenameAzul,TPRS,sitename,0.255162245,0.334026796,923.6654545,Azul,-0.399518246,0.909842736
153,s(age):sitenameAzul,TPRS,sitename,0.294059749,0.3412326,943.0890909,Azul,-0.374743859,0.962863356
154,s(age):sitenameAzul,TPRS,sitename,0.329980105,0.347149694,962.5127273,Azul,-0.350420793,1.010381002
155,s(age):sitenameAzul,TPRS,sitename,0.365468086,0.353687012,981.9363636,Azul,-0.327745719,1.058681892
156,s(age):sitenameAzul,TPRS,sitename,0.400759909,0.356880005,1001.36,Azul,-0.298712047,1.100231865
157,s(age):sitenameAzul,TPRS,sitename,0.436942861,0.357249783,1020.783636,Azul,-0.263253848,1.137139571
158,s(age):sitenameAzul,TPRS,sitename,0.473840048,0.358673528,1040.207273,Azul,-0.22914715,1.176827245
159,s(age):sitenameAzul,TPRS,sitename,0.511612106,0.358409777,1059.630909,Azul,-0.190858148,1.214082361
160,s(age):sitenameAzul,TPRS,sitename,0.549468616,0.364919088,1079.054545,Azul,-0.165759654,1.264696887
161,s(age):sitenameAzul,TPRS,sitename,0.5866781,0.372490594,1098.478182,Azul,-0.143390049,1.316746248
162,s(age):sitenameAzul,TPRS,sitename,0.622114141,0.377963623,1117.901818,Azul,-0.118680948,1.362909229
163,s(age):sitenameAzul,TPRS,sitename,0.656150296,0.385040807,1137.325455,Azul,-0.098515819,1.41081641
164,s(age):sitenameAzul,TPRS,sitename,0.687723901,0.391906794,1156.749091,Azul,-0.080399301,1.455847103
165,s(age):sitenameAzul,TPRS,sitename,0.716547166,0.398167055,1176.172727,Azul,-0.063845922,1.496940255
166,s(age):sitenameAzul,TPRS,sitename,0.742850338,0.405253449,1195.596364,Azul,-0.051431827,1.537132502
167,s(age):sitenameAzul,TPRS,sitename,0.765031205,0.409552987,1215.02,Azul,-0.037677899,1.567740308
168,s(age):sitenameAzul,TPRS,sitename,0.786083282,0.418560952,1234.443636,Azul,-0.03428111,1.606447674
169,s(age):sitenameAzul,TPRS,sitename,0.804677818,0.427781835,1253.867273,Azul,-0.033759171,1.643114807
170,s(age):sitenameAzul,TPRS,sitename,0.822607511,0.441245791,1273.290909,Azul,-0.042218346,1.687433369
171,s(age):sitenameAzul,TPRS,sitename,0.839226046,0.452319377,1292.714545,Azul,-0.047303641,1.725755734
172,s(age):sitenameAzul,TPRS,sitename,0.855050517,0.461756148,1312.138182,Azul,-0.049974901,1.760075936
173,s(age):sitenameAzul,TPRS,sitename,0.870672951,0.471356573,1331.561818,Azul,-0.053168956,1.794514858
174,s(age):sitenameAzul,TPRS,sitename,0.886169263,0.476943559,1350.985455,Azul,-0.048622935,1.82096146
175,s(age):sitenameAzul,TPRS,sitename,0.901665574,0.488020539,1370.409091,Azul,-0.054837105,1.858168254
176,s(age):sitenameAzul,TPRS,sitename,0.917250737,0.501434087,1389.832727,Azul,-0.065542014,1.900043488
177,s(age):sitenameAzul,TPRS,sitename,0.93294467,0.516838955,1409.256364,Azul,-0.080041068,1.945930408
178,s(age):sitenameAzul,TPRS,sitename,0.948800873,0.531379828,1428.68,Azul,-0.092684452,1.990286198
179,s(age):sitenameAzul,TPRS,sitename,0.964484533,0.547324998,1448.103636,Azul,-0.10825275,2.037221817
180,s(age):sitenameAzul,TPRS,sitename,0.979579024,0.562919905,1467.527273,Azul,-0.123723717,2.082881764
181,s(age):sitenameAzul,TPRS,sitename,0.993791528,0.578507027,1486.950909,Azul,-0.14006141,2.127644466
182,s(age):sitenameAzul,TPRS,sitename,1.007135941,0.595261434,1506.374545,Azul,-0.159555031,2.173826914
183,s(age):sitenameAzul,TPRS,sitename,1.019336766,0.61245543,1525.798182,Azul,-0.18105382,2.219727352
184,s(age):sitenameAzul,TPRS,sitename,1.028956853,0.626423779,1545.221818,Azul,-0.198811192,2.256724899
185,s(age):sitenameAzul,TPRS,sitename,1.035184439,0.63607259,1564.645455,Azul,-0.21149493,2.281863808
186,s(age):sitenameAzul,TPRS,sitename,1.039712156,0.646012327,1584.069091,Azul,-0.226448738,2.30587305
187,s(age):sitenameAzul,TPRS,sitename,1.043553946,0.658689379,1603.492727,Azul,-0.247453514,2.334561406
188,s(age):sitenameAzul,TPRS,sitename,1.046681096,0.674020087,1622.916364,Azul,-0.274374,2.367736192
189,s(age):sitenameAzul,TPRS,sitename,1.049808247,0.693036429,1642.34,Azul,-0.308518195,2.408134688
190,s(age):sitenameAzul,TPRS,sitename,1.052571278,0.714480828,1661.763636,Azul,-0.347785413,2.45292797
191,s(age):sitenameAzul,TPRS,sitename,1.053548312,0.73389201,1681.187273,Azul,-0.384853596,2.491950221
192,s(age):sitenameAzul,TPRS,sitename,1.054180025,0.753866474,1700.610909,Azul,-0.423371114,2.531731163
193,s(age):sitenameAzul,TPRS,sitename,1.054353723,0.773240271,1720.034545,Azul,-0.46116936,2.569876806
194,s(age):sitenameAzul,TPRS,sitename,1.053749381,0.786124494,1739.458182,Azul,-0.487026316,2.594525078
195,s(age):sitenameAzul,TPRS,sitename,1.052994028,0.797365228,1758.881818,Azul,-0.5098131,2.615801157
196,s(age):sitenameAzul,TPRS,sitename,1.052138777,0.804021943,1778.305455,Azul,-0.523715275,2.627992829
197,s(age):sitenameAzul,TPRS,sitename,1.051283526,0.810838273,1797.729091,Azul,-0.537930285,2.640497337
198,s(age):sitenameAzul,TPRS,sitename,1.050428275,0.817810224,1817.152727,Azul,-0.55245031,2.65330686
199,s(age):sitenameAzul,TPRS,sitename,1.049573024,0.824933852,1836.576364,Azul,-0.567267615,2.666413663
200,s(age):sitenameAzul,TPRS,sitename,1.048717772,0.832205261,1856,Azul,-0.582374567,2.679810112
201,s(age):sitenameCaldeirão,TPRS,sitename,0.074488697,0.118723273,-66.94,Caldeirão,-0.158204641,0.307182036
202,s(age):sitenameCaldeirão,TPRS,sitename,0.075582783,0.116877155,-47.51636364,Caldeirão,-0.153492231,0.304657798
203,s(age):sitenameCaldeirão,TPRS,sitename,0.079086172,0.112130381,-28.09272727,Caldeirão,-0.140685336,0.298857681
204,s(age):sitenameCaldeirão,TPRS,sitename,0.084343345,0.107552112,-8.669090909,Caldeirão,-0.126454921,0.295141612
205,s(age):sitenameCaldeirão,TPRS,sitename,0.091300125,0.10462307,10.75454545,Caldeirão,-0.113757324,0.296357573
206,s(age):sitenameCaldeirão,TPRS,sitename,0.10001368,0.102248968,30.17818182,Caldeirão,-0.100390614,0.300417974
207,s(age):sitenameCaldeirão,TPRS,sitename,0.109237177,0.099149962,49.60181818,Caldeirão,-0.085093178,0.303567531
208,s(age):sitenameCaldeirão,TPRS,sitename,0.118100424,0.096628314,69.02545455,Caldeirão,-0.071287592,0.307488439
209,s(age):sitenameCaldeirão,TPRS,sitename,0.125725426,0.094796755,88.44909091,Caldeirão,-0.060072801,0.311523652
210,s(age):sitenameCaldeirão,TPRS,sitename,0.131884153,0.093421016,107.8727273,Caldeirão,-0.051217673,0.314985979
211,s(age):sitenameCaldeirão,TPRS,sitename,0.136824654,0.091917926,127.2963636,Caldeirão,-0.04333117,0.316980479
212,s(age):sitenameCaldeirão,TPRS,sitename,0.141138157,0.090325176,146.72,Caldeirão,-0.035895935,0.318172248
213,s(age):sitenameCaldeirão,TPRS,sitename,0.145374756,0.089309097,166.1436364,Caldeirão,-0.029667857,0.32041737
214,s(age):sitenameCaldeirão,TPRS,sitename,0.149843147,0.087666801,185.5672727,Caldeirão,-0.021980625,0.321666919
215,s(age):sitenameCaldeirão,TPRS,sitename,0.154383111,0.08658091,204.9909091,Caldeirão,-0.015312355,0.324078576
216,s(age):sitenameCaldeirão,TPRS,sitename,0.158470914,0.085419622,224.4145455,Caldeirão,-0.008948469,0.325890297
217,s(age):sitenameCaldeirão,TPRS,sitename,0.161512431,0.08351633,243.8381818,Caldeirão,-0.002176568,0.325201429
218,s(age):sitenameCaldeirão,TPRS,sitename,0.162927875,0.081575361,263.2618182,Caldeirão,0.003043106,0.322812644
219,s(age):sitenameCaldeirão,TPRS,sitename,0.161430504,0.079804063,282.6854545,Caldeirão,0.005017414,0.317843593
220,s(age):sitenameCaldeirão,TPRS,sitename,0.155862161,0.078139087,302.1090909,Caldeirão,0.002712365,0.309011957
221,s(age):sitenameCaldeirão,TPRS,sitename,0.14593429,0.076864837,321.5327273,Caldeirão,-0.004718022,0.296586601
222,s(age):sitenameCaldeirão,TPRS,sitename,0.132312719,0.075767025,340.9563636,Caldeirão,-0.016187922,0.280813359
223,s(age):sitenameCaldeirão,TPRS,sitename,0.114692291,0.074008253,360.38,Caldeirão,-0.030361219,0.259745801
224,s(age):sitenameCaldeirão,TPRS,sitename,0.095849229,0.072691465,379.8036364,Caldeirão,-0.046623425,0.238321883
225,s(age):sitenameCaldeirão,TPRS,sitename,0.076655469,0.071903393,399.2272727,Caldeirão,-0.064272591,0.21758353
226,s(age):sitenameCaldeirão,TPRS,sitename,0.058453117,0.07158116,418.6509091,Caldeirão,-0.081843378,0.198749612
227,s(age):sitenameCaldeirão,TPRS,sitename,0.042840297,0.071462037,438.0745455,Caldeirão,-0.097222723,0.182903316
228,s(age):sitenameCaldeirão,TPRS,sitename,0.031584684,0.070886926,457.4981818,Caldeirão,-0.107351138,0.170520506
229,s(age):sitenameCaldeirão,TPRS,sitename,0.024841808,0.069718324,476.9218182,Caldeirão,-0.111803597,0.161487213
230,s(age):sitenameCaldeirão,TPRS,sitename,0.022522451,0.067902049,496.3454545,Caldeirão,-0.110563119,0.155608021
231,s(age):sitenameCaldeirão,TPRS,sitename,0.021955072,0.067132721,515.7690909,Caldeirão,-0.109622644,0.153532787
232,s(age):sitenameCaldeirão,TPRS,sitename,0.022087308,0.066405776,535.1927273,Caldeirão,-0.108065622,0.152240237
233,s(age):sitenameCaldeirão,TPRS,sitename,0.021100113,0.066061555,554.6163636,Caldeirão,-0.108378156,0.150578382
234,s(age):sitenameCaldeirão,TPRS,sitename,0.016973252,0.06491408,574.04,Caldeirão,-0.110256007,0.144202512
235,s(age):sitenameCaldeirão,TPRS,sitename,0.00869329,0.063286313,593.4636364,Caldeirão,-0.115345605,0.132732184
236,s(age):sitenameCaldeirão,TPRS,sitename,-0.003520233,0.061905044,612.8872727,Caldeirão,-0.124851891,0.117811424
237,s(age):sitenameCaldeirão,TPRS,sitename,-0.020285033,0.060814246,632.3109091,Caldeirão,-0.139478764,0.098908699
238,s(age):sitenameCaldeirão,TPRS,sitename,-0.038414415,0.06201661,651.7345455,Caldeirão,-0.159964737,0.083135907
239,s(age):sitenameCaldeirão,TPRS,sitename,-0.055263366,0.063331005,671.1581818,Caldeirão,-0.179389855,0.068863123
240,s(age):sitenameCaldeirão,TPRS,sitename,-0.067639121,0.062864008,690.5818182,Caldeirão,-0.190850314,0.055572071
241,s(age):sitenameCaldeirão,TPRS,sitename,-0.076421236,0.063134628,710.0054545,Caldeirão,-0.200162834,0.047320361
242,s(age):sitenameCaldeirão,TPRS,sitename,-0.083165695,0.065107423,729.4290909,Caldeirão,-0.210773898,0.044442509
243,s(age):sitenameCaldeirão,TPRS,sitename,-0.087023414,0.06744519,748.8527273,Caldeirão,-0.219213556,0.045166729
244,s(age):sitenameCaldeirão,TPRS,sitename,-0.088209765,0.068979144,768.2763636,Caldeirão,-0.223406404,0.046986873
245,s(age):sitenameCaldeirão,TPRS,sitename,-0.087172148,0.069855537,787.7,Caldeirão,-0.224086485,0.049742189
246,s(age):sitenameCaldeirão,TPRS,sitename,-0.085360888,0.071727581,807.1236364,Caldeirão,-0.225944363,0.055222587
247,s(age):sitenameCaldeirão,TPRS,sitename,-0.083561774,0.073414606,826.5472727,Caldeirão,-0.227451759,0.06032821
248,s(age):sitenameCaldeirão,TPRS,sitename,-0.082545663,0.074426873,845.9709091,Caldeirão,-0.228419654,0.063328328
249,s(age):sitenameCaldeirão,TPRS,sitename,-0.082338193,0.075157829,865.3945455,Caldeirão,-0.22964483,0.064968445
250,s(age):sitenameCaldeirão,TPRS,sitename,-0.082712299,0.075993126,884.8181818,Caldeirão,-0.23165609,0.066231491
251,s(age):sitenameCaldeirão,TPRS,sitename,-0.083780049,0.076252623,904.2418182,Caldeirão,-0.233232444,0.065672346
252,s(age):sitenameCaldeirão,TPRS,sitename,-0.085282713,0.076785278,923.6654545,Caldeirão,-0.235779093,0.065213667
253,s(age):sitenameCaldeirão,TPRS,sitename,-0.087129239,0.077968396,943.0890909,Caldeirão,-0.239944488,0.065686009
254,s(age):sitenameCaldeirão,TPRS,sitename,-0.089574618,0.0790771,962.5127273,Caldeirão,-0.244562886,0.065413651
255,s(age):sitenameCaldeirão,TPRS,sitename,-0.092520727,0.080569394,981.9363636,Caldeirão,-0.250433837,0.065392382
256,s(age):sitenameCaldeirão,TPRS,sitename,-0.096190718,0.081817661,1001.36,Caldeirão,-0.256550388,0.064168951
257,s(age):sitenameCaldeirão,TPRS,sitename,-0.100655122,0.08284659,1020.783636,Caldeirão,-0.263031454,0.06172121
258,s(age):sitenameCaldeirão,TPRS,sitename,-0.105706178,0.084134368,1040.207273,Caldeirão,-0.270606509,0.059194152
259,s(age):sitenameCaldeirão,TPRS,sitename,-0.111643908,0.085191382,1059.630909,Caldeirão,-0.278615948,0.055328133
260,s(age):sitenameCaldeirão,TPRS,sitename,-0.117812868,0.087239357,1079.054545,Caldeirão,-0.288798865,0.053173129
261,s(age):sitenameCaldeirão,TPRS,sitename,-0.124491376,0.089416684,1098.478182,Caldeirão,-0.299744856,0.050762104
262,s(age):sitenameCaldeirão,TPRS,sitename,-0.131575016,0.091265587,1117.901818,Caldeirão,-0.31045228,0.047302248
263,s(age):sitenameCaldeirão,TPRS,sitename,-0.138795157,0.093323847,1137.325455,Caldeirão,-0.321706536,0.044116222
264,s(age):sitenameCaldeirão,TPRS,sitename,-0.145834602,0.095317914,1156.749091,Caldeirão,-0.33265428,0.040985076
265,s(age):sitenameCaldeirão,TPRS,sitename,-0.152541723,0.097162468,1176.172727,Caldeirão,-0.342976662,0.037893215
266,s(age):sitenameCaldeirão,TPRS,sitename,-0.158706305,0.099040498,1195.596364,Caldeirão,-0.352822114,0.035409505
267,s(age):sitenameCaldeirão,TPRS,sitename,-0.163726341,0.100418579,1215.02,Caldeirão,-0.360543139,0.033090458
268,s(age):sitenameCaldeirão,TPRS,sitename,-0.168280208,0.102404328,1234.443636,Caldeirão,-0.368989002,0.032428586
269,s(age):sitenameCaldeirão,TPRS,sitename,-0.171631666,0.104369411,1253.867273,Caldeirão,-0.376191952,0.03292862
270,s(age):sitenameCaldeirão,TPRS,sitename,-0.174496522,0.106912437,1273.290909,Caldeirão,-0.384041048,0.035048004
271,s(age):sitenameCaldeirão,TPRS,sitename,-0.17586404,0.109063792,1292.714545,Caldeirão,-0.389625145,0.037897065
272,s(age):sitenameCaldeirão,TPRS,sitename,-0.176007741,0.110919894,1312.138182,Caldeirão,-0.393406738,0.041391255
273,s(age):sitenameCaldeirão,TPRS,sitename,-0.175285934,0.112727625,1331.561818,Caldeirão,-0.396228018,0.04565615
274,s(age):sitenameCaldeirão,TPRS,sitename,-0.172896181,0.113816747,1350.985455,Caldeirão,-0.395972907,0.050180544
275,s(age):sitenameCaldeirão,TPRS,sitename,-0.170506429,0.115673386,1370.409091,Caldeirão,-0.397222099,0.056209241
276,s(age):sitenameCaldeirão,TPRS,sitename,-0.167482261,0.117797532,1389.832727,Caldeirão,-0.39836118,0.063396658
277,s(age):sitenameCaldeirão,TPRS,sitename,-0.16375832,0.120137095,1409.256364,Caldeirão,-0.399222699,0.07170606
278,s(age):sitenameCaldeirão,TPRS,sitename,-0.158657211,0.122222941,1428.68,Caldeirão,-0.398209774,0.080895353
279,s(age):sitenameCaldeirão,TPRS,sitename,-0.152702711,0.124473775,1448.103636,Caldeirão,-0.396666827,0.091261405
280,s(age):sitenameCaldeirão,TPRS,sitename,-0.145605827,0.126635091,1467.527273,Caldeirão,-0.393806045,0.102594392
281,s(age):sitenameCaldeirão,TPRS,sitename,-0.13761102,0.128791425,1486.950909,Caldeirão,-0.390037575,0.114815536
282,s(age):sitenameCaldeirão,TPRS,sitename,-0.129147354,0.131145889,1506.374545,Caldeirão,-0.386188573,0.127893864
283,s(age):sitenameCaldeirão,TPRS,sitename,-0.120302523,0.133576319,1525.798182,Caldeirão,-0.382107298,0.141502252
284,s(age):sitenameCaldeirão,TPRS,sitename,-0.110956575,0.135457811,1545.221818,Caldeirão,-0.376449007,0.154535856
285,s(age):sitenameCaldeirão,TPRS,sitename,-0.10134921,0.136603837,1564.645455,Caldeirão,-0.36908781,0.16638939
286,s(age):sitenameCaldeirão,TPRS,sitename,-0.09167824,0.137810787,1584.069091,Caldeirão,-0.361782418,0.178425939
287,s(age):sitenameCaldeirão,TPRS,sitename,-0.082156568,0.139516782,1603.492727,Caldeirão,-0.355604436,0.191291299
288,s(age):sitenameCaldeirão,TPRS,sitename,-0.072790445,0.141732305,1622.916364,Caldeirão,-0.350580659,0.204999768
289,s(age):sitenameCaldeirão,TPRS,sitename,-0.063424322,0.144627191,1642.34,Caldeirão,-0.346888407,0.220039762
290,s(age):sitenameCaldeirão,TPRS,sitename,-0.054367226,0.148014969,1661.763636,Caldeirão,-0.344471235,0.235736783
291,s(age):sitenameCaldeirão,TPRS,sitename,-0.046840943,0.151207848,1681.187273,Caldeirão,-0.343202879,0.249520992
292,s(age):sitenameCaldeirão,TPRS,sitename,-0.03984812,0.154575263,1700.610909,Caldeirão,-0.342810068,0.263113828
293,s(age):sitenameCaldeirão,TPRS,sitename,-0.033592736,0.157913968,1720.034545,Caldeirão,-0.343098426,0.275912954
294,s(age):sitenameCaldeirão,TPRS,sitename,-0.029661614,0.160188726,1739.458182,Caldeirão,-0.343625748,0.284302519
295,s(age):sitenameCaldeirão,TPRS,sitename,-0.026377368,0.162199692,1758.881818,Caldeirão,-0.344282923,0.291528187
296,s(age):sitenameCaldeirão,TPRS,sitename,-0.02449513,0.163413151,1778.305455,Caldeirão,-0.344779021,0.29578876
297,s(age):sitenameCaldeirão,TPRS,sitename,-0.022612893,0.164661039,1797.729091,Caldeirão,-0.345342598,0.300116813
298,s(age):sitenameCaldeirão,TPRS,sitename,-0.020730655,0.165942579,1817.152727,Caldeirão,-0.345972133,0.304510823
299,s(age):sitenameCaldeirão,TPRS,sitename,-0.018848417,0.167256998,1836.576364,Caldeirão,-0.346666109,0.308969274
300,s(age):sitenameCaldeirão,TPRS,sitename,-0.01696618,0.168603526,1856,Caldeirão,-0.347423019,0.313490659
301,s(age):sitenameCaveiro,TPRS,sitename,0.028529372,0.131009548,-66.94,Caveiro,-0.228244624,0.285303368
302,s(age):sitenameCaveiro,TPRS,sitename,0.024898743,0.127595032,-47.51636364,Caveiro,-0.225182924,0.274980411
303,s(age):sitenameCaveiro,TPRS,sitename,0.015122974,0.118863315,-28.09272727,Caveiro,-0.217844841,0.24809079
304,s(age):sitenameCaveiro,TPRS,sitename,0.003762433,0.110773581,-8.669090909,Caveiro,-0.213349796,0.220874662
305,s(age):sitenameCaveiro,TPRS,sitename,-0.003370789,0.106695622,10.75454545,Caveiro,-0.212490366,0.205748788
306,s(age):sitenameCaveiro,TPRS,sitename,0.001501586,0.104592907,30.17818182,Caveiro,-0.203496744,0.206499917
307,s(age):sitenameCaveiro,TPRS,sitename,0.018335391,0.101310974,49.60181818,Caveiro,-0.180230469,0.216901251
308,s(age):sitenameCaveiro,TPRS,sitename,0.039154557,0.098896944,69.02545455,Caveiro,-0.154679891,0.232989005
309,s(age):sitenameCaveiro,TPRS,sitename,0.057622972,0.097703118,88.44909091,Caveiro,-0.133871619,0.249117564
310,s(age):sitenameCaveiro,TPRS,sitename,0.069237728,0.097174557,107.8727273,Caveiro,-0.121220904,0.259696361
311,s(age):sitenameCaveiro,TPRS,sitename,0.072683758,0.095967414,127.2963636,Caveiro,-0.115408917,0.260776432
312,s(age):sitenameCaveiro,TPRS,sitename,0.070871948,0.09405954,146.72,Caveiro,-0.113481363,0.25522526
313,s(age):sitenameCaveiro,TPRS,sitename,0.068399402,0.092804307,166.1436364,Caveiro,-0.113493698,0.250292502
314,s(age):sitenameCaveiro,TPRS,sitename,0.069972183,0.09075916,185.5672727,Caveiro,-0.107912503,0.247856868
315,s(age):sitenameCaveiro,TPRS,sitename,0.074881033,0.089863933,204.9909091,Caveiro,-0.101249039,0.251011106
316,s(age):sitenameCaveiro,TPRS,sitename,0.08501493,0.089139168,224.4145455,Caveiro,-0.089694628,0.259724488
317,s(age):sitenameCaveiro,TPRS,sitename,0.100398526,0.087338209,243.8381818,Caveiro,-0.070781219,0.271578271
318,s(age):sitenameCaveiro,TPRS,sitename,0.117047194,0.085304476,263.2618182,Caveiro,-0.050146507,0.284240896
319,s(age):sitenameCaveiro,TPRS,sitename,0.129354749,0.083307066,282.6854545,Caveiro,-0.033924099,0.292633597
320,s(age):sitenameCaveiro,TPRS,sitename,0.132826056,0.08132411,302.1090909,Caveiro,-0.026566271,0.292218383
321,s(age):sitenameCaveiro,TPRS,sitename,0.122418075,0.079923791,321.5327273,Caveiro,-0.034229677,0.279065828
322,s(age):sitenameCaveiro,TPRS,sitename,0.097073429,0.078757765,340.9563636,Caveiro,-0.057288953,0.251435811
323,s(age):sitenameCaveiro,TPRS,sitename,0.05402495,0.076502451,360.38,Caveiro,-0.095917098,0.203966998
324,s(age):sitenameCaveiro,TPRS,sitename,0.003870491,0.074736979,379.8036364,Caveiro,-0.142611296,0.150352277
325,s(age):sitenameCaveiro,TPRS,sitename,-0.050160677,0.07367288,399.2272727,Caveiro,-0.194556869,0.094235515
326,s(age):sitenameCaveiro,TPRS,sitename,-0.102726604,0.073361492,418.6509091,Caveiro,-0.246512487,0.041059279
327,s(age):sitenameCaveiro,TPRS,sitename,-0.146769921,0.073510144,438.0745455,Caveiro,-0.290847156,-0.002692686
328,s(age):sitenameCaveiro,TPRS,sitename,-0.17386948,0.073140569,457.4981818,Caveiro,-0.31722236,-0.0305166
329,s(age):sitenameCaveiro,TPRS,sitename,-0.181763034,0.071935349,476.9218182,Caveiro,-0.322753728,-0.04077234
330,s(age):sitenameCaveiro,TPRS,sitename,-0.170035856,0.069916674,496.3454545,Caveiro,-0.30707002,-0.033001692
331,s(age):sitenameCaveiro,TPRS,sitename,-0.149944244,0.069601306,515.7690909,Caveiro,-0.286360297,-0.01352819
332,s(age):sitenameCaveiro,TPRS,sitename,-0.1246954,0.069754618,535.1927273,Caveiro,-0.261411939,0.012021138
333,s(age):sitenameCaveiro,TPRS,sitename,-0.102015309,0.070829373,554.6163636,Caveiro,-0.240838329,0.036807711
334,s(age):sitenameCaveiro,TPRS,sitename,-0.089001689,0.071262343,574.04,Caveiro,-0.228673315,0.050669937
335,s(age):sitenameCaveiro,TPRS,sitename,-0.088833497,0.071604044,593.4636364,Caveiro,-0.229174844,0.051507851
336,s(age):sitenameCaveiro,TPRS,sitename,-0.099457685,0.07296182,612.8872727,Caveiro,-0.242460224,0.043544853
337,s(age):sitenameCaveiro,TPRS,sitename,-0.118865135,0.074991515,632.3109091,Caveiro,-0.265845803,0.028115533
338,s(age):sitenameCaveiro,TPRS,sitename,-0.137003491,0.079943979,651.7345455,Caveiro,-0.293690811,0.019683828
339,s(age):sitenameCaveiro,TPRS,sitename,-0.136652887,0.082695088,671.1581818,Caveiro,-0.298732282,0.025426508
340,s(age):sitenameCaveiro,TPRS,sitename,-0.105125871,0.07995883,690.5818182,Caveiro,-0.261842298,0.051590556
341,s(age):sitenameCaveiro,TPRS,sitename,-0.059622055,0.077795604,710.0054545,Caveiro,-0.212098636,0.092854527
342,s(age):sitenameCaveiro,TPRS,sitename,-0.011174819,0.078843286,729.4290909,Caveiro,-0.165704819,0.143355181
343,s(age):sitenameCaveiro,TPRS,sitename,0.037314595,0.08108115,748.8527273,Caveiro,-0.121601539,0.196230728
344,s(age):sitenameCaveiro,TPRS,sitename,0.076117057,0.082335817,768.2763636,Caveiro,-0.08525818,0.237492294
345,s(age):sitenameCaveiro,TPRS,sitename,0.100778295,0.08244677,787.7,Caveiro,-0.060814406,0.262370995
346,s(age):sitenameCaveiro,TPRS,sitename,0.112954316,0.084119231,807.1236364,Caveiro,-0.051916348,0.277824979
347,s(age):sitenameCaveiro,TPRS,sitename,0.103880991,0.085537794,826.5472727,Caveiro,-0.063770005,0.271531987
348,s(age):sitenameCaveiro,TPRS,sitename,0.079631013,0.086177562,845.9709091,Caveiro,-0.089273904,0.248535931
349,s(age):sitenameCaveiro,TPRS,sitename,0.052215993,0.086768268,865.3945455,Caveiro,-0.117846687,0.222278674
350,s(age):sitenameCaveiro,TPRS,sitename,0.026740057,0.087835348,884.8181818,Caveiro,-0.145414062,0.198894177
351,s(age):sitenameCaveiro,TPRS,sitename,0.009866271,0.088158216,904.2418182,Caveiro,-0.162920656,0.182653199
352,s(age):sitenameCaveiro,TPRS,sitename,-0.00022218,0.088977804,923.6654545,Caveiro,-0.174615472,0.174171112
353,s(age):sitenameCaveiro,TPRS,sitename,-0.003509299,0.090796802,943.0890909,Caveiro,-0.181467762,0.174449163
354,s(age):sitenameCaveiro,TPRS,sitename,0.00527666,0.092304387,962.5127273,Caveiro,-0.175636614,0.186189933
355,s(age):sitenameCaveiro,TPRS,sitename,0.021055905,0.094167628,981.9363636,Caveiro,-0.163509254,0.205621065
356,s(age):sitenameCaveiro,TPRS,sitename,0.045440331,0.095283431,1001.36,Caveiro,-0.141311763,0.232192425
357,s(age):sitenameCaveiro,TPRS,sitename,0.072914964,0.095719088,1020.783636,Caveiro,-0.114691002,0.26052093
358,s(age):sitenameCaveiro,TPRS,sitename,0.100309436,0.096399083,1040.207273,Caveiro,-0.088629294,0.289248166
359,s(age):sitenameCaveiro,TPRS,sitename,0.123590419,0.096547236,1059.630909,Caveiro,-0.065638686,0.312819524
360,s(age):sitenameCaveiro,TPRS,sitename,0.145040377,0.098384955,1079.054545,Caveiro,-0.047790592,0.337871345
361,s(age):sitenameCaveiro,TPRS,sitename,0.15911907,0.100477942,1098.478182,Caveiro,-0.037814077,0.356052217
362,s(age):sitenameCaveiro,TPRS,sitename,0.163266959,0.102026541,1117.901818,Caveiro,-0.036701386,0.363235304
363,s(age):sitenameCaveiro,TPRS,sitename,0.161553891,0.103895815,1137.325455,Caveiro,-0.042078164,0.365185947
364,s(age):sitenameCaveiro,TPRS,sitename,0.154032322,0.105594694,1156.749091,Caveiro,-0.052929475,0.36099412
365,s(age):sitenameCaveiro,TPRS,sitename,0.141230963,0.106921367,1176.172727,Caveiro,-0.068331066,0.350792991
366,s(age):sitenameCaveiro,TPRS,sitename,0.125322532,0.108192536,1195.596364,Caveiro,-0.086730943,0.337376007
367,s(age):sitenameCaveiro,TPRS,sitename,0.10567172,0.108540455,1215.02,Caveiro,-0.107063663,0.318407102
368,s(age):sitenameCaveiro,TPRS,sitename,0.085387874,0.109867893,1234.443636,Caveiro,-0.12994924,0.300724989
369,s(age):sitenameCaveiro,TPRS,sitename,0.064083452,0.111246159,1253.867273,Caveiro,-0.153955012,0.282121916
370,s(age):sitenameCaveiro,TPRS,sitename,0.042644241,0.113623485,1273.290909,Caveiro,-0.180053697,0.265342179
371,s(age):sitenameCaveiro,TPRS,sitename,0.021264484,0.115528255,1292.714545,Caveiro,-0.205166735,0.247695702
372,s(age):sitenameCaveiro,TPRS,sitename,5.35E-05,0.117006269,1312.138182,Caveiro,-0.229274564,0.229381584
373,s(age):sitenameCaveiro,TPRS,sitename,-0.020938741,0.118368053,1331.561818,Caveiro,-0.252935861,0.21105838
374,s(age):sitenameCaveiro,TPRS,sitename,-0.041430528,0.118522502,1350.985455,Caveiro,-0.273730364,0.190869308
375,s(age):sitenameCaveiro,TPRS,sitename,-0.061922316,0.11973314,1370.409091,Caveiro,-0.296594957,0.172750326
376,s(age):sitenameCaveiro,TPRS,sitename,-0.081967571,0.121265403,1389.832727,Caveiro,-0.319643393,0.155708251
377,s(age):sitenameCaveiro,TPRS,sitename,-0.101238354,0.123077495,1409.256364,Caveiro,-0.342465811,0.139989103
378,s(age):sitenameCaveiro,TPRS,sitename,-0.118677707,0.124543583,1428.68,Caveiro,-0.362778645,0.12542323
379,s(age):sitenameCaveiro,TPRS,sitename,-0.134158179,0.126372194,1448.103636,Caveiro,-0.381843128,0.11352677
380,s(age):sitenameCaveiro,TPRS,sitename,-0.14609985,0.128312552,1467.527273,Caveiro,-0.397587831,0.10538813
381,s(age):sitenameCaveiro,TPRS,sitename,-0.154279487,0.130518914,1486.950909,Caveiro,-0.410091858,0.101532884
382,s(age):sitenameCaveiro,TPRS,sitename,-0.159602618,0.133225654,1506.374545,Caveiro,-0.420720101,0.101514865
383,s(age):sitenameCaveiro,TPRS,sitename,-0.161672374,0.136220465,1525.798182,Caveiro,-0.428659579,0.105314831
384,s(age):sitenameCaveiro,TPRS,sitename,-0.15722804,0.13860352,1545.221818,Caveiro,-0.428885947,0.114429866
385,s(age):sitenameCaveiro,TPRS,sitename,-0.145245077,0.140120634,1564.645455,Caveiro,-0.419876472,0.129386318
386,s(age):sitenameCaveiro,TPRS,sitename,-0.12966701,0.141949642,1584.069091,Caveiro,-0.407883195,0.148549175
387,s(age):sitenameCaveiro,TPRS,sitename,-0.11313864,0.144705917,1603.492727,Caveiro,-0.396757026,0.170479746
388,s(age):sitenameCaveiro,TPRS,sitename,-0.095620191,0.148405698,1622.916364,Caveiro,-0.386490014,0.195249633
389,s(age):sitenameCaveiro,TPRS,sitename,-0.078101741,0.153229138,1642.34,Caveiro,-0.378425333,0.22222185
390,s(age):sitenameCaveiro,TPRS,sitename,-0.060732574,0.158859289,1661.763636,Caveiro,-0.372091059,0.250625911
391,s(age):sitenameCaveiro,TPRS,sitename,-0.044136925,0.164256776,1681.187273,Caveiro,-0.366074291,0.277800441
392,s(age):sitenameCaveiro,TPRS,sitename,-0.028321931,0.169912016,1700.610909,Caveiro,-0.361343362,0.304699501
393,s(age):sitenameCaveiro,TPRS,sitename,-0.01361914,0.17549409,1720.034545,Caveiro,-0.357581236,0.330342955
394,s(age):sitenameCaveiro,TPRS,sitename,-0.003546909,0.179312093,1739.458182,Caveiro,-0.354992153,0.347898334
395,s(age):sitenameCaveiro,TPRS,sitename,0.005146154,0.182680712,1758.881818,Caveiro,-0.352901463,0.363193771
396,s(age):sitenameCaveiro,TPRS,sitename,0.01055325,0.184726114,1778.305455,Caveiro,-0.351503281,0.372609781
397,s(age):sitenameCaveiro,TPRS,sitename,0.015960345,0.186821753,1797.729091,Caveiro,-0.350203561,0.382124252
398,s(age):sitenameCaveiro,TPRS,sitename,0.021367441,0.188965956,1817.152727,Caveiro,-0.348999027,0.391733909
399,s(age):sitenameCaveiro,TPRS,sitename,0.026774536,0.19115709,1836.576364,Caveiro,-0.347886476,0.401435549
400,s(age):sitenameCaveiro,TPRS,sitename,0.032181632,0.193393561,1856,Caveiro,-0.346862782,0.411226045
401,s(age):sitenameFunda,TPRS,sitename,0.35496152,0.132617141,-66.94,Funda,0.095036699,0.61488634
402,s(age):sitenameFunda,TPRS,sitename,0.3557419,0.129650398,-47.51636364,Funda,0.10163179,0.609852011
403,s(age):sitenameFunda,TPRS,sitename,0.35773354,0.122159838,-28.09272727,Funda,0.118304658,0.597162422
404,s(age):sitenameFunda,TPRS,sitename,0.359716815,0.115440659,-8.669090909,Funda,0.133457282,0.585976348
405,s(age):sitenameFunda,TPRS,sitename,0.359742886,0.112165556,10.75454545,Funda,0.139902435,0.579583336
406,s(age):sitenameFunda,TPRS,sitename,0.354724505,0.110075075,30.17818182,Funda,0.138981322,0.570467688
407,s(age):sitenameFunda,TPRS,sitename,0.343881753,0.106459411,49.60181818,Funda,0.135225141,0.552538366
408,s(age):sitenameFunda,TPRS,sitename,0.329935265,0.103759321,69.02545455,Funda,0.126570733,0.533299796
409,s(age):sitenameFunda,TPRS,sitename,0.313687759,0.102503941,88.44909091,Funda,0.112783727,0.514591792
410,s(age):sitenameFunda,TPRS,sitename,0.296227955,0.102297407,107.8727273,Funda,0.095728723,0.496727188
411,s(age):sitenameFunda,TPRS,sitename,0.278244183,0.101754686,127.2963636,Funda,0.078808663,0.477679703
412,s(age):sitenameFunda,TPRS,sitename,0.259805683,0.100553588,146.72,Funda,0.062724272,0.456887095
413,s(age):sitenameFunda,TPRS,sitename,0.240714429,0.099734939,166.1436364,Funda,0.04523754,0.436191318
414,s(age):sitenameFunda,TPRS,sitename,0.219940188,0.09739878,185.5672727,Funda,0.029042087,0.410838289
415,s(age):sitenameFunda,TPRS,sitename,0.198168486,0.095778878,204.9909091,Funda,0.010445335,0.385891636
416,s(age):sitenameFunda,TPRS,sitename,0.175318302,0.094170111,224.4145455,Funda,-0.009251723,0.359888328
417,s(age):sitenameFunda,TPRS,sitename,0.151646582,0.091645576,243.8381818,Funda,-0.027975447,0.33126861
418,s(age):sitenameFunda,TPRS,sitename,0.12832762,0.089283295,263.2618182,Funda,-0.046664422,0.303319662
419,s(age):sitenameFunda,TPRS,sitename,0.107261114,0.087366368,282.6854545,Funda,-0.063973821,0.278496049
420,s(age):sitenameFunda,TPRS,sitename,0.090103106,0.085682508,302.1090909,Funda,-0.077831524,0.258037736
421,s(age):sitenameFunda,TPRS,sitename,0.078604361,0.084490896,321.5327273,Funda,-0.086994753,0.244203475
422,s(age):sitenameFunda,TPRS,sitename,0.073355173,0.083303702,340.9563636,Funda,-0.089917082,0.236627428
423,s(age):sitenameFunda,TPRS,sitename,0.07577772,0.08074445,360.38,Funda,-0.082478494,0.234033933
424,s(age):sitenameFunda,TPRS,sitename,0.082020798,0.078502081,379.8036364,Funda,-0.071840454,0.235882049
425,s(age):sitenameFunda,TPRS,sitename,0.091216851,0.076831718,399.2272727,Funda,-0.059370548,0.241804251
426,s(age):sitenameFunda,TPRS,sitename,0.101771204,0.075859879,418.6509091,Funda,-0.046911428,0.250453835
427,s(age):sitenameFunda,TPRS,sitename,0.111056442,0.075391721,438.0745455,Funda,-0.036708616,0.258821499
428,s(age):sitenameFunda,TPRS,sitename,0.115197778,0.07454096,457.4981818,Funda,-0.030899819,0.261295376
429,s(age):sitenameFunda,TPRS,sitename,0.111119408,0.073000218,476.9218182,Funda,-0.03195839,0.254197206
430,s(age):sitenameFunda,TPRS,sitename,0.096790295,0.070705184,496.3454545,Funda,-0.04178932,0.235369909
431,s(age):sitenameFunda,TPRS,sitename,0.076066719,0.070014459,515.7690909,Funda,-0.061159099,0.213292538
432,s(age):sitenameFunda,TPRS,sitename,0.044992943,0.069881063,535.1927273,Funda,-0.091971423,0.181957309
433,s(age):sitenameFunda,TPRS,sitename,0.007432252,0.070730441,554.6163636,Funda,-0.131196865,0.146061369
434,s(age):sitenameFunda,TPRS,sitename,-0.036140392,0.071031273,574.04,Funda,-0.175359129,0.103078344
435,s(age):sitenameFunda,TPRS,sitename,-0.080436677,0.071014288,593.4636364,Funda,-0.219622123,0.058748769
436,s(age):sitenameFunda,TPRS,sitename,-0.122025599,0.071445513,612.8872727,Funda,-0.262056232,0.018005035
437,s(age):sitenameFunda,TPRS,sitename,-0.155666952,0.071974188,632.3109091,Funda,-0.296733769,-0.014600135
438,s(age):sitenameFunda,TPRS,sitename,-0.183281722,0.074910722,651.7345455,Funda,-0.33010404,-0.036459405
439,s(age):sitenameFunda,TPRS,sitename,-0.198542793,0.076344245,671.1581818,Funda,-0.348174764,-0.048910821
440,s(age):sitenameFunda,TPRS,sitename,-0.199640156,0.073469486,690.5818182,Funda,-0.343637702,-0.055642611
441,s(age):sitenameFunda,TPRS,sitename,-0.196464231,0.071054011,710.0054545,Funda,-0.335727533,-0.057200929
442,s(age):sitenameFunda,TPRS,sitename,-0.192919232,0.071210012,729.4290909,Funda,-0.332488292,-0.053350172
443,s(age):sitenameFunda,TPRS,sitename,-0.19022153,0.072477875,748.8527273,Funda,-0.332275555,-0.048167505
444,s(age):sitenameFunda,TPRS,sitename,-0.190399306,0.073349439,768.2763636,Funda,-0.334161565,-0.046637047
445,s(age):sitenameFunda,TPRS,sitename,-0.19364589,0.073839887,787.7,Funda,-0.338369409,-0.04892237
446,s(age):sitenameFunda,TPRS,sitename,-0.198255818,0.075991087,807.1236364,Funda,-0.347195611,-0.049316024
447,s(age):sitenameFunda,TPRS,sitename,-0.20278186,0.078341281,826.5472727,Funda,-0.356327949,-0.049235771
448,s(age):sitenameFunda,TPRS,sitename,-0.205123999,0.080029578,845.9709091,Funda,-0.361979089,-0.048268909
449,s(age):sitenameFunda,TPRS,sitename,-0.204883852,0.081354318,865.3945455,Funda,-0.364335386,-0.045432319
450,s(age):sitenameFunda,TPRS,sitename,-0.202656959,0.082794468,884.8181818,Funda,-0.364931134,-0.040382783
451,s(age):sitenameFunda,TPRS,sitename,-0.198148731,0.083533741,904.2418182,Funda,-0.361871855,-0.034425606
452,s(age):sitenameFunda,TPRS,sitename,-0.192402958,0.084834124,923.6654545,Funda,-0.358674786,-0.02613113
453,s(age):sitenameFunda,TPRS,sitename,-0.186258774,0.087231059,943.0890909,Funda,-0.357228508,-0.015289041
454,s(age):sitenameFunda,TPRS,sitename,-0.179933603,0.08991597,962.5127273,Funda,-0.356165667,-0.00370154
455,s(age):sitenameFunda,TPRS,sitename,-0.174613185,0.093414002,981.9363636,Funda,-0.357701265,0.008474896
456,s(age):sitenameFunda,TPRS,sitename,-0.170969622,0.097010645,1001.36,Funda,-0.361106992,0.019167748
457,s(age):sitenameFunda,TPRS,sitename,-0.169708373,0.100621431,1020.783636,Funda,-0.366922755,0.027506008
458,s(age):sitenameFunda,TPRS,sitename,-0.170231634,0.10485847,1040.207273,Funda,-0.375750459,0.035287192
459,s(age):sitenameFunda,TPRS,sitename,-0.173378584,0.10857598,1059.630909,Funda,-0.386183594,0.039426427
460,s(age):sitenameFunda,TPRS,sitename,-0.177169002,0.113683781,1079.054545,Funda,-0.399985118,0.045647114
461,s(age):sitenameFunda,TPRS,sitename,-0.182174646,0.118047914,1098.478182,Funda,-0.413544306,0.049195013
462,s(age):sitenameFunda,TPRS,sitename,-0.187997496,0.120492795,1117.901818,Funda,-0.424159035,0.048164043
463,s(age):sitenameFunda,TPRS,sitename,-0.194048154,0.122409671,1137.325455,Funda,-0.433966701,0.045870393
464,s(age):sitenameFunda,TPRS,sitename,-0.199688584,0.12349193,1156.749091,Funda,-0.44172832,0.042351151
465,s(age):sitenameFunda,TPRS,sitename,-0.204675525,0.12399432,1176.172727,Funda,-0.447699926,0.038348877
466,s(age):sitenameFunda,TPRS,sitename,-0.208809189,0.12483535,1195.596364,Funda,-0.453481978,0.035863601
467,s(age):sitenameFunda,TPRS,sitename,-0.21135419,0.12563865,1215.02,Funda,-0.457601418,0.034893039
468,s(age):sitenameFunda,TPRS,sitename,-0.213401985,0.128532602,1234.443636,Funda,-0.465321256,0.038517286
469,s(age):sitenameFunda,TPRS,sitename,-0.214305288,0.132687101,1253.867273,Funda,-0.474367228,0.045756651
470,s(age):sitenameFunda,TPRS,sitename,-0.214864327,0.138788857,1273.290909,Funda,-0.486885488,0.057156835
471,s(age):sitenameFunda,TPRS,sitename,-0.214649273,0.145099641,1292.714545,Funda,-0.499039344,0.069740799
472,s(age):sitenameFunda,TPRS,sitename,-0.213922348,0.151555622,1312.138182,Funda,-0.510965908,0.083121212
473,s(age):sitenameFunda,TPRS,sitename,-0.2130135,0.15834944,1331.561818,Funda,-0.5233727,0.097345701
474,s(age):sitenameFunda,TPRS,sitename,-0.211896695,0.164257531,1350.985455,Funda,-0.53383554,0.110042149
475,s(age):sitenameFunda,TPRS,sitename,-0.210779891,0.17182542,1370.409091,Funda,-0.547551526,0.125991744
476,s(age):sitenameFunda,TPRS,sitename,-0.209726686,0.179975597,1389.832727,Funda,-0.562472374,0.143019001
477,s(age):sitenameFunda,TPRS,sitename,-0.208817638,0.188464451,1409.256364,Funda,-0.578201174,0.160565899
478,s(age):sitenameFunda,TPRS,sitename,-0.208231028,0.196255981,1428.68,Funda,-0.592885683,0.176423627
479,s(age):sitenameFunda,TPRS,sitename,-0.207857983,0.204094413,1448.103636,Funda,-0.607875682,0.192159716
480,s(age):sitenameFunda,TPRS,sitename,-0.207751658,0.211335635,1467.527273,Funda,-0.621961892,0.206458575
481,s(age):sitenameFunda,TPRS,sitename,-0.207815649,0.218167864,1486.950909,Funda,-0.635416805,0.219785506
482,s(age):sitenameFunda,TPRS,sitename,-0.207924936,0.225104441,1506.374545,Funda,-0.649121534,0.233271662
483,s(age):sitenameFunda,TPRS,sitename,-0.208026897,0.231942104,1525.798182,Funda,-0.662625067,0.246571273
484,s(age):sitenameFunda,TPRS,sitename,-0.208025023,0.237430055,1545.221818,Funda,-0.67337938,0.257329334
485,s(age):sitenameFunda,TPRS,sitename,-0.207834741,0.241217702,1564.645455,Funda,-0.68061275,0.264943268
486,s(age):sitenameFunda,TPRS,sitename,-0.207545731,0.244918331,1584.069091,Funda,-0.687576839,0.272485377
487,s(age):sitenameFunda,TPRS,sitename,-0.207223187,0.249396601,1603.492727,Funda,-0.696031542,0.281585168
488,s(age):sitenameFunda,TPRS,sitename,-0.206865707,0.254632452,1622.916364,Funda,-0.705936142,0.292204729
489,s(age):sitenameFunda,TPRS,sitename,-0.206508226,0.261011054,1642.34,Funda,-0.718080491,0.305064039
490,s(age):sitenameFunda,TPRS,sitename,-0.206148152,0.268125971,1661.763636,Funda,-0.731665399,0.319369095
491,s(age):sitenameFunda,TPRS,sitename,-0.205776386,0.274499229,1681.187273,Funda,-0.743784988,0.332232216
492,s(age):sitenameFunda,TPRS,sitename,-0.205419018,0.28103647,1700.610909,Funda,-0.756240377,0.345402341
493,s(age):sitenameFunda,TPRS,sitename,-0.205082741,0.287364963,1720.034545,Funda,-0.768307718,0.358142237
494,s(age):sitenameFunda,TPRS,sitename,-0.204853032,0.291570284,1739.458182,Funda,-0.776320287,0.366614223
495,s(age):sitenameFunda,TPRS,sitename,-0.204655627,0.295239786,1758.881818,Funda,-0.783314975,0.374003721
496,s(age):sitenameFunda,TPRS,sitename,-0.204536299,0.297414229,1778.305455,Funda,-0.787457476,0.378384879
497,s(age):sitenameFunda,TPRS,sitename,-0.204416971,0.299641687,1797.729091,Funda,-0.791703885,0.382869943
498,s(age):sitenameFunda,TPRS,sitename,-0.204297643,0.301920986,1817.152727,Funda,-0.7960519,0.387456615
499,s(age):sitenameFunda,TPRS,sitename,-0.204178315,0.304250961,1836.576364,Funda,-0.80049924,0.392142611
500,s(age):sitenameFunda,TPRS,sitename,-0.204058986,0.306630457,1856,Funda,-0.805043639,0.396925666
501,s(age):sitenameGingal,TPRS,sitename,-0.715354983,0.205659984,-66.94,Gingal,-1.118441145,-0.312268822
502,s(age):sitenameGingal,TPRS,sitename,-0.681020491,0.198933914,-47.51636364,Gingal,-1.070923797,-0.291117184
503,s(age):sitenameGingal,TPRS,sitename,-0.583848691,0.183547054,-28.09272727,Gingal,-0.943594306,-0.224103076
504,s(age):sitenameGingal,TPRS,sitename,-0.46158749,0.174793965,-8.669090909,Gingal,-0.804177365,-0.118997614
505,s(age):sitenameGingal,TPRS,sitename,-0.357755814,0.179179116,10.75454545,Gingal,-0.708940428,-0.0065712
506,s(age):sitenameGingal,TPRS,sitename,-0.33365706,0.186134971,30.17818182,Gingal,-0.698474899,0.031160779
507,s(age):sitenameGingal,TPRS,sitename,-0.408695008,0.186392628,49.60181818,Gingal,-0.774017845,-0.04337217
508,s(age):sitenameGingal,TPRS,sitename,-0.53116055,0.187236267,69.02545455,Gingal,-0.89813689,-0.164184211
509,s(age):sitenameGingal,TPRS,sitename,-0.669524186,0.186980243,88.44909091,Gingal,-1.035998728,-0.303049645
510,s(age):sitenameGingal,TPRS,sitename,-0.787623574,0.182039214,107.8727273,Gingal,-1.144413877,-0.43083327
511,s(age):sitenameGingal,TPRS,sitename,-0.858302499,0.170697349,127.2963636,Gingal,-1.192863155,-0.523741844
512,s(age):sitenameGingal,TPRS,sitename,-0.879562813,0.158425591,146.72,Gingal,-1.190071266,-0.56905436
513,s(age):sitenameGingal,TPRS,sitename,-0.869436214,0.15362786,166.1436364,Gingal,-1.170541286,-0.568331142
514,s(age):sitenameGingal,TPRS,sitename,-0.821572699,0.15532429,185.5672727,Gingal,-1.126002713,-0.517142684
515,s(age):sitenameGingal,TPRS,sitename,-0.759476232,0.163350419,204.9909091,Gingal,-1.079637169,-0.439315294
516,s(age):sitenameGingal,TPRS,sitename,-0.693526661,0.17062452,224.4145455,Gingal,-1.027944574,-0.359108748
517,s(age):sitenameGingal,TPRS,sitename,-0.626213087,0.171666136,243.8381818,Gingal,-0.962672531,-0.289753643
518,s(age):sitenameGingal,TPRS,sitename,-0.557357951,0.169087577,263.2618182,Gingal,-0.888763513,-0.225952388
519,s(age):sitenameGingal,TPRS,sitename,-0.480336858,0.165088602,282.6854545,Gingal,-0.803904572,-0.156769144
520,s(age):sitenameGingal,TPRS,sitename,-0.388723264,0.16131114,302.1090909,Gingal,-0.704887288,-0.07255924
521,s(age):sitenameGingal,TPRS,sitename,-0.275978902,0.16009157,321.5327273,Gingal,-0.589752613,0.03779481
522,s(age):sitenameGingal,TPRS,sitename,-0.144986274,0.159936902,340.9563636,Gingal,-0.458456842,0.168484295
523,s(age):sitenameGingal,TPRS,sitename,0.002824136,0.157135613,360.38,Gingal,-0.305156005,0.310804277
524,s(age):sitenameGingal,TPRS,sitename,0.143952711,0.155358543,379.8036364,Gingal,-0.160544438,0.44844986
525,s(age):sitenameGingal,TPRS,sitename,0.263789054,0.154855182,399.2272727,Gingal,-0.039721525,0.567299633
526,s(age):sitenameGingal,TPRS,sitename,0.338295521,0.155029172,418.6509091,Gingal,0.034443928,0.642147115
527,s(age):sitenameGingal,TPRS,sitename,0.339826254,0.154256671,438.0745455,Gingal,0.037488735,0.642163773
528,s(age):sitenameGingal,TPRS,sitename,0.239215168,0.150273324,457.4981818,Gingal,-0.055315135,0.533745471
529,s(age):sitenameGingal,TPRS,sitename,0.04500997,0.145318786,476.9218182,Gingal,-0.239809616,0.329829556
530,s(age):sitenameGingal,TPRS,sitename,-0.233452686,0.146534977,496.3454545,Gingal,-0.520655963,0.053750592
531,s(age):sitenameGingal,TPRS,sitename,-0.537883901,0.164876978,515.7690909,Gingal,-0.861036839,-0.214730963
532,s(age):sitenameGingal,TPRS,sitename,-0.827694912,0.200445458,535.1927273,Gingal,-1.220560791,-0.434829034
533,s(age):sitenameGingal,TPRS,sitename,-1.065707785,0.254055472,554.6163636,Gingal,-1.563647359,-0.56776821
534,s(age):sitenameGingal,TPRS,sitename,-1.196911545,0.326089924,574.04,Gingal,-1.836036051,-0.557787039
535,s(age):sitenameGingal,TPRS,sitename,-1.206845039,0.412877882,593.4636364,Gingal,-2.016070818,-0.39761926
536,s(age):sitenameGingal,TPRS,sitename,-1.108561323,0.507944621,612.8872727,Gingal,-2.104114486,-0.11300816
537,s(age):sitenameGingal,TPRS,sitename,-0.890159109,0.596216605,632.3109091,Gingal,-2.058722182,0.278403964
538,s(age):sitenameGingal,TPRS,sitename,-0.635301395,0.680239397,651.7345455,Gingal,-1.968546114,0.697943323
539,s(age):sitenameGingal,TPRS,sitename,-0.403613613,0.725867965,671.1581818,Gingal,-1.826288682,1.019061455
540,s(age):sitenameGingal,TPRS,sitename,-0.258723649,0.722095634,690.5818182,Gingal,-1.674005086,1.156557788
541,s(age):sitenameGingal,TPRS,sitename,-0.172295214,0.715905762,710.0054545,Gingal,-1.575444723,1.230854295
542,s(age):sitenameGingal,TPRS,sitename,-0.110012496,0.725564805,729.4290909,Gingal,-1.532093383,1.31206839
543,s(age):sitenameGingal,TPRS,sitename,-0.073879687,0.737869138,748.8527273,Gingal,-1.520076622,1.372317248
544,s(age):sitenameGingal,TPRS,sitename,-0.042180243,0.741526579,768.2763636,Gingal,-1.495545631,1.411185145
545,s(age):sitenameGingal,TPRS,sitename,-0.002553835,0.737404962,787.7,Gingal,-1.447841003,1.442733333
546,s(age):sitenameGingal,TPRS,sitename,0.053072244,0.743857359,807.1236364,Gingal,-1.40486139,1.511005877
547,s(age):sitenameGingal,TPRS,sitename,0.142599117,0.746959883,826.5472727,Gingal,-1.321415351,1.606613585
548,s(age):sitenameGingal,TPRS,sitename,0.255797023,0.741019402,845.9709091,Gingal,-1.196574316,1.708168363
549,s(age):sitenameGingal,TPRS,sitename,0.370207671,0.732069873,865.3945455,Gingal,-1.064622915,1.805038257
550,s(age):sitenameGingal,TPRS,sitename,0.476733871,0.726568458,884.8181818,Gingal,-0.947314139,1.900781881
551,s(age):sitenameGingal,TPRS,sitename,0.560843584,0.717242361,904.2418182,Gingal,-0.844925612,1.966612781
552,s(age):sitenameGingal,TPRS,sitename,0.628503127,0.715277615,923.6654545,Gingal,-0.773415237,2.030421492
553,s(age):sitenameGingal,TPRS,sitename,0.681850808,0.724678539,943.0890909,Gingal,-0.73849303,2.102194645
554,s(age):sitenameGingal,TPRS,sitename,0.711389212,0.733911737,962.5127273,Gingal,-0.72705136,2.149829783
555,s(age):sitenameGingal,TPRS,sitename,0.731390339,0.747041642,981.9363636,Gingal,-0.732784375,2.195565053
556,s(age):sitenameGingal,TPRS,sitename,0.741462708,0.75382877,1001.36,Gingal,-0.736014531,2.218939947
557,s(age):sitenameGingal,TPRS,sitename,0.755311939,0.754486606,1020.783636,Gingal,-0.723454635,2.234078514
558,s(age):sitenameGingal,TPRS,sitename,0.776335299,0.758369695,1040.207273,Gingal,-0.71004199,2.262712589
559,s(age):sitenameGingal,TPRS,sitename,0.814502679,0.757481831,1059.630909,Gingal,-0.670134429,2.299139786
560,s(age):sitenameGingal,TPRS,sitename,0.857877955,0.773896847,1079.054545,Gingal,-0.658931992,2.374687902
561,s(age):sitenameGingal,TPRS,sitename,0.914996692,0.792406352,1098.478182,Gingal,-0.638091219,2.468084603
562,s(age):sitenameGingal,TPRS,sitename,0.984320283,0.805040283,1117.901818,Gingal,-0.593529678,2.562170244
563,s(age):sitenameGingal,TPRS,sitename,1.058347991,0.821386047,1137.325455,Gingal,-0.551539078,2.668235061
564,s(age):sitenameGingal,TPRS,sitename,1.12927633,0.837582163,1156.749091,Gingal,-0.512354543,2.770907203
565,s(age):sitenameGingal,TPRS,sitename,1.193627093,0.852961462,1176.172727,Gingal,-0.478146652,2.865400839
566,s(age):sitenameGingal,TPRS,sitename,1.247382364,0.871462004,1195.596364,Gingal,-0.460651778,2.955416506
567,s(age):sitenameGingal,TPRS,sitename,1.280268906,0.885299002,1215.02,Gingal,-0.454885253,3.015423066
568,s(age):sitenameGingal,TPRS,sitename,1.306491964,0.911380572,1234.443636,Gingal,-0.479781134,3.092765062
569,s(age):sitenameGingal,TPRS,sitename,1.31745045,0.93936792,1253.867273,Gingal,-0.523676841,3.158577741
570,s(age):sitenameGingal,TPRS,sitename,1.324233668,0.977781546,1273.290909,Gingal,-0.592182948,3.240650283
571,s(age):sitenameGingal,TPRS,sitename,1.323368401,1.010626097,1292.714545,Gingal,-0.65742235,3.304159153
572,s(age):sitenameGingal,TPRS,sitename,1.318701568,1.039436382,1312.138182,Gingal,-0.718556305,3.35595944
573,s(age):sitenameGingal,TPRS,sitename,1.315337304,1.06806202,1331.561818,Gingal,-0.778025788,3.408700396
574,s(age):sitenameGingal,TPRS,sitename,1.317718908,1.085997351,1350.985455,Gingal,-0.810796787,3.446234604
575,s(age):sitenameGingal,TPRS,sitename,1.320100513,1.116622262,1370.409091,Gingal,-0.868438904,3.50863993
576,s(age):sitenameGingal,TPRS,sitename,1.327934244,1.151723643,1389.832727,Gingal,-0.929402617,3.585271106
577,s(age):sitenameGingal,TPRS,sitename,1.343227965,1.190287974,1409.256364,Gingal,-0.989693595,3.676149525
578,s(age):sitenameGingal,TPRS,sitename,1.373637003,1.224823637,1428.68,Gingal,-1.026973213,3.774247218
579,s(age):sitenameGingal,TPRS,sitename,1.412073779,1.261469283,1448.103636,Gingal,-1.060360584,3.884508141
580,s(age):sitenameGingal,TPRS,sitename,1.458749661,1.296126895,1467.527273,Gingal,-1.081612371,3.999111694
581,s(age):sitenameGingal,TPRS,sitename,1.50862945,1.330151297,1486.950909,Gingal,-1.098419187,4.115678087
582,s(age):sitenameGingal,TPRS,sitename,1.556936681,1.366826727,1506.374545,Gingal,-1.121994478,4.23586784
583,s(age):sitenameGingal,TPRS,sitename,1.6006148,1.40479513,1525.798182,Gingal,-1.15273306,4.35396266
584,s(age):sitenameGingal,TPRS,sitename,1.630542222,1.436373344,1545.221818,Gingal,-1.184697801,4.445782245
585,s(age):sitenameGingal,TPRS,sitename,1.64047769,1.459553942,1564.645455,Gingal,-1.22019547,4.50115085
586,s(age):sitenameGingal,TPRS,sitename,1.640245801,1.484146452,1584.069091,Gingal,-1.268627794,4.549119395
587,s(age):sitenameGingal,TPRS,sitename,1.63621096,1.515223428,1603.492727,Gingal,-1.333572388,4.605994309
588,s(age):sitenameGingal,TPRS,sitename,1.628213986,1.552566648,1622.916364,Gingal,-1.414760727,4.671188699
589,s(age):sitenameGingal,TPRS,sitename,1.620217011,1.598237624,1642.34,Gingal,-1.512271171,4.752705193
590,s(age):sitenameGingal,TPRS,sitename,1.610887322,1.649388723,1661.763636,Gingal,-1.621855172,4.843629815
591,s(age):sitenameGingal,TPRS,sitename,1.595068937,1.695987289,1681.187273,Gingal,-1.729005067,4.919142941
592,s(age):sitenameGingal,TPRS,sitename,1.578797399,1.743701401,1700.610909,Gingal,-1.838794547,4.996389345
593,s(age):sitenameGingal,TPRS,sitename,1.562023363,1.789860622,1720.034545,Gingal,-1.946038994,5.07008572
594,s(age):sitenameGingal,TPRS,sitename,1.547902279,1.820644254,1739.458182,Gingal,-2.020494887,5.116299445
595,s(age):sitenameGingal,TPRS,sitename,1.534889052,1.847478309,1758.881818,Gingal,-2.086101897,5.15588
596,s(age):sitenameGingal,TPRS,sitename,1.525517448,1.863432165,1778.305455,Gingal,-2.126742484,5.177777379
597,s(age):sitenameGingal,TPRS,sitename,1.516145844,1.879733222,1797.729091,Gingal,-2.168063572,5.20035526
598,s(age):sitenameGingal,TPRS,sitename,1.50677424,1.896372527,1817.152727,Gingal,-2.210047613,5.223596094
599,s(age):sitenameGingal,TPRS,sitename,1.497402637,1.913341254,1836.576364,Gingal,-2.252677312,5.247482585
600,s(age):sitenameGingal,TPRS,sitename,1.488031033,1.930630718,1856,Gingal,-2.295935643,5.271997708
601,s(age):sitenamePeixinho,TPRS,sitename,-0.110799414,0.13243047,-66.94,Peixinho,-0.370358367,0.148759539
602,s(age):sitenamePeixinho,TPRS,sitename,-0.125184674,0.128923817,-47.51636364,Peixinho,-0.377870712,0.127501363
603,s(age):sitenamePeixinho,TPRS,sitename,-0.167430681,0.121697783,-28.09272727,Peixinho,-0.405953952,0.07109259
604,s(age):sitenamePeixinho,TPRS,sitename,-0.223991876,0.11982189,-8.669090909,Peixinho,-0.458838465,0.010854712
605,s(age):sitenamePeixinho,TPRS,sitename,-0.282204079,0.125472721,10.75454545,Peixinho,-0.528126093,-0.036282064
606,s(age):sitenamePeixinho,TPRS,sitename,-0.324745853,0.12973233,30.17818182,Peixinho,-0.579016546,-0.070475159
607,s(age):sitenamePeixinho,TPRS,sitename,-0.340611229,0.126695741,49.60181818,Peixinho,-0.588930318,-0.092292139
608,s(age):sitenamePeixinho,TPRS,sitename,-0.340558732,0.123950227,69.02545455,Peixinho,-0.583496712,-0.097620751
609,s(age):sitenamePeixinho,TPRS,sitename,-0.328149225,0.123697946,88.44909091,Peixinho,-0.570592745,-0.085705705
610,s(age):sitenamePeixinho,TPRS,sitename,-0.310600984,0.125865743,107.8727273,Peixinho,-0.557293307,-0.06390866
611,s(age):sitenamePeixinho,TPRS,sitename,-0.294196941,0.127979712,127.2963636,Peixinho,-0.545032567,-0.043361314
612,s(age):sitenamePeixinho,TPRS,sitename,-0.281008515,0.129404636,146.72,Peixinho,-0.534636941,-0.027380088
613,s(age):sitenamePeixinho,TPRS,sitename,-0.269521268,0.13163631,166.1436364,Peixinho,-0.527523694,-0.011518841
614,s(age):sitenamePeixinho,TPRS,sitename,-0.257830889,0.129102887,185.5672727,Peixinho,-0.510867899,-0.004793879
615,s(age):sitenamePeixinho,TPRS,sitename,-0.244630078,0.127004066,204.9909091,Peixinho,-0.493553473,0.004293316
616,s(age):sitenamePeixinho,TPRS,sitename,-0.22607909,0.124663767,224.4145455,Peixinho,-0.470415583,0.018257403
617,s(age):sitenamePeixinho,TPRS,sitename,-0.200229581,0.122686944,243.8381818,Peixinho,-0.440691572,0.040232411
618,s(age):sitenamePeixinho,TPRS,sitename,-0.168742922,0.126032575,263.2618182,Peixinho,-0.41576223,0.078276386
619,s(age):sitenamePeixinho,TPRS,sitename,-0.133269543,0.135069949,282.6854545,Peixinho,-0.398001779,0.131462693
620,s(age):sitenamePeixinho,TPRS,sitename,-0.094967402,0.146748687,302.1090909,Peixinho,-0.382589544,0.19265474
621,s(age):sitenamePeixinho,TPRS,sitename,-0.058344708,0.156404407,321.5327273,Peixinho,-0.364891713,0.248202297
622,s(age):sitenamePeixinho,TPRS,sitename,-0.026601982,0.159728941,340.9563636,Peixinho,-0.339664953,0.286460989
623,s(age):sitenamePeixinho,TPRS,sitename,-0.001730163,0.152237891,360.38,Peixinho,-0.300110946,0.29665062
624,s(age):sitenamePeixinho,TPRS,sitename,0.019586532,0.140890227,379.8036364,Peixinho,-0.256553239,0.295726303
625,s(age):sitenamePeixinho,TPRS,sitename,0.038601253,0.128347029,399.2272727,Peixinho,-0.212954301,0.290156807
626,s(age):sitenamePeixinho,TPRS,sitename,0.057800129,0.118719661,418.6509091,Peixinho,-0.17488613,0.290486389
627,s(age):sitenamePeixinho,TPRS,sitename,0.081044005,0.115839596,438.0745455,Peixinho,-0.145997431,0.308085441
628,s(age):sitenamePeixinho,TPRS,sitename,0.113481225,0.118540414,457.4981818,Peixinho,-0.118853717,0.345816167
629,s(age):sitenamePeixinho,TPRS,sitename,0.157319556,0.122050445,476.9218182,Peixinho,-0.08189492,0.396534032
630,s(age):sitenamePeixinho,TPRS,sitename,0.213303894,0.121381429,496.3454545,Peixinho,-0.024599335,0.451207123
631,s(age):sitenamePeixinho,TPRS,sitename,0.274810101,0.119832666,515.7690909,Peixinho,0.039942391,0.509677811
632,s(age):sitenamePeixinho,TPRS,sitename,0.340364965,0.11311379,535.1927273,Peixinho,0.11866601,0.56206392
633,s(age):sitenamePeixinho,TPRS,sitename,0.404537719,0.104634149,554.6163636,Peixinho,0.199458556,0.609616883
634,s(age):sitenamePeixinho,TPRS,sitename,0.46198831,0.093589696,574.04,Peixinho,0.278555876,0.645420744
635,s(age):sitenamePeixinho,TPRS,sitename,0.50862028,0.083620508,593.4636364,Peixinho,0.344727096,0.672513465
636,s(age):sitenamePeixinho,TPRS,sitename,0.543805113,0.077409,612.8872727,Peixinho,0.392086262,0.695523964
637,s(age):sitenamePeixinho,TPRS,sitename,0.56325737,0.074854953,632.3109091,Peixinho,0.416544358,0.709970381
638,s(age):sitenamePeixinho,TPRS,sitename,0.574982259,0.078957572,651.7345455,Peixinho,0.420228262,0.729736256
639,s(age):sitenamePeixinho,TPRS,sitename,0.575912722,0.082094745,671.1581818,Peixinho,0.415009978,0.736815466
640,s(age):sitenamePeixinho,TPRS,sitename,0.563027191,0.078430413,690.5818182,Peixinho,0.409306406,0.716747977
641,s(age):sitenamePeixinho,TPRS,sitename,0.539079916,0.075417638,710.0054545,Peixinho,0.391264062,0.68689577
642,s(age):sitenamePeixinho,TPRS,sitename,0.506189018,0.076116775,729.4290909,Peixinho,0.35700288,0.655375156
643,s(age):sitenamePeixinho,TPRS,sitename,0.457909433,0.077654477,748.8527273,Peixinho,0.305709454,0.610109412
644,s(age):sitenamePeixinho,TPRS,sitename,0.387980149,0.076922089,768.2763636,Peixinho,0.237215626,0.538744672
645,s(age):sitenamePeixinho,TPRS,sitename,0.295636485,0.073954956,787.7,Peixinho,0.150687435,0.440585534
646,s(age):sitenamePeixinho,TPRS,sitename,0.190743276,0.073342882,807.1236364,Peixinho,0.046993869,0.334492684
647,s(age):sitenamePeixinho,TPRS,sitename,0.075259307,0.075235245,826.5472727,Peixinho,-0.072199062,0.222717677
648,s(age):sitenamePeixinho,TPRS,sitename,-0.037081511,0.07935674,845.9709091,Peixinho,-0.192617864,0.118454841
649,s(age):sitenamePeixinho,TPRS,sitename,-0.135936743,0.084950559,865.3945455,Peixinho,-0.302436779,0.030563293
650,s(age):sitenamePeixinho,TPRS,sitename,-0.220181007,0.091515276,884.8181818,Peixinho,-0.399547652,-0.040814362
651,s(age):sitenamePeixinho,TPRS,sitename,-0.278496735,0.096751927,904.2418182,Peixinho,-0.468127028,-0.088866442
652,s(age):sitenamePeixinho,TPRS,sitename,-0.318739386,0.102316912,923.6654545,Peixinho,-0.519276848,-0.118201923
653,s(age):sitenamePeixinho,TPRS,sitename,-0.343200317,0.10855728,943.0890909,Peixinho,-0.555968677,-0.130431958
654,s(age):sitenamePeixinho,TPRS,sitename,-0.340521141,0.11347923,962.5127273,Peixinho,-0.562936345,-0.118105938
655,s(age):sitenamePeixinho,TPRS,sitename,-0.322026708,0.117787266,981.9363636,Peixinho,-0.552885506,-0.09116791
656,s(age):sitenamePeixinho,TPRS,sitename,-0.283652849,0.119746098,1001.36,Peixinho,-0.518350889,-0.04895481
657,s(age):sitenamePeixinho,TPRS,sitename,-0.235729998,0.119339335,1020.783636,Peixinho,-0.469630796,-0.0018292
658,s(age):sitenamePeixinho,TPRS,sitename,-0.185246997,0.118262722,1040.207273,Peixinho,-0.417037673,0.046543679
659,s(age):sitenamePeixinho,TPRS,sitename,-0.138463656,0.11533397,1059.630909,Peixinho,-0.364514083,0.087586771
660,s(age):sitenamePeixinho,TPRS,sitename,-0.094076885,0.114703931,1079.054545,Peixinho,-0.318892458,0.130738688
661,s(age):sitenamePeixinho,TPRS,sitename,-0.061226688,0.114551032,1098.478182,Peixinho,-0.285742585,0.163289209
662,s(age):sitenamePeixinho,TPRS,sitename,-0.044898142,0.114089522,1117.901818,Peixinho,-0.268509497,0.178713213
663,s(age):sitenamePeixinho,TPRS,sitename,-0.03856645,0.114643431,1137.325455,Peixinho,-0.263263445,0.186130546
664,s(age):sitenamePeixinho,TPRS,sitename,-0.042520378,0.115503889,1156.749091,Peixinho,-0.26890384,0.183863085
665,s(age):sitenamePeixinho,TPRS,sitename,-0.055853066,0.116121036,1176.172727,Peixinho,-0.283446115,0.171739982
666,s(age):sitenamePeixinho,TPRS,sitename,-0.074413888,0.116736179,1195.596364,Peixinho,-0.303212594,0.154384818
667,s(age):sitenamePeixinho,TPRS,sitename,-0.09851178,0.11591823,1215.02,Peixinho,-0.325707335,0.128683775
668,s(age):sitenamePeixinho,TPRS,sitename,-0.122843735,0.116519471,1234.443636,Peixinho,-0.351217702,0.105530231
669,s(age):sitenamePeixinho,TPRS,sitename,-0.146288855,0.11735819,1253.867273,Peixinho,-0.37630668,0.08372897
670,s(age):sitenamePeixinho,TPRS,sitename,-0.168553843,0.119898335,1273.290909,Peixinho,-0.403550262,0.066442576
671,s(age):sitenamePeixinho,TPRS,sitename,-0.185674824,0.122302905,1292.714545,Peixinho,-0.425384112,0.054034465
672,s(age):sitenamePeixinho,TPRS,sitename,-0.198228815,0.12470168,1312.138182,Peixinho,-0.442639618,0.046181987
673,s(age):sitenamePeixinho,TPRS,sitename,-0.207436071,0.127479411,1331.561818,Peixinho,-0.457291125,0.042418983
674,s(age):sitenamePeixinho,TPRS,sitename,-0.210243797,0.129267047,1350.985455,Peixinho,-0.463602554,0.04311496
675,s(age):sitenamePeixinho,TPRS,sitename,-0.213051523,0.132970238,1370.409091,Peixinho,-0.4736684,0.047565355
676,s(age):sitenamePeixinho,TPRS,sitename,-0.214133138,0.13743931,1389.832727,Peixinho,-0.483509236,0.055242959
677,s(age):sitenamePeixinho,TPRS,sitename,-0.213856204,0.142369932,1409.256364,Peixinho,-0.492896143,0.065183735
678,s(age):sitenamePeixinho,TPRS,sitename,-0.211309622,0.146531908,1428.68,Peixinho,-0.498506885,0.07588764
679,s(age):sitenamePeixinho,TPRS,sitename,-0.207972695,0.150816134,1448.103636,Peixinho,-0.503566886,0.087621496
680,s(age):sitenamePeixinho,TPRS,sitename,-0.203999071,0.154465414,1467.527273,Peixinho,-0.50674572,0.098747578
681,s(age):sitenamePeixinho,TPRS,sitename,-0.199770996,0.157674671,1486.950909,Peixinho,-0.508807673,0.10926568
682,s(age):sitenamePeixinho,TPRS,sitename,-0.195480559,0.161012987,1506.374545,Peixinho,-0.511060215,0.120099097
683,s(age):sitenamePeixinho,TPRS,sitename,-0.191159377,0.164131604,1525.798182,Peixinho,-0.51285141,0.130532657
684,s(age):sitenamePeixinho,TPRS,sitename,-0.186783734,0.165197079,1545.221818,Peixinho,-0.510564058,0.136996591
685,s(age):sitenamePeixinho,TPRS,sitename,-0.182318806,0.163793812,1564.645455,Peixinho,-0.503348778,0.138711166
686,s(age):sitenamePeixinho,TPRS,sitename,-0.177808998,0.162449602,1584.069091,Peixinho,-0.496204367,0.14058637
687,s(age):sitenamePeixinho,TPRS,sitename,-0.173306134,0.162664869,1603.492727,Peixinho,-0.492123419,0.145511151
688,s(age):sitenamePeixinho,TPRS,sitename,-0.168810504,0.164591118,1622.916364,Peixinho,-0.491403168,0.153782159
689,s(age):sitenamePeixinho,TPRS,sitename,-0.164314874,0.168656959,1642.34,Peixinho,-0.49487644,0.166246692
690,s(age):sitenamePeixinho,TPRS,sitename,-0.159884785,0.174450101,1661.763636,Peixinho,-0.5018007,0.18203113
691,s(age):sitenamePeixinho,TPRS,sitename,-0.155781864,0.180583342,1681.187273,Peixinho,-0.50971871,0.198154983
692,s(age):sitenamePeixinho,TPRS,sitename,-0.151853886,0.187532312,1700.610909,Peixinho,-0.519410464,0.215702692
693,s(age):sitenamePeixinho,TPRS,sitename,-0.14817377,0.194751977,1720.034545,Peixinho,-0.529880631,0.233533092
694,s(age):sitenamePeixinho,TPRS,sitename,-0.145487289,0.199858573,1739.458182,Peixinho,-0.537202895,0.246228317
695,s(age):sitenamePeixinho,TPRS,sitename,-0.143107149,0.204458144,1758.881818,Peixinho,-0.543837748,0.25762345
696,s(age):sitenamePeixinho,TPRS,sitename,-0.141501373,0.207298336,1778.305455,Peixinho,-0.547798647,0.2647959
697,s(age):sitenamePeixinho,TPRS,sitename,-0.139895598,0.21023331,1797.729091,Peixinho,-0.551945314,0.272154118
698,s(age):sitenamePeixinho,TPRS,sitename,-0.138289822,0.213259152,1817.152727,Peixinho,-0.55627008,0.279690435
699,s(age):sitenamePeixinho,TPRS,sitename,-0.136684047,0.21637205,1836.576364,Peixinho,-0.560765472,0.287397378
700,s(age):sitenamePeixinho,TPRS,sitename,-0.135078271,0.219568301,1856,Peixinho,-0.565424234,0.295267691
701,s(age):sitenamePico da Esperança,TPRS,sitename,0.582965284,0.152126922,-66.94,Pico da Esperança,0.284801996,0.881128571
702,s(age):sitenamePico da Esperança,TPRS,sitename,0.589713806,0.147411043,-47.51636364,Pico da Esperança,0.30079347,0.878634142
703,s(age):sitenamePico da Esperança,TPRS,sitename,0.60943209,0.135963833,-28.09272727,Pico da Esperança,0.342947874,0.875916306
704,s(age):sitenamePico da Esperança,TPRS,sitename,0.635310848,0.127243941,-8.669090909,Pico da Esperança,0.385917306,0.884704389
705,s(age):sitenamePico da Esperança,TPRS,sitename,0.659475839,0.125657598,10.75454545,Pico da Esperança,0.413191472,0.905760206
706,s(age):sitenamePico da Esperança,TPRS,sitename,0.668142245,0.125049406,30.17818182,Pico da Esperança,0.423049914,0.913234576
707,s(age):sitenamePico da Esperança,TPRS,sitename,0.648868536,0.11941569,49.60181818,Pico da Esperança,0.414818085,0.882918987
708,s(age):sitenamePico da Esperança,TPRS,sitename,0.608524333,0.114228674,69.02545455,Pico da Esperança,0.384640246,0.832408421
709,s(age):sitenamePico da Esperança,TPRS,sitename,0.541862889,0.111762667,88.44909091,Pico da Esperança,0.322812087,0.760913692
710,s(age):sitenamePico da Esperança,TPRS,sitename,0.453315606,0.111750464,107.8727273,Pico da Esperança,0.234288721,0.672342491
711,s(age):sitenamePico da Esperança,TPRS,sitename,0.352843007,0.111558672,127.2963636,Pico da Esperança,0.134192028,0.571493985
712,s(age):sitenamePico da Esperança,TPRS,sitename,0.25209337,0.110684042,146.72,Pico da Esperança,0.035156634,0.469030106
713,s(age):sitenamePico da Esperança,TPRS,sitename,0.159368331,0.111080105,166.1436364,Pico da Esperança,-0.058344675,0.377081337
714,s(age):sitenamePico da Esperança,TPRS,sitename,0.090767147,0.110180206,185.5672727,Pico da Esperança,-0.125182088,0.306716383
715,s(age):sitenamePico da Esperança,TPRS,sitename,0.037129986,0.111012658,204.9909091,Pico da Esperança,-0.180450826,0.254710798
716,s(age):sitenamePico da Esperança,TPRS,sitename,0.003821649,0.111645699,224.4145455,Pico da Esperança,-0.214999899,0.222643197
717,s(age):sitenamePico da Esperança,TPRS,sitename,-0.006041801,0.110110006,243.8381818,Pico da Esperança,-0.221853447,0.209769846
718,s(age):sitenamePico da Esperança,TPRS,sitename,-0.000364697,0.108191925,263.2618182,Pico da Esperança,-0.212416973,0.21168758
719,s(age):sitenamePico da Esperança,TPRS,sitename,0.016200689,0.106680558,282.6854545,Pico da Esperança,-0.192889362,0.22529074
720,s(age):sitenamePico da Esperança,TPRS,sitename,0.041814358,0.105788699,302.1090909,Pico da Esperança,-0.165527682,0.249156399
721,s(age):sitenamePico da Esperança,TPRS,sitename,0.069205529,0.106189517,321.5327273,Pico da Esperança,-0.138922101,0.277333158
722,s(age):sitenamePico da Esperança,TPRS,sitename,0.093839337,0.106750866,340.9563636,Pico da Esperança,-0.115388515,0.303067189
723,s(age):sitenamePico da Esperança,TPRS,sitename,0.113884333,0.10506753,360.38,Pico da Esperança,-0.092044243,0.319812908
724,s(age):sitenamePico da Esperança,TPRS,sitename,0.131637324,0.103974563,379.8036364,Pico da Esperança,-0.072149074,0.335423723
725,s(age):sitenamePico da Esperança,TPRS,sitename,0.148150629,0.103883483,399.2272727,Pico da Esperança,-0.055457256,0.351758514
726,s(age):sitenamePico da Esperança,TPRS,sitename,0.165270723,0.10480296,418.6509091,Pico da Esperança,-0.040139304,0.37068075
727,s(age):sitenamePico da Esperança,TPRS,sitename,0.185221901,0.10597545,438.0745455,Pico da Esperança,-0.022486165,0.392929967
728,s(age):sitenamePico da Esperança,TPRS,sitename,0.209832027,0.105296423,457.4981818,Pico da Esperança,0.003454831,0.416209223
729,s(age):sitenamePico da Esperança,TPRS,sitename,0.237042182,0.10200038,476.9218182,Pico da Esperança,0.037125111,0.436959253
730,s(age):sitenamePico da Esperança,TPRS,sitename,0.263746818,0.095923735,496.3454545,Pico da Esperança,0.075739752,0.451753884
731,s(age):sitenamePico da Esperança,TPRS,sitename,0.28607822,0.09187546,515.7690909,Pico da Esperança,0.106005627,0.466150812
732,s(age):sitenamePico da Esperança,TPRS,sitename,0.291033904,0.089074622,535.1927273,Pico da Esperança,0.116450852,0.465616956
733,s(age):sitenamePico da Esperança,TPRS,sitename,0.276008666,0.088657828,554.6163636,Pico da Esperança,0.102242516,0.449774817
734,s(age):sitenamePico da Esperança,TPRS,sitename,0.229133437,0.087909072,574.04,Pico da Esperança,0.056834822,0.401432053
735,s(age):sitenamePico da Esperança,TPRS,sitename,0.152547901,0.086393302,593.4636364,Pico da Esperança,-0.016779858,0.321875661
736,s(age):sitenamePico da Esperança,TPRS,sitename,0.052321929,0.084899972,612.8872727,Pico da Esperança,-0.114078959,0.218722817
737,s(age):sitenamePico da Esperança,TPRS,sitename,-0.070254661,0.083353926,632.3109091,Pico da Esperança,-0.233625353,0.093116031
738,s(age):sitenamePico da Esperança,TPRS,sitename,-0.196576153,0.086134869,651.7345455,Pico da Esperança,-0.365397394,-0.027754912
739,s(age):sitenamePico da Esperança,TPRS,sitename,-0.305523914,0.088112877,671.1581818,Pico da Esperança,-0.478221979,-0.132825849
740,s(age):sitenamePico da Esperança,TPRS,sitename,-0.376238201,0.08510758,690.5818182,Pico da Esperança,-0.543045992,-0.209430409
741,s(age):sitenamePico da Esperança,TPRS,sitename,-0.421678053,0.083558005,710.0054545,Pico da Esperança,-0.585448733,-0.257907372
742,s(age):sitenamePico da Esperança,TPRS,sitename,-0.454368918,0.085847559,729.4290909,Pico da Esperança,-0.622627042,-0.286110795
743,s(age):sitenamePico da Esperança,TPRS,sitename,-0.470106409,0.089144768,748.8527273,Pico da Esperança,-0.644826943,-0.295385875
744,s(age):sitenamePico da Esperança,TPRS,sitename,-0.472222619,0.090539462,768.2763636,Pico da Esperança,-0.649676703,-0.294768535
745,s(age):sitenamePico da Esperança,TPRS,sitename,-0.464147787,0.090107492,787.7,Pico da Esperança,-0.640755225,-0.287540348
746,s(age):sitenamePico da Esperança,TPRS,sitename,-0.453904441,0.091488712,807.1236364,Pico da Esperança,-0.633219022,-0.274589861
747,s(age):sitenamePico da Esperança,TPRS,sitename,-0.447582791,0.092994762,826.5472727,Pico da Esperança,-0.629849174,-0.265316407
748,s(age):sitenamePico da Esperança,TPRS,sitename,-0.448414264,0.093668254,845.9709091,Pico da Esperança,-0.632000668,-0.26482786
749,s(age):sitenamePico da Esperança,TPRS,sitename,-0.454093136,0.09393453,865.3945455,Pico da Esperança,-0.638201432,-0.269984839
750,s(age):sitenamePico da Esperança,TPRS,sitename,-0.462158684,0.094369305,884.8181818,Pico da Esperança,-0.647119123,-0.277198245
751,s(age):sitenamePico da Esperança,TPRS,sitename,-0.470732727,0.093824091,904.2418182,Pico da Esperança,-0.654624567,-0.286840888
752,s(age):sitenamePico da Esperança,TPRS,sitename,-0.478786598,0.093907473,923.6654545,Pico da Esperança,-0.662841863,-0.294731333
753,s(age):sitenamePico da Esperança,TPRS,sitename,-0.484863764,0.095400127,943.0890909,Pico da Esperança,-0.671844578,-0.297882951
754,s(age):sitenamePico da Esperança,TPRS,sitename,-0.4864645,0.097063315,962.5127273,Pico da Esperança,-0.676705101,-0.2962239
755,s(age):sitenamePico da Esperança,TPRS,sitename,-0.483147929,0.099449348,981.9363636,Pico da Esperança,-0.678065069,-0.288230789
756,s(age):sitenamePico da Esperança,TPRS,sitename,-0.472729788,0.101399012,1001.36,Pico da Esperança,-0.6714682,-0.273991376
757,s(age):sitenamePico da Esperança,TPRS,sitename,-0.455177666,0.102942037,1020.783636,Pico da Esperança,-0.656940352,-0.253414981
758,s(age):sitenamePico da Esperança,TPRS,sitename,-0.432786615,0.105072609,1040.207273,Pico da Esperança,-0.638725145,-0.226848085
759,s(age):sitenamePico da Esperança,TPRS,sitename,-0.403849972,0.106748627,1059.630909,Pico da Esperança,-0.613073437,-0.194626508
760,s(age):sitenamePico da Esperança,TPRS,sitename,-0.373327055,0.110375959,1079.054545,Pico da Esperança,-0.58965996,-0.15699415
761,s(age):sitenamePico da Esperança,TPRS,sitename,-0.339732565,0.11332128,1098.478182,Pico da Esperança,-0.561838192,-0.117626938
762,s(age):sitenamePico da Esperança,TPRS,sitename,-0.303863183,0.114116143,1117.901818,Pico da Esperança,-0.527526713,-0.080199654
763,s(age):sitenamePico da Esperança,TPRS,sitename,-0.267246388,0.115182062,1137.325455,Pico da Esperança,-0.492999081,-0.041493695
764,s(age):sitenamePico da Esperança,TPRS,sitename,-0.231538996,0.116799395,1156.749091,Pico da Esperança,-0.460461603,-0.002616389
765,s(age):sitenamePico da Esperança,TPRS,sitename,-0.197529686,0.120684436,1176.172727,Pico da Esperança,-0.434066833,0.039007462
766,s(age):sitenamePico da Esperança,TPRS,sitename,-0.166355485,0.128782152,1195.596364,Pico da Esperança,-0.418763865,0.086052896
767,s(age):sitenamePico da Esperança,TPRS,sitename,-0.141277619,0.1413156,1215.02,Pico da Esperança,-0.418251105,0.135695868
768,s(age):sitenamePico da Esperança,TPRS,sitename,-0.118799821,0.159572643,1234.443636,Pico da Esperança,-0.431556454,0.193956813
769,s(age):sitenamePico da Esperança,TPRS,sitename,-0.103134196,0.18072222,1253.867273,Pico da Esperança,-0.457343238,0.251074846
770,s(age):sitenamePico da Esperança,TPRS,sitename,-0.090301814,0.204733732,1273.290909,Pico da Esperança,-0.491572554,0.310968927
771,s(age):sitenamePico da Esperança,TPRS,sitename,-0.086290917,0.226722629,1292.714545,Pico da Esperança,-0.530659104,0.35807727
772,s(age):sitenamePico da Esperança,TPRS,sitename,-0.089438846,0.247320426,1312.138182,Pico da Esperança,-0.574177974,0.395300283
773,s(age):sitenamePico da Esperança,TPRS,sitename,-0.097373673,0.267420656,1331.561818,Pico da Esperança,-0.621508527,0.426761181
774,s(age):sitenamePico da Esperança,TPRS,sitename,-0.11421302,0.284196841,1350.985455,Pico da Esperança,-0.671228592,0.442802552
775,s(age):sitenamePico da Esperança,TPRS,sitename,-0.131052367,0.304755089,1370.409091,Pico da Esperança,-0.728361367,0.466256632
776,s(age):sitenamePico da Esperança,TPRS,sitename,-0.150263797,0.326099429,1389.832727,Pico da Esperança,-0.789406933,0.488879339
777,s(age):sitenamePico da Esperança,TPRS,sitename,-0.171251478,0.347636004,1409.256364,Pico da Esperança,-0.852605526,0.51010257
778,s(age):sitenamePico da Esperança,TPRS,sitename,-0.195012011,0.366702353,1428.68,Pico da Esperança,-0.913735415,0.523711394
779,s(age):sitenamePico da Esperança,TPRS,sitename,-0.219011868,0.385313013,1448.103636,Pico da Esperança,-0.974211497,0.536187761
780,s(age):sitenamePico da Esperança,TPRS,sitename,-0.241934294,0.401833205,1467.527273,Pico da Esperança,-1.029512904,0.545644315
781,s(age):sitenamePico da Esperança,TPRS,sitename,-0.26270372,0.416897679,1486.950909,Pico da Esperança,-1.079808155,0.554400716
782,s(age):sitenamePico da Esperança,TPRS,sitename,-0.281304942,0.431998604,1506.374545,Pico da Esperança,-1.128006648,0.565396763
783,s(age):sitenamePico da Esperança,TPRS,sitename,-0.297109889,0.446820215,1525.798182,Pico da Esperança,-1.172861418,0.57864164
784,s(age):sitenamePico da Esperança,TPRS,sitename,-0.306837848,0.458715652,1545.221818,Pico da Esperança,-1.205904004,0.592228309
785,s(age):sitenamePico da Esperança,TPRS,sitename,-0.309061044,0.467185513,1564.645455,Pico da Esperança,-1.224727824,0.606605735
786,s(age):sitenamePico da Esperança,TPRS,sitename,-0.307620373,0.475875041,1584.069091,Pico da Esperança,-1.240318315,0.625077569
787,s(age):sitenamePico da Esperança,TPRS,sitename,-0.304989895,0.48664443,1603.492727,Pico da Esperança,-1.258795452,0.648815661
788,s(age):sitenamePico da Esperança,TPRS,sitename,-0.301119808,0.499395049,1622.916364,Pico da Esperança,-1.279916119,0.677676502
789,s(age):sitenamePico da Esperança,TPRS,sitename,-0.297249721,0.514895762,1642.34,Pico da Esperança,-1.306426871,0.711927429
790,s(age):sitenamePico da Esperança,TPRS,sitename,-0.29311337,0.532153131,1661.763636,Pico da Esperança,-1.336114342,0.749887602
791,s(age):sitenamePico da Esperança,TPRS,sitename,-0.287692264,0.547680868,1681.187273,Pico da Esperança,-1.36112704,0.785742513
792,s(age):sitenamePico da Esperança,TPRS,sitename,-0.282322324,0.563514053,1700.610909,Pico da Esperança,-1.386789573,0.822144925
793,s(age):sitenamePico da Esperança,TPRS,sitename,-0.277053861,0.578762653,1720.034545,Pico da Esperança,-1.411407816,0.857300094
794,s(age):sitenamePico da Esperança,TPRS,sitename,-0.27314618,0.5888686,1739.458182,Pico da Esperança,-1.427307428,0.881015067
795,s(age):sitenamePico da Esperança,TPRS,sitename,-0.269690837,0.597653056,1758.881818,Pico da Esperança,-1.441069301,0.901687628
796,s(age):sitenamePico da Esperança,TPRS,sitename,-0.267447521,0.602849658,1778.305455,Pico da Esperança,-1.449011138,0.914116096
797,s(age):sitenamePico da Esperança,TPRS,sitename,-0.265204206,0.608156605,1797.729091,Pico da Esperança,-1.45716925,0.926760837
798,s(age):sitenamePico da Esperança,TPRS,sitename,-0.262960891,0.613571036,1817.152727,Pico da Esperança,-1.465538023,0.939616242
799,s(age):sitenamePico da Esperança,TPRS,sitename,-0.260717575,0.619090129,1836.576364,Pico da Esperança,-1.474111931,0.952676781
800,s(age):sitenamePico da Esperança,TPRS,sitename,-0.25847426,0.624711111,1856,Pico da Esperança,-1.482885537,0.965937018
801,s(age):sitenameRasa,TPRS,sitename,-0.267898169,0.113919558,-66.94,Rasa,-0.491176401,-0.044619938
802,s(age):sitenameRasa,TPRS,sitename,-0.269489234,0.111887443,-47.51636364,Rasa,-0.488784592,-0.050193876
803,s(age):sitenameRasa,TPRS,sitename,-0.274047299,0.106598293,-28.09272727,Rasa,-0.482976114,-0.065118484
804,s(age):sitenameRasa,TPRS,sitename,-0.279838119,0.101336163,-8.669090909,Rasa,-0.478453349,-0.081222889
805,s(age):sitenameRasa,TPRS,sitename,-0.284736246,0.097851394,10.75454545,Rasa,-0.476521453,-0.092951038
806,s(age):sitenameRasa,TPRS,sitename,-0.2852488,0.095270344,30.17818182,Rasa,-0.471975243,-0.098522357
807,s(age):sitenameRasa,TPRS,sitename,-0.27904617,0.092209121,49.60181818,Rasa,-0.459772725,-0.098319614
808,s(age):sitenameRasa,TPRS,sitename,-0.268355799,0.089662944,69.02545455,Rasa,-0.444091941,-0.092619657
809,s(age):sitenameRasa,TPRS,sitename,-0.252875215,0.087693283,88.44909091,Rasa,-0.42475089,-0.080999539
810,s(age):sitenameRasa,TPRS,sitename,-0.233929531,0.086081228,107.8727273,Rasa,-0.402645637,-0.065213426
811,s(age):sitenameRasa,TPRS,sitename,-0.213515398,0.084342092,127.2963636,Rasa,-0.378822861,-0.048207936
812,s(age):sitenameRasa,TPRS,sitename,-0.193467727,0.082611738,146.72,Rasa,-0.355383758,-0.031551695
813,s(age):sitenameRasa,TPRS,sitename,-0.17480774,0.081584657,166.1436364,Rasa,-0.33471073,-0.01490475
814,s(age):sitenameRasa,TPRS,sitename,-0.159732179,0.080310038,185.5672727,Rasa,-0.317136961,-0.002327396
815,s(age):sitenameRasa,TPRS,sitename,-0.146743125,0.079807076,204.9909091,Rasa,-0.30316212,0.009675871
816,s(age):sitenameRasa,TPRS,sitename,-0.136271535,0.07939688,224.4145455,Rasa,-0.29188656,0.019343489
817,s(age):sitenameRasa,TPRS,sitename,-0.128583584,0.078391005,243.8381818,Rasa,-0.282227129,0.025059962
818,s(age):sitenameRasa,TPRS,sitename,-0.122631267,0.077372769,263.2618182,Rasa,-0.274279108,0.029016574
819,s(age):sitenameRasa,TPRS,sitename,-0.11779952,0.076425347,282.6854545,Rasa,-0.267590447,0.031991406
820,s(age):sitenameRasa,TPRS,sitename,-0.113841036,0.075406524,302.1090909,Rasa,-0.261635108,0.033953035
821,s(age):sitenameRasa,TPRS,sitename,-0.109985255,0.07452818,321.5327273,Rasa,-0.256057804,0.036087294
822,s(age):sitenameRasa,TPRS,sitename,-0.105768357,0.073585014,340.9563636,Rasa,-0.249992334,0.03845562
823,s(age):sitenameRasa,TPRS,sitename,-0.100966228,0.071761468,360.38,Rasa,-0.241616121,0.039683665
824,s(age):sitenameRasa,TPRS,sitename,-0.095780261,0.070282348,379.8036364,Rasa,-0.233531132,0.04197061
825,s(age):sitenameRasa,TPRS,sitename,-0.090231162,0.069269366,399.2272727,Rasa,-0.225996624,0.0455343
826,s(age):sitenameRasa,TPRS,sitename,-0.084351034,0.068683226,418.6509091,Rasa,-0.218967682,0.050265615
827,s(age):sitenameRasa,TPRS,sitename,-0.078179233,0.068270254,438.0745455,Rasa,-0.211986473,0.055628006
828,s(age):sitenameRasa,TPRS,sitename,-0.071698882,0.067372059,457.4981818,Rasa,-0.203745691,0.060347927
829,s(age):sitenameRasa,TPRS,sitename,-0.06479034,0.065884292,476.9218182,Rasa,-0.19392118,0.0643405
830,s(age):sitenameRasa,TPRS,sitename,-0.057242778,0.063802759,496.3454545,Rasa,-0.182293887,0.067808332
831,s(age):sitenameRasa,TPRS,sitename,-0.049126315,0.062890572,515.7690909,Rasa,-0.172389571,0.074136941
832,s(age):sitenameRasa,TPRS,sitename,-0.039599719,0.06230217,535.1927273,Rasa,-0.161709729,0.082510291
833,s(age):sitenameRasa,TPRS,sitename,-0.028730936,0.06237425,554.6163636,Rasa,-0.15098222,0.093520349
834,s(age):sitenameRasa,TPRS,sitename,-0.015932699,0.061953799,574.04,Rasa,-0.137359913,0.105494515
835,s(age):sitenameRasa,TPRS,sitename,-0.001543932,0.061233864,593.4636364,Rasa,-0.1215601,0.118472237
836,s(age):sitenameRasa,TPRS,sitename,0.014003914,0.060768194,612.8872727,Rasa,-0.105099557,0.133107386
837,s(age):sitenameRasa,TPRS,sitename,0.030534822,0.060360688,632.3109091,Rasa,-0.087769952,0.148839596
838,s(age):sitenameRasa,TPRS,sitename,0.047195359,0.061827085,651.7345455,Rasa,-0.0739835,0.168374218
839,s(age):sitenameRasa,TPRS,sitename,0.063063526,0.062890615,671.1581818,Rasa,-0.060199814,0.186326867
840,s(age):sitenameRasa,TPRS,sitename,0.077350493,0.061861738,690.5818182,Rasa,-0.043896286,0.198597271
841,s(age):sitenameRasa,TPRS,sitename,0.090727156,0.061589097,710.0054545,Rasa,-0.029985257,0.211439569
842,s(age):sitenameRasa,TPRS,sitename,0.10369571,0.063147739,729.4290909,Rasa,-0.020071583,0.227463003
843,s(age):sitenameRasa,TPRS,sitename,0.11614681,0.065303666,748.8527273,Rasa,-0.011846023,0.244139643
844,s(age):sitenameRasa,TPRS,sitename,0.128124911,0.066895711,768.2763636,Rasa,-0.002988273,0.259238094
845,s(age):sitenameRasa,TPRS,sitename,0.139588675,0.067993329,787.7,Rasa,0.006324199,0.272853151
846,s(age):sitenameRasa,TPRS,sitename,0.150581015,0.070107603,807.1236364,Rasa,0.013172638,0.287989392
847,s(age):sitenameRasa,TPRS,sitename,0.160397942,0.072149647,826.5472727,Rasa,0.018987233,0.301808652
848,s(age):sitenameRasa,TPRS,sitename,0.168678844,0.073674862,845.9709091,Rasa,0.024278767,0.313078921
849,s(age):sitenameRasa,TPRS,sitename,0.175662495,0.075050076,865.3945455,Rasa,0.02856705,0.322757941
850,s(age):sitenameRasa,TPRS,sitename,0.181668811,0.076634019,884.8181818,Rasa,0.031468894,0.331868727
851,s(age):sitenameRasa,TPRS,sitename,0.186339095,0.077759816,904.2418182,Rasa,0.033932655,0.338745534
852,s(age):sitenameRasa,TPRS,sitename,0.190144061,0.079217232,923.6654545,Rasa,0.034881139,0.345406983
853,s(age):sitenameRasa,TPRS,sitename,0.193280198,0.081286659,943.0890909,Rasa,0.033961273,0.352599122
854,s(age):sitenameRasa,TPRS,sitename,0.195316624,0.083183318,962.5127273,Rasa,0.032280317,0.358352932
855,s(age):sitenameRasa,TPRS,sitename,0.196788162,0.085274559,981.9363636,Rasa,0.029653099,0.363923226
856,s(age):sitenameRasa,TPRS,sitename,0.197575458,0.086903749,1001.36,Rasa,0.02724724,0.367903676
857,s(age):sitenameRasa,TPRS,sitename,0.19813289,0.088107849,1020.783636,Rasa,0.025444678,0.370821102
858,s(age):sitenameRasa,TPRS,sitename,0.19870786,0.089455038,1040.207273,Rasa,0.023379206,0.374036513
859,s(age):sitenameRasa,TPRS,sitename,0.199628379,0.090450541,1059.630909,Rasa,0.022348575,0.376908182
860,s(age):sitenameRasa,TPRS,sitename,0.200702662,0.092439554,1079.054545,Rasa,0.019524466,0.381880859
861,s(age):sitenameRasa,TPRS,sitename,0.202402877,0.094515382,1098.478182,Rasa,0.017156134,0.387649621
862,s(age):sitenameRasa,TPRS,sitename,0.204957703,0.096207004,1117.901818,Rasa,0.016395441,0.393519965
863,s(age):sitenameRasa,TPRS,sitename,0.208019251,0.098094345,1137.325455,Rasa,0.015757868,0.400280635
864,s(age):sitenameRasa,TPRS,sitename,0.211575746,0.099913727,1156.749091,Rasa,0.01574844,0.407403052
865,s(age):sitenameRasa,TPRS,sitename,0.215565546,0.101592226,1176.172727,Rasa,0.016448442,0.41468265
866,s(age):sitenameRasa,TPRS,sitename,0.219745115,0.103342657,1195.596364,Rasa,0.017197228,0.422293002
867,s(age):sitenameRasa,TPRS,sitename,0.224023169,0.104640042,1215.02,Rasa,0.018932456,0.429113882
868,s(age):sitenameRasa,TPRS,sitename,0.228210963,0.106607792,1234.443636,Rasa,0.019263531,0.437158395
869,s(age):sitenameRasa,TPRS,sitename,0.232060807,0.108608118,1253.867273,Rasa,0.019192806,0.444928807
870,s(age):sitenameRasa,TPRS,sitename,0.235700682,0.111230639,1273.290909,Rasa,0.017692636,0.453708729
871,s(age):sitenameRasa,TPRS,sitename,0.238534167,0.113467246,1292.714545,Rasa,0.016142452,0.460925883
872,s(age):sitenameRasa,TPRS,sitename,0.240649325,0.115398921,1312.138182,Rasa,0.014471595,0.466827055
873,s(age):sitenameRasa,TPRS,sitename,0.242181504,0.117270258,1331.561818,Rasa,0.012336022,0.472026986
874,s(age):sitenameRasa,TPRS,sitename,0.242535761,0.118378939,1350.985455,Rasa,0.010517305,0.474554218
875,s(age):sitenameRasa,TPRS,sitename,0.242890018,0.120274711,1370.409091,Rasa,0.007155916,0.478624121
876,s(age):sitenameRasa,TPRS,sitename,0.242768418,0.122435887,1389.832727,Rasa,0.002798489,0.482738348
877,s(age):sitenameRasa,TPRS,sitename,0.242118481,0.124809485,1409.256364,Rasa,-0.002503614,0.486740576
878,s(age):sitenameRasa,TPRS,sitename,0.240436563,0.126905649,1428.68,Rasa,-0.008293938,0.489167065
879,s(age):sitenameRasa,TPRS,sitename,0.238159107,0.129163152,1448.103636,Rasa,-0.014996019,0.491314233
880,s(age):sitenameRasa,TPRS,sitename,0.23513903,0.131314811,1467.527273,Rasa,-0.022233271,0.49251133
881,s(age):sitenameRasa,TPRS,sitename,0.231594173,0.133451932,1486.950909,Rasa,-0.029966808,0.493155154
882,s(age):sitenameRasa,TPRS,sitename,0.227825598,0.1357931,1506.374545,Rasa,-0.038323986,0.493975183
883,s(age):sitenameRasa,TPRS,sitename,0.223923447,0.138216062,1525.798182,Rasa,-0.046975056,0.49482195
884,s(age):sitenameRasa,TPRS,sitename,0.219948609,0.140076854,1545.221818,Rasa,-0.05459698,0.494494197
885,s(age):sitenameRasa,TPRS,sitename,0.21609071,0.141192986,1564.645455,Rasa,-0.060642458,0.492823878
886,s(age):sitenameRasa,TPRS,sitename,0.212323598,0.142397144,1584.069091,Rasa,-0.066769676,0.491416872
887,s(age):sitenameRasa,TPRS,sitename,0.208661958,0.144145031,1603.492727,Rasa,-0.073857111,0.491181028
888,s(age):sitenameRasa,TPRS,sitename,0.205110207,0.146447228,1622.916364,Rasa,-0.081921086,0.492141499
889,s(age):sitenameRasa,TPRS,sitename,0.201558455,0.149476734,1642.34,Rasa,-0.091410561,0.494527471
890,s(age):sitenameRasa,TPRS,sitename,0.198146637,0.15303723,1661.763636,Rasa,-0.101800823,0.498094096
891,s(age):sitenameRasa,TPRS,sitename,0.195426561,0.156405655,1681.187273,Rasa,-0.111122889,0.501976012
892,s(age):sitenameRasa,TPRS,sitename,0.192923427,0.159962135,1700.610909,Rasa,-0.120596596,0.50644345
893,s(age):sitenameRasa,TPRS,sitename,0.190718443,0.163490594,1720.034545,Rasa,-0.129717232,0.511154118
894,s(age):sitenameRasa,TPRS,sitename,0.189393256,0.165895425,1739.458182,Rasa,-0.135755803,0.514542315
895,s(age):sitenameRasa,TPRS,sitename,0.188307139,0.168021152,1758.881818,Rasa,-0.141008268,0.517622545
896,s(age):sitenameRasa,TPRS,sitename,0.187719213,0.169303602,1778.305455,Rasa,-0.144109749,0.519548174
897,s(age):sitenameRasa,TPRS,sitename,0.187131287,0.170622148,1797.729091,Rasa,-0.147281978,0.521544551
898,s(age):sitenameRasa,TPRS,sitename,0.186543361,0.17197596,1817.152727,Rasa,-0.150523328,0.52361005
899,s(age):sitenameRasa,TPRS,sitename,0.185955435,0.173364213,1836.576364,Rasa,-0.15383218,0.525743049
900,s(age):sitenameRasa,TPRS,sitename,0.185367509,0.174786086,1856,Rasa,-0.157206925,0.527941942
901,s(sitename),Random effect,NA,-0.074321186,0.095972522,NA,Azul,-0.262423873,0.1137815
902,s(sitename),Random effect,NA,0.150652827,0.048461491,NA,Caldeirão,0.055670051,0.245635603
903,s(sitename),Random effect,NA,-0.028890044,0.046439063,NA,Caveiro,-0.119908936,0.062128848
904,s(sitename),Random effect,NA,-0.024021241,0.051548549,NA,Funda,-0.125054541,0.077012058
905,s(sitename),Random effect,NA,-0.018217168,0.103322663,NA,Gingal,-0.220725866,0.18429153
906,s(sitename),Random effect,NA,0.001612631,0.049518759,NA,Peixinho,-0.095442352,0.098667615
907,s(sitename),Random effect,NA,0.101155368,0.059139029,NA,Pico da Esperança,-0.014754999,0.217065734
908,s(sitename),Random effect,NA,-0.107971186,0.047035032,NA,Rasa,-0.200158154,-0.015784217