lake,core_depth_id,age_bp,age_ce,high_profile,low_profile,motile,euplanktonic,algivore,detritivore,plantivore,predator
Azul,AZ11_02_144_8,668.5,1281.5,0.03623188,0.30676329,0.64251208,0.01449275,0.76470588,0,0,0.23529412
Azul,AZ11_02_143_8,667.5,1282.5,0.08333333,0.42647059,0.4754902,0.01470588,0,0,0,1
Azul,AZ11_02_142_8,666.6,1283.4,0.05365854,0.5097561,0.41219512,0.02439024,0.66666667,0,0,0.33333333
Azul,AZ11_02_141_8,665.7,1284.3,0.08292683,0.4,0.50243902,0.01463415,0.66666667,0,0,0.33333333
Azul,AZ11_02_140_8,664.8,1285.2,0.10864198,0.4691358,0.41975309,0.00246914,0.875,0,0,0.125
Azul,AZ11_02_139_8,663.9,1286.1,0.08029197,0.37469586,0.53041363,0.01459854,1,0,0,0
Azul,AZ11_02_138_8,663,1287,0.07178218,0.40346535,0.51485149,0.00990099,0.61111111,0,0,0.38888889
Azul,AZ11_02_136_8,661.2,1288.8,0.1622276,0.49636804,0.33898305,0.00242131,1,0,0,0
Azul,AZ11_02_135_8,660.3,1289.7,0.07524272,0.32281553,0.58737864,0.01456311,1,0,0,0
Azul,AZ11_02_134_8,659.4,1290.6,0.23114355,0.26520681,0.47688564,0.02676399,1,0,0,0
Azul,AZ11_02_133_8,658.4,1291.6,0.07228916,0.29638554,0.61686747,0.01445783,0.5,0.25,0,0.25
Azul,AZ11_02_132_8,657.5,1292.5,0.03931204,0.27518428,0.66339066,0.02211302,0.88235294,0.05882353,0,0.05882353
Azul,AZ11_02_131_8,656.6,1293.4,0.06746988,0.27228916,0.64578313,0.01445783,0.76923077,0,0.1025641,0.12820513
Azul,AZ11_02_130_8,655.7,1294.3,0.0097561,0.18292683,0.79512195,0.01219512,0.8,0.075,0.025,0.1
Azul,AZ11_02_129_8,654.8,1295.2,0.06506024,0.24819277,0.6746988,0.01204819,0.71428571,0.07142857,0.21428571,0
Azul,AZ11_02_128_8,653.9,1296.1,0.04739336,0.36966825,0.56161137,0.02132701,0.93548387,0,0.03225806,0.03225806
Azul,AZ11_02_127_8,653,1297,0.06235012,0.22781775,0.69784173,0.01199041,0.33333333,0.66666667,0,0
Azul,AZ11_02_126_8,652.1,1297.9,0.00455581,0.0501139,0.94305239,0.0022779,0.90322581,0,0.09677419,0
Azul,AZ11_02_125_8,651.2,1298.8,0.05980861,0.20813397,0.72009569,0.01196172,0.88,0.04,0.04,0.04
Azul,AZ11_02_124_8,650.3,1299.7,0.06413302,0.17339667,0.75296912,0.00950119,0.81481481,0.03703704,0.03703704,0.11111111
Azul,AZ11_02_123_8,649.3,1300.7,0.05741627,0.19138756,0.73923445,0.01196172,0.82142857,0.07142857,0,0.10714286
Azul,AZ11_02_122_8,648.43,1301.57,0.04589372,0.08695652,0.85024155,0.01690821,0.75,0.05,0,0.2
Azul,AZ11_02_121_8,638.73,1311.27,0.02380952,0.12142857,0.85,0.0047619,0.72,0.04,0.04,0.2
Azul,AZ11_02_120_8,629.01,1320.99,0.06904762,0.15,0.77380952,0.00714286,0.89285714,0,0.03571429,0.07142857
Azul,AZ11_02_119_8,619.25,1330.75,0.23614458,0.33012048,0.41204819,0.02168675,0.87179487,0.05128205,0.05128205,0.02564103
Azul,AZ11_02_118_8,609.43,1340.57,0.26558891,0.32332564,0.39030023,0.02078522,0.72727273,0.11363636,0.11363636,0.04545455
Azul,AZ11_02_117_8,599.52,1350.48,0.2240566,0.23820755,0.5259434,0.01179245,0.82857143,0.11428571,0.05714286,0
Azul,AZ11_02_116_8,589.5,1360.5,0.21361502,0.17370892,0.61267606,0,0.86206897,0,0.03448276,0.10344828
Azul,AZ11_02_115_8,579.35,1370.65,0.08009709,0.16747573,0.75,0.00242718,0.81818182,0,0,0.18181818
Azul,AZ11_02_114_8,569.05,1380.95,0.49160671,0.11990408,0.38129496,0.00719424,1,0,0,0
Azul,AZ11_02_113_8,565.26,1384.74,0.32048193,0.14939759,0.52289157,0.00722892,1,0,0,0
Azul,AZ11_02_112_8,558.57,1391.43,0.32850242,0.16425121,0.49758454,0.00966184,1,0,0,0
Azul,AZ11_02_111_8,547.89,1402.11,0.2826087,0.1884058,0.51932367,0.00966184,0.66666667,0,0.16666667,0.16666667
Azul,AZ11_02_110_8,537,1413,0.2591687,0.20293399,0.5207824,0.01711491,1,0,0,0
Azul,AZ11_02_109_8,525.86,1424.14,0.07126437,0.25977011,0.66206897,0.00689655,0.91666667,0.04166667,0.04166667,0
Azul,AZ11_02_108_8,514.46,1435.54,0.08312958,0.5403423,0.37163814,0.00488998,1,0,0,0
Azul,AZ11_02_107_8,502.77,1447.23,0.07565012,0.36170213,0.55319149,0.00945626,0.72222222,0.05555556,0.05555556,0.16666667
Azul,AZ11_02_106_8,490.78,1459.22,0.06088993,0.28337237,0.64168618,0.01405152,0.7,0.05,0.1,0.15
Azul,AZ11_02_105_8,478.45,1471.55,0.18561485,0.27146172,0.53364269,0.00928074,0.74545455,0.03636364,0.05454545,0.16363636
Azul,AZ11_02_104_8,465.78,1484.22,0.37070938,0.17162471,0.45537757,0.00228833,0.80434783,0.04347826,0,0.15217391
Azul,AZ11_02_103_8,452.73,1497.27,0.22093023,0.27209302,0.49302326,0.01395349,0.91304348,0,0,0.08695652
Azul,AZ11_02_102_8,439.28,1510.72,0.47931873,0.11922141,0.39902676,0.00243309,0.71428571,0.05714286,0.11428571,0.11428571
Azul,AZ11_02_101_8,425.42,1524.58,0.5012285,0.16461916,0.32923833,0.004914,0.8358209,0.02985075,0.01492537,0.11940299
Azul,AZ11_02_100_8,411.11,1538.89,0.37558685,0.23474178,0.38262911,0.00704225,0.91176471,0,0,0.08823529
Azul,AZ11_02_99_8,396.34,1553.66,0.33333333,0.27477477,0.38738739,0.0045045,0.75,0,0,0.25
Azul,AZ11_02_98_8,381.09,1568.91,0.20740741,0.22469136,0.5654321,0.00246914,0.71428571,0,0.14285714,0.14285714
Azul,AZ11_02_97_8,365.33,1584.67,0.23600973,0.25547445,0.50121655,0.00729927,0.7,0,0,0.3
Azul,AZ11_02_96_8,349.07,1600.93,0.47783251,0.16748768,0.34975369,0.00492611,0.66666667,0,0,0.33333333
Azul,AZ11_02_95_8,332.41,1617.59,0.52516411,0.26039387,0.18599562,0.02844639,0.75,0,0,0.25
Azul,AZ11_02_94_8,315.48,1634.52,0.45742092,0.26277372,0.1946472,0.08515815,0.75,0,0,0.25
Azul,AZ11_02_93_8,298.41,1651.59,0.55662651,0.21686747,0.21927711,0.00722892,1,0,0,0
Azul,AZ11_02_92_8,296.86,1653.14,0.56157635,0.18719212,0.2364532,0.01477833,0.65714286,0,0.22857143,0.11428571
Azul,AZ11_02_91_8,281.34,1668.66,0.49406176,0.29928741,0.19002375,0.01662708,0.73333333,0,0.1,0.16666667
Azul,AZ11_02_90_8,264.39,1685.61,0.4009901,0.48762376,0.0990099,0.01237624,0.75,0,0.07692308,0.17307692
Azul,AZ11_02_89_8,247.69,1702.31,0.53125,0.29567308,0.15865385,0.01442308,0.88,0,0.04,0.08
Azul,AZ11_02_88_8,246.18,1703.82,0.56091954,0.13563218,0.30114943,0.00229885,0.77966102,0,0.05084746,0.16949153
Azul,AZ11_02_87_8,231.37,1718.63,0.5248227,0.26004728,0.21040189,0.00472813,0.85416667,0,0.02083333,0.125
Azul,AZ11_02_86_8,215.57,1734.43,0.51658768,0.29383886,0.18246445,0.007109,0.84210526,0,0.05263158,0.10526316
Azul,AZ11_02_85_8,200.41,1749.59,0.46746988,0.29156627,0.21204819,0.02891566,0.92307692,0,0,0.07692308
Azul,AZ11_02_84_8,186.02,1763.98,0.37931034,0.39162562,0.21428571,0.01477833,0.9,0,0,0.1
Azul,AZ11_02_83_8,176.43,1773.57,0.45060241,0.24578313,0.22891566,0.0746988,0.75,0,0,0.25
Azul,AZ11_02_82_8,176.24,1773.76,0.5207824,0.20782396,0.22249389,0.04889976,0.8,0,0,0.2
Azul,AZ11_02_81_8,176.06,1773.94,0.44776119,0.19900498,0.30348259,0.04975124,0.83333333,0,0.04166667,0.125
Azul,AZ11_02_80_8,175.88,1774.12,0.4,0.18588235,0.31764706,0.09647059,1,0,0,0
Azul,AZ11_02_79_8,175.7,1774.3,0.3923445,0.29425837,0.20334928,0.11004785,1,0,0,0
Azul,AZ11_02_78_8,175.52,1774.48,0.55474453,0.14355231,0.28223844,0.01946472,1,0,0,0
Azul,AZ11_02_76_8,175.16,1774.84,0.43382353,0.26960784,0.1495098,0.14705882,0,0,1,0
Azul,AZ11_02_75_8,162.49,1787.51,0.49534884,0.23953488,0.15348837,0.11162791,0.68421053,0.05263158,0.10526316,0.15789474
Azul,AZ11_02_74_8,150.96,1799.04,0.37317073,0.27317073,0.32682927,0.02682927,0.81102362,0,0.03149606,0.15748031
Azul,AZ11_02_73_8,140.71,1809.29,0.50564334,0.28893905,0.16704289,0.03837472,0.80357143,0,0.07142857,0.125
Azul,AZ11_02_72_8,131.81,1818.19,0.53900709,0.23877069,0.17257683,0.04964539,0.75,0.01666667,0.21666667,0.01666667
Azul,AZ11_02_71_8,124.19,1825.81,0.4136253,0.41119221,0.15085158,0.0243309,0.82758621,0.03448276,0.13793103,0
Azul,AZ11_02_70_8,117.73,1832.27,0.40174672,0.44759825,0.12227074,0.02838428,0.85714286,0.04761905,0.04761905,0.04761905
Azul,AZ11_02_69_8,112.32,1837.68,0.40289256,0.42975207,0.13636364,0.03099174,0.78947368,0.05263158,0.15789474,0
Azul,AZ11_02_68_8,107.83,1842.17,0.38424821,0.38424821,0.20763723,0.02386635,1,0,0,0
Azul,AZ11_02_67_8,104.16,1845.84,0.45696721,0.35655738,0.1557377,0.0307377,0.9,0,0.1,0
Azul,AZ11_02_66_8,101.17,1848.83,0.31910112,0.42247191,0.19101124,0.06741573,0.5,0.33333333,0.16666667,0
Azul,AZ11_02_65_8,98.76,1851.24,0.40334129,0.29594272,0.24821002,0.05250597,0.90909091,0.09090909,0,0
Azul,AZ11_02_64_8,96.8,1853.2,0.36029412,0.32598039,0.25490196,0.05882353,0.85714286,0.07142857,0,0.07142857
Azul,AZ11_02_63_8,95.18,1854.82,0.37677725,0.27488152,0.25829384,0.09004739,0.86666667,0.13333333,0,0
Azul,AZ11_02_62_8,93.77,1856.23,0.35294118,0.30042017,0.27310924,0.07352941,0.84615385,0.07692308,0.07692308,0
Azul,AZ11_02_61_8,92.47,1857.53,0.42657343,0.25641026,0.24009324,0.07692308,0.8,0.1,0.1,0
Azul,AZ11_02_60_8,91.15,1858.85,0.19904077,0.13189448,0.06235012,0.60671463,0.54545455,0.18181818,0.22727273,0.04545455
Azul,AZ11_02_59_8,89.69,1860.31,0.486618,0.26034063,0.18978102,0.06326034,0.875,0.125,0,0
Azul,AZ11_02_58_8,87.98,1862.02,0.44418052,0.27315914,0.21852732,0.06413302,0.7,0.2,0.1,0
Azul,AZ11_02_57_8,85.9,1864.1,0.49324324,0.18468468,0.24774775,0.07432432,1,0,0,0
Azul,AZ11_02_56_8,83.41,1866.59,0.39740821,0.31101512,0.22894168,0.06263499,0.75,0.125,0.125,0
Azul,AZ11_02_55_8,80.49,1869.51,0.53546911,0.22196796,0.1624714,0.08009153,0.66666667,0.33333333,0,0
Azul,AZ11_02_54_8,77.15,1872.85,0.40092166,0.34562212,0.19815668,0.05529954,0.5,0.25,0.25,0
Azul,AZ11_02_53_8,73.44,1876.56,0.46875,0.30357143,0.15401786,0.07366071,0.5,0,0.5,0
Azul,AZ11_02_52_8,69.4,1880.6,0.43971631,0.27659574,0.13711584,0.1465721,0.69230769,0,0.30769231,0
Azul,AZ11_02_51_8,65.1,1884.9,0.52115813,0.23830735,0.13140312,0.1091314,0,0,1,0
Azul,AZ11_02_50_8,60.59,1889.41,0.55075594,0.18358531,0.12311015,0.1425486,0.45454545,0,0.54545455,0
Azul,AZ11_02_49_8,55.91,1894.09,0.33940774,0.16628702,0.08883827,0.40546697,0.45454545,0,0.54545455,0
Azul,AZ11_02_48_8,51.09,1898.91,0.41645885,0.33665835,0.18952618,0.05735661,0.46153846,0,0.53846154,0
Azul,AZ11_02_47_8,46.14,1903.86,0.20427553,0.08551069,0.06413302,0.64608076,0.25,0,0.75,0
Azul,AZ11_02_46_8,41.07,1908.93,0.15402844,0.06872038,0.09004739,0.68720379,1,0,0,0
Azul,AZ11_02_45_8,35.91,1914.09,0.29333333,0.08,0.1,0.52666667,0.375,0,0.625,0
Azul,AZ11_02_44_8,30.68,1919.32,0.23162584,0.05567929,0.05345212,0.65924276,0.2,0,0.8,0
Azul,AZ11_02_43_8,25.38,1924.62,0.23923445,0.09569378,0.08133971,0.58373206,0.4,0,0.6,0
Azul,AZ11_02_42_8,20.04,1929.96,0.29587156,0.16513761,0.16055046,0.37844037,0.5,0,0.5,0
Azul,AZ11_02_41_8,14.68,1935.32,0.25298329,0.08114558,0.08830549,0.57756563,0.5,0,0.5,0
Azul,AZ11_02_40_8,9.32,1940.68,0.32211538,0.16346154,0.05769231,0.45673077,0,1,0,0
Azul,AZ11_02_39_8,4.04,1945.96,0.29772727,0.15,0.07045455,0.48181818,1,0,0,0
Azul,AZ11_02_38_8,-1.07,1951.07,0.27669903,0.15776699,0.21601942,0.34951456,0.66666667,0,0.33333333,0
Azul,AZ11_02_37_8,-5.85,1955.85,0.40816327,0.25396825,0.20861678,0.1292517,0.91666667,0,0.08333333,0
Azul,AZ11_02_36_8,-10.16,1960.16,0.33495146,0.23543689,0.25728155,0.1723301,0.5,0.11111111,0.38888889,0
Azul,AZ06_28_25,-14.5,1964.5,0.3277027,0.21621622,0.13175676,0.32432432,0.65625,0.0625,0.28125,0
Azul,AZ06_26_25,-19,1969,0.44444444,0.218107,0.04938272,0.28806584,0.63157895,0.07894737,0.28947368,0
Azul,AZ06_24_25,-23,1973,0.29449153,0.21186441,0.09322034,0.40042373,0.62790698,0.06976744,0.30232558,0
Azul,AZ06_22_25,-28,1978,0.25494071,0.24901186,0.06916996,0.42687747,0.62,0.08,0.3,0
Azul,AZ06_20_25,-33,1983,0.21928166,0.2778828,0.0831758,0.41965974,0.61403509,0.0877193,0.29824561,0
Azul,AZ06_18_25,-39,1989,0.23809524,0.13293651,0.05357143,0.57539683,0.625,0.078125,0.296875,0
Azul,AZ06_16_25,-44,1994,0.24440299,0.19216418,0.08022388,0.48320896,0.61111111,0.08333333,0.30555556,0
Azul,AZ06_14_25,-48,1998,0.22970297,0.13069307,0.08910891,0.55049505,0.61842105,0.07894737,0.30263158,0
Azul,AZ06_12_25,-49.5,1999.5,0.24481328,0.10995851,0.05186722,0.593361,0.61538462,0.07692308,0.30769231,0
Azul,AZ06_10_25,-51,2001,0.18219462,0.16356108,0.07246377,0.58178054,0.60493827,0.08641975,0.30864198,0
Azul,AZ06_8_25,-52,2002,0.18879668,0.14937759,0.0560166,0.60580913,0.6097561,0.08536585,0.30487805,0
Azul,AZ06_6_25,-53,2003,0.17399267,0.10989011,0.07326007,0.64285714,0.61445783,0.08433735,0.30120482,0
Azul,AZ06_4_25,-54,2004,0.15811088,0.11909651,0.09445585,0.62833676,0.60714286,0.08333333,0.30952381,0
Azul,AZ06_2_25,-55,2005,0.1450677,0.07736944,0.03481625,0.74274662,0.61176471,0.08235294,0.30588235,0
Azul,AZ06_1_75,-55.3,2005.3,0.15936255,0.08964143,0.05776892,0.69322709,0.61176471,0.08235294,0.30588235,0
Azul,AZ06_1_25,-55.6,2005.6,0.14604462,0.08924949,0.03042596,0.73427992,0.6091954,0.08045977,0.31034483,0
Azul,AZ06_0_75,-55.8,2005.8,0.17819706,0.12578616,0.04402516,0.65199161,0.6091954,0.08045977,0.31034483,0
Azul,AZ06_0_25,-56,2006,0.21062992,0.12007874,0.08661417,0.58267717,0.6091954,0.08045977,0.31034483,0
Caldeirao,CL17-03_5680,3707.72,-1757.72,0.89225589,0.03030303,0.07744108,0,0.76190476,0.15238095,0.02857143,0.05714286
Caldeirao,CL17-03_5679,3706.44,-1756.44,0.85084746,0.02372881,0.0779661,0.04745763,0.67857143,0.10714286,0.09821429,0.11607143
Caldeirao,CL17-03_5610,3618.2,-1668.2,0.88349515,0.03236246,0.08414239,0,0.66336634,0.13861386,0.05940594,0.13861386
Caldeirao,CL17-03_5540,3528.68,-1578.68,0.88599349,0.02931596,0.08469055,0,0.68181818,0.10909091,0.1,0.10909091
Caldeirao,CL17-03_5470,3439.16,-1489.16,0.86826347,0.02994012,0.09580838,0.00598802,0.75912409,0.18978102,0,0.05109489
Caldeirao,CL17-03_5400,3349.64,-1399.64,0.8531856,0.03047091,0.10526316,0.01108033,0.56363636,0.26363636,0.13636364,0.03636364
Caldeirao,CL17-03_5180,3068.29,-1118.29,0.83421053,0.02631579,0.10789474,0.03157895,0.69148936,0.15957447,0.08510638,0.06382979
Caldeirao,CL17-03_5167,3051.66,-1101.66,0.8,0.02285714,0.13428571,0.04285714,0.5754717,0.26415094,0.13207547,0.02830189
Caldeirao,CL17-03_5070,2966.94,-1016.94,0.82564103,0.02564103,0.11025641,0.03846154,0.64885496,0.19083969,0.03816794,0.1221374
Caldeirao,CL17-03_5055,2954.69,-1004.69,0.71568627,0.02614379,0.17973856,0.07843137,0.57142857,0.26666667,0.13333333,0.02857143
Caldeirao,CL17-03_4950,2868.99,-918.99,0.81658291,0.02512563,0.11306533,0.04522613,0.71653543,0.16535433,0.05511811,0.06299213
Caldeirao,CL17-03_4887,2817.57,-867.57,0.70748299,0.03401361,0.17006803,0.08843537,0.57843137,0.2745098,0.12745098,0.01960784
Caldeirao,CL17-03_4840,2779.21,-829.21,0.81188119,0.02475248,0.11386139,0.04950495,0.7107438,0.04958678,0.11570248,0.12396694
Caldeirao,CL17-03_4730,2689.43,-739.43,0.80440098,0.02444988,0.11735941,0.05378973,0.74122807,0.07017544,0.09210526,0.09649123
Caldeirao,CL17-03_4720,2681.27,-731.27,0.5260274,0.0630137,0.40547945,0.00547945,0.58,0.27,0.13,0.02
Caldeirao,CL17-03_4620,2599.65,-649.65,0.80097087,0.02184466,0.11893204,0.05825243,0.77003484,0.04181185,0.04181185,0.14634146
Caldeirao,CL17-03_4552,2544.15,-594.15,0.82477341,0.01812689,0.13897281,0.01812689,0.59183673,0.26530612,0.12244898,0.02040816
Caldeirao,CL17-03_4510,2509.87,-559.87,0.79518072,0.02168675,0.12048193,0.0626506,0.65306122,0.08163265,0.1292517,0.13605442
Caldeirao,CL17-03_4400,2420.08,-470.08,0.78947368,0.0215311,0.12200957,0.06698565,0.66037736,0.13207547,0.06603774,0.14150943
Caldeirao,CL17-03_4385,2407.84,-457.84,0.83547558,0.00514139,0.13624679,0.02313625,0.60204082,0.25510204,0.1122449,0.03061224
Caldeirao,CL17-03_4280,2322.82,-372.82,0.78281623,0.02147971,0.12410501,0.07159905,0.67584098,0.11620795,0.06727829,0.14067278
Caldeirao,CL17-03_4217,2282.19,-332.19,0.82080925,0.01156069,0.15606936,0.01156069,0.61458333,0.23958333,0.11458333,0.03125
Caldeirao,CL17-03_4167,2249.94,-299.94,0.9015544,0,0.08031088,0.01813472,0.63157895,0.23157895,0.10526316,0.03157895
Caldeirao,CL17-03_3999,2141.58,-191.58,0.81791908,0.00578035,0.14739884,0.02890173,0.63157895,0.22105263,0.10526316,0.04210526
Caldeirao,CL17-03_3950,2109.98,-159.98,0.76794258,0.01913876,0.13397129,0.07894737,0.63819095,0.21105528,0.04522613,0.10552764
Caldeirao,CL17-03_3840,2039.03,-89.03,0.76258993,0.01918465,0.13669065,0.08153477,0.69318182,0.08522727,0.10227273,0.11931818
Caldeirao,CL17-03_3832,2033.87,-83.87,0.74324324,0.01891892,0.22162162,0.01621622,0.64893617,0.20212766,0.09574468,0.05319149
Caldeirao,CL17-03_3764,1990.01,-40.01,0.79447853,0.01533742,0.14417178,0.04601227,0.65957447,0.19148936,0.09574468,0.05319149
Caldeirao,CL17-03_3742,1975.82,-25.82,0.83602151,0.01075269,0.11290323,0.04032258,0.65957447,0.19148936,0.09574468,0.05319149
Caldeirao,CL17-03_3731,1968.72,-18.72,0.77981651,0.00611621,0.16513761,0.04892966,0.65957447,0.19148936,0.09574468,0.05319149
Caldeirao,CL17-03_3730,1968.08,-18.08,0.75721154,0.01923077,0.13942308,0.08413462,0.67117117,0.11261261,0.12162162,0.09459459
Caldeirao,CL17-03_3697,1946.79,3.21,0.79251701,0.0170068,0.15306122,0.03741497,0.65957447,0.19148936,0.09574468,0.05319149
Caldeirao,CL17-03_3690,1942.28,7.72,0.75662651,0.01927711,0.13975904,0.08433735,0.43902439,0.14634146,0.12195122,0.29268293
Caldeirao,CL17-03_3675,1932.6,17.4,0.59821429,0.02083333,0.35416667,0.02678571,0.65263158,0.18947368,0.09473684,0.06315789
Caldeirao,CL17-03_3664,1925.51,24.49,0.68804665,0,0.27113703,0.04081633,0.66666667,0.1827957,0.08602151,0.06451613
Caldeirao,CL17-03_3642,1911.32,38.68,0.73043478,0.00289855,0.26376812,0.00289855,0.66666667,0.1827957,0.08602151,0.06451613
Caldeirao,CL17-03_3618,1895.84,54.16,0.92068966,0.01034483,0.05517241,0.0137931,0.66666667,0.1827957,0.08602151,0.06451613
Caldeirao,CL17-03_3610,1890.68,59.32,0.75485437,0.01699029,0.14320388,0.08495146,0.75483871,0.04516129,0.1483871,0.0516129
Caldeirao,CL17-03_3608,1889.39,60.61,0.8381201,0.0078329,0.1383812,0.0156658,0.67021277,0.18085106,0.08510638,0.06382979
Caldeirao,CL17-03_3600,1884.23,65.77,0.75242718,0.01699029,0.14563107,0.08495146,0.65217391,0.20289855,0.04347826,0.10144928
Caldeirao,CL17-03_3560,1858.43,91.57,0.75182482,0.01703163,0.1459854,0.08515815,0.65909091,0.06818182,0.18181818,0.09090909
Caldeirao,CL17-03_3407,1759.74,190.26,0.77233429,0.01440922,0.2074928,0.00576369,0.68085106,0.15957447,0.08510638,0.07446809
Caldeirao,CL17-03_3390,1748.78,201.22,0.74019608,0.01715686,0.15441176,0.08823529,0.52040816,0.18367347,0.12244898,0.17346939
Caldeirao,CL17-03_3386,1746.2,203.8,0.74375,0.015625,0.228125,0.0125,0.68085106,0.15957447,0.08510638,0.07446809
Caldeirao,CL17-03_3366,1733.3,216.7,0.80952381,0.0140056,0.16246499,0.0140056,0.68085106,0.15957447,0.08510638,0.07446809
Caldeirao,CL17-03_3360,1729.43,220.57,0.73891626,0.01724138,0.15517241,0.08866995,0.65151515,0.09090909,0.06818182,0.18939394
Caldeirao,CL17-03_3345,1719.76,230.24,0.80122324,0.00917431,0.1529052,0.03669725,0.68817204,0.16129032,0.07526882,0.07526882
Caldeirao,CL17-03_3340,1716.53,233.47,0.7382716,0.01728395,0.15555556,0.08888889,0.56603774,0.09433962,0.09433962,0.24528302
Caldeirao,CL17-03_3253,1660.42,289.58,0.72033898,0,0.12146893,0.15819209,0.69148936,0.14893617,0.07446809,0.08510638
Caldeirao,CL17-03_3250,1658.48,291.52,0.73200993,0.01736973,0.16129032,0.08933002,0.66666667,0.15333333,0.08,0.1
Caldeirao,CL17-03_3150,1593.98,356.02,0.725,0.0175,0.1675,0.09,0.78911565,0.11564626,0.06802721,0.02721088
Caldeirao,CL17-03_3099,1561.09,388.91,0.62928349,0.02180685,0.18691589,0.16199377,0.69892473,0.13978495,0.07526882,0.08602151
Caldeirao,CL17-03_3050,1529.48,420.52,0.71969697,0.01767677,0.17424242,0.08838384,0.71212121,0.12121212,0.11616162,0.05050505
Caldeirao,CL17-03_2945,1461.76,488.24,0.76551724,0.01724138,0.14137931,0.07586207,0.69473684,0.13684211,0.07368421,0.09473684
Caldeirao,CL17-03_2940,1458.53,491.47,0.71173469,0.01785714,0.18112245,0.08928571,0.63679245,0.14622642,0.12264151,0.09433962
Caldeirao,CL17-03_2840,1394.03,555.97,0.70542636,0.01808786,0.18863049,0.0878553,0.65079365,0.12698413,0.12698413,0.0952381
Caldeirao,CL17-03_2791,1362.43,587.57,0.7808642,0.00308642,0.10185185,0.11419753,0.69791667,0.13541667,0.0625,0.10416667
Caldeirao,CL17-03_2740,1329.53,620.47,0.69712794,0.01827676,0.19843342,0.08616188,0.63888889,0.15740741,0.12037037,0.08333333
Caldeirao,CL17-03_2640,1265.03,684.97,0.68783069,0.01851852,0.20899471,0.08465608,0.67716535,0.12598425,0.07086614,0.12598425
Caldeirao,CL17-03_2637,1263.1,686.9,0.77358491,0.03234501,0.15902965,0.03504043,0.69791667,0.13541667,0.0625,0.10416667
Caldeirao,CL17-03_2530,1194.09,755.91,0.67828418,0.01876676,0.21983914,0.08310992,0.67567568,0.15135135,0.08648649,0.08648649
Caldeirao,CL17-03_2484,1164.42,785.58,0.70893372,0.02017291,0.20461095,0.06628242,0.69072165,0.13402062,0.06185567,0.11340206
Caldeirao,CL17-03_2430,1142.29,807.71,0.66937669,0.02168022,0.22764228,0.08130081,0.67213115,0.09836066,0.08196721,0.14754098
Caldeirao,CL17-03_2330,1109.54,840.46,0.70588235,0.02139037,0.19251337,0.0802139,0.74074074,0.07407407,0.0617284,0.12345679
Caldeirao,CL17-03_2230,1076.8,873.2,0.65934066,0.02197802,0.24175824,0.07692308,0.6875,0.09722222,0.13194444,0.08333333
Caldeirao,CL17-03_2176,1059.12,890.88,0.66666667,0.04444444,0.24126984,0.04761905,0.67,0.15,0.07,0.11
Caldeirao,CL17-03_2120,1040.78,909.22,0.65373961,0.02216066,0.24930748,0.07479224,0.59090909,0.11363636,0.04545455,0.25
Caldeirao,CL17-03_2022,1008.69,941.31,0.63498099,0.02281369,0.16730038,0.17490494,0.67,0.15,0.07,0.11
Caldeirao,CL17-03_2020,1008.03,941.97,0.64985994,0.02240896,0.25490196,0.07282913,0.74336283,0.07964602,0.0619469,0.11504425
Caldeirao,CL17-03_1920,975.29,974.71,0.64507042,0.02253521,0.26197183,0.07042254,0.62626263,0.1010101,0.16161616,0.11111111
Caldeirao,CL17-03_1870,958.92,991.08,0.64124294,0.02259887,0.26553672,0.07062147,0.77083333,0.04166667,0.10416667,0.08333333
Caldeirao,CL17-03_1868,958.26,991.74,0.70336391,0.02446483,0.19877676,0.0733945,0.65686275,0.15686275,0.06862745,0.11764706
Caldeirao,CL17-03_1822,936.94,1013.06,0.65853659,0.00914634,0.25,0.08231707,0.65048544,0.16504854,0.06796117,0.11650485
Caldeirao,CL17-03_1690,838.61,1111.39,0.62608696,0.02608696,0.28695652,0.06086957,0.83458647,0.08270677,0.03007519,0.05263158
Caldeirao,CL17-03_1553,736.55,1213.45,0.74418605,0.00581395,0.1627907,0.0872093,0.62244898,0.18367347,0.08163265,0.1122449
Caldeirao,CL17-03_1520,711.97,1238.03,0.6409396,0.01006711,0.13087248,0.21812081,0.6185567,0.18556701,0.08247423,0.11340206
Caldeirao,CL17-03_1510,704.52,1245.48,0.62202381,0.0297619,0.30357143,0.04464286,0.60944206,0.1416309,0.13304721,0.11587983
Caldeirao,CL17-03_1476,686.52,1263.48,0.68555241,0.00566572,0.13314448,0.17563739,0.61458333,0.1875,0.08333333,0.11458333
Caldeirao,CL17-03_1432,676.79,1273.21,0.83160622,0.00518135,0.0492228,0.11398964,0.61052632,0.18947368,0.08421053,0.11578947
Caldeirao,CL17-03_1430,676.35,1273.65,0.6238806,0.03283582,0.30149254,0.04179104,0.73793103,0.04827586,0.12413793,0.08965517
Caldeirao,CL17-03_1390,667.5,1282.5,0.6238806,0.03283582,0.30149254,0.04179104,0.66666667,0.08943089,0.08943089,0.15447154
Caldeirao,CL17-03_1388,667.06,1282.94,0.76685393,0.00842697,0.15449438,0.07022472,0.61702128,0.19148936,0.08510638,0.10638298
Caldeirao,CL17-03_1355,659.76,1290.24,0.55660377,0.00943396,0.16981132,0.26415094,0.61290323,0.19354839,0.08602151,0.10752688
Caldeirao,CL17-03_1350,658.66,1291.34,0.6257485,0.03293413,0.30239521,0.03892216,0.67592593,0.11111111,0.11111111,0.10185185
Caldeirao,CL17-03_1344,657.33,1292.67,0.60313901,0.01793722,0.22197309,0.15695067,0.61290323,0.19354839,0.08602151,0.10752688
Caldeirao,CL17-03_1300,647.6,1302.4,0.49038462,0.02884615,0.43589744,0.04487179,0.56737589,0.24822695,0.07801418,0.10638298
Caldeirao,CL17-03_1260,638.75,1311.25,0.6257485,0.03293413,0.30239521,0.03892216,0.65269461,0.22754491,0.03592814,0.08383234
Caldeirao,CL17-03_1256,637.87,1312.13,0.59779614,0.03856749,0.3553719,0.00826446,0.61538462,0.18681319,0.08791209,0.10989011
Caldeirao,CL17-03_1212,628.14,1321.86,0.64285714,0.02083333,0.33035714,0.00595238,0.61111111,0.18888889,0.08888889,0.11111111
Caldeirao,CL17-03_1210,627.69,1322.31,0.62762763,0.03303303,0.3033033,0.03603604,0.475,0.39375,0.0625,0.06875
Caldeirao,CL17-03_1135,611.11,1338.89,0.63945578,0.03401361,0.32312925,0.00340136,0.60674157,0.19101124,0.08988764,0.11235955
Caldeirao,CL17-03_1120,607.79,1342.21,0.63253012,0.03313253,0.30120482,0.03313253,0.77272727,0.06818182,0.02272727,0.13636364
Caldeirao,CL17-03_1080,587.19,1362.81,0.65721649,0.0257732,0.30412371,0.0128866,0.61176471,0.18823529,0.09411765,0.10588235
Caldeirao,CL17-03_1026,543.5,1406.5,0.80254777,0.00636943,0.18471338,0.00636943,0.6,0.1875,0.1,0.1125
Caldeirao,CL17-03_1020,538.65,1411.35,0.64545455,0.03636364,0.29393939,0.02424242,0.73295455,0.14204545,0.04545455,0.07954545
Caldeirao,CL17-03_971,499.01,1450.99,0.7867036,0.02493075,0.1800554,0.00831025,0.59459459,0.18918919,0.10810811,0.10810811
Caldeirao,CL17-03_938,472.31,1477.69,0.82042254,0.01760563,0.1584507,0.00352113,0.5915493,0.18309859,0.11267606,0.11267606
Caldeirao,CL17-03_894,436.72,1513.28,0.809375,0.05625,0.13125,0.003125,0.58461538,0.18461538,0.12307692,0.10769231
Caldeirao,CL17-03_860,409.22,1540.78,0.67682927,0.04268293,0.27439024,0.00609756,0.66071429,0.05357143,0.07142857,0.21428571
Caldeirao,CL17-03_850,401.13,1548.87,0.75438596,0.04678363,0.19883041,0,0.67857143,0,0.21428571,0.10714286
Caldeirao,CL17-03_810,379.07,1570.93,0.68389058,0.04559271,0.2674772,0.00303951,0.22222222,0.22222222,0.55555556,0
Caldeirao,CL17-03_806,376.87,1573.13,0.55878084,0.17271408,0.26560232,0.00290276,0.58928571,0.16071429,0.14285714,0.10714286
Caldeirao,CL17-03_762,352.61,1597.39,0.56379822,0.17210682,0.25816024,0.00593472,0.58823529,0.17647059,0.1372549,0.09803922
Caldeirao,CL17-03_720,329.45,1620.55,0.69393939,0.04848485,0.25757576,0,0.13580247,0.00617284,0.85802469,0
Caldeirao,CL17-03_718,328.35,1621.65,0.63157895,0.1468144,0.22160665,0,0.58333333,0.16666667,0.14583333,0.10416667
Caldeirao,CL17-03_680,307.39,1642.61,0.6969697,0.04848485,0.25454545,0,0.21052632,0,0.78947368,0
Caldeirao,CL17-03_674,304.08,1645.92,0.75749319,0.09536785,0.14713896,0,0.56818182,0.15909091,0.15909091,0.11363636
Caldeirao,CL17-03_630,279.82,1670.18,0.62750716,0.12893983,0.24355301,0,0.575,0.15,0.175,0.1
Caldeirao,CL17-03_593,259.42,1690.58,0.70481928,0.05120482,0.2439759,0,0.25531915,0.06382979,0.68085106,0
Caldeirao,CL17-03_586,255.56,1694.44,0.44606414,0.12827988,0.42565598,0,0.56756757,0.13513514,0.18918919,0.10810811
Caldeirao,CL17-03_549,235.16,1714.84,0.71084337,0.05120482,0.23795181,0,0.6744186,0.04651163,0.27906977,0
Caldeirao,CL17-03_542,231.3,1718.7,0.46302251,0.1318328,0.38906752,0.01607717,0.5625,0.125,0.21875,0.09375
Caldeirao,CL17-03_531,225.24,1724.76,0.5227882,0.09651475,0.38069705,0,0.5625,0.125,0.21875,0.09375
Caldeirao,CL17-03_505,210.9,1739.1,0.71471471,0.05105105,0.23423423,0,0.9047619,0.01587302,0.07936508,0
Caldeirao,CL17-03_480,197.12,1752.88,0.71556886,0.05389222,0.23053892,0,0.69047619,0.14285714,0.14285714,0.02380952
Caldeirao,CL17-03_476,194.91,1755.09,0.4967033,0.14725275,0.35164835,0.0043956,0.53571429,0.10714286,0.25,0.10714286
Caldeirao,CL17-03_421,164.59,1785.41,0.56353591,0.09116022,0.34530387,0,0.52173913,0.08695652,0.30434783,0.08695652
Caldeirao,CL17-03_380,141.98,1808.02,0.72619048,0.05357143,0.2202381,0,0.82857143,0.08571429,0.08571429,0
Caldeirao,CL17-03_366,134.26,1815.74,0.57845433,0.1030445,0.31147541,0.00702576,0.47368421,0.05263158,0.36842105,0.10526316
Caldeirao,CL17-03_330,114.41,1835.59,0.72997033,0.05637982,0.21364985,0,0.82142857,0.07142857,0.10714286,0
Caldeirao,CL17-03_311,103.93,1846.07,0.55852843,0.1638796,0.26421405,0.01337793,0.42857143,0,0.5,0.07142857
Caldeirao,CL17-03_280,86.84,1863.16,0.73590504,0.05637982,0.20771513,0,0.66666667,0.06666667,0.26666667,0
Caldeirao,CL17-03_256,73.61,1876.39,0.51658768,0.16587678,0.31279621,0.00473934,0.3,0,0.7,0
Caldeirao,CL17-03_220,53.76,1896.24,0.74041298,0.05899705,0.20058997,0,0.83333333,0.06666667,0.1,0
Caldeirao,CL17-03_201,43.28,1906.72,0.55284553,0.11653117,0.32791328,0.00271003,0,0,1,0
Caldeirao,CL17-03_146,12.96,1937.04,0.51105651,0.16461916,0.3022113,0.02211302,0,0,1,0
Caldeirao,CL17-03_110,-6.89,1956.89,0.74853801,0.06140351,0.19005848,0,0.875,0.03125,0.09375,0
Caldeirao,CL17-03_91,-17.37,1967.37,0.50485437,0.17475728,0.29449838,0.02588997,0,0,1,0
Caldeirao,CL17-03_60,-34.46,1984.46,0.75438596,0.06140351,0.18421053,0,0.80769231,0.03846154,0.15384615,0
Caveiro,CVL_1B_5080,3077,-1127,0.61170213,0.0248227,0.14184397,0.22163121,0.81865285,0.01554404,0.13989637,0.02590674
Caveiro,CVL_1B_5030,3021,-1071,0.8,0.025,0.07692308,0.09807692,0.79076923,0.01846154,0.14769231,0.04307692
Caveiro,CVL_1B_4980,2965,-1015,0.71785029,0.06525912,0.11708253,0.09980806,0.77966102,0.01937046,0.15254237,0.04842615
Caveiro,CVL_1B_4930,2909,-959,0.69303202,0.02824859,0.17702448,0.10169492,0.76681614,0.02242152,0.15695067,0.05381166
Caveiro,CVL_1B_4880,2854,-904,0.70565302,0.01754386,0.16764133,0.10916179,0.76989247,0.01935484,0.15268817,0.05806452
Caveiro,CVL_1B_4830,2798,-848,0.67624521,0.08237548,0.22030651,0.0210728,0.66497462,0.06091371,0.21827411,0.05583756
Caveiro,CVL_1B_4780,2743,-793,0.6502947,0.02750491,0.11787819,0.2043222,0.69014085,0.01408451,0.15962441,0.13615023
Caveiro,CVL_1B_4690,2734,-784,0.78082192,0.05479452,0.11350294,0.05088063,0.41666667,0.25,0.25,0.08333333
Caveiro,CVL_1B_4740,2734,-784,0.65039063,0.02929688,0.25390625,0.06640625,0.76190476,0,0.0952381,0.14285714
Caveiro,CVL_1B_4640,2685,-735,0.64187867,0.07436399,0.18199609,0.10176125,0.71910112,0.03370787,0.11235955,0.13483146
Caveiro,CVL_1B_4590,2629,-679,0.75099602,0.02788845,0.1314741,0.08964143,0.75,0,0,0.25
Caveiro,CVL_1B_4540,2574,-624,0.62872154,0.04553415,0.17162872,0.15411559,0.61111111,0,0.11111111,0.27777778
Caveiro,CVL_1B_4490,2533,-583,0.6899811,0.04536862,0.10396975,0.16068053,0.6,0,0.175,0.225
Caveiro,CVL_1B_4440,2484,-534,0.7047619,0.01333333,0.12952381,0.15238095,0.71428571,0.01298701,0.14285714,0.12987013
Caveiro,CVL_1B_4390,2431,-481,0.6631016,0.03743316,0.14616756,0.15329768,0.75454545,0.01818182,0.13636364,0.09090909
Caveiro,CVL_1B_4340,2377,-427,0.69514563,0.02524272,0.07961165,0.2,0.76595745,0.00531915,0.12234043,0.10638298
Caveiro,CVL_1B_4290,2324,-374,0.68715084,0.02979516,0.13221601,0.15083799,0.76806084,0,0.121673,0.11026616
Caveiro,CVL_1B_4240,2271,-321,0.68451243,0.00764818,0.14531549,0.1625239,0.74698795,0.01204819,0.12650602,0.11445783
Caveiro,CVL_1B_4190,2218,-268,0.7221135,0.01174168,0.09393346,0.17221135,0.72527473,0.04395604,0.0989011,0.13186813
Caveiro,CVL_1B_3270,2178,-228,0.64750958,0.07662835,0.18773946,0.08812261,0.67073171,0.01219512,0.20731707,0.1097561
Caveiro,CVL_1B_3330,2178,-228,0.64444444,0.04957265,0.13333333,0.17264957,0.75,0.02380952,0.19047619,0.03571429
Caveiro,CVL_1B_3380,2178,-228,0.70204842,0.04469274,0.18435754,0.0689013,0.6875,0,0.1875,0.125
Caveiro,CVL_1B_3440,2178,-228,0.74807692,0.03076923,0.11153846,0.10961538,0.41666667,0,0.25,0.33333333
Caveiro,CVL_1B_3490,2178,-228,0.67857143,0.02819549,0.13157895,0.16165414,0.7483871,0.00645161,0.12258065,0.12258065
Caveiro,CVL_1B_3600,2178,-228,0.66794626,0.03646833,0.14011516,0.15547025,0.56818182,0.02272727,0.29545455,0.11363636
Caveiro,CVL_1B_3650,2178,-228,0.62278978,0.03732809,0.21414538,0.12573674,0.56666667,0,0.33333333,0.1
Caveiro,CVL_1B_3700,2178,-228,0.75339806,0.05048544,0.10097087,0.09514563,0.47619048,0,0.33333333,0.19047619
Caveiro,CVL_1B_3750,2178,-228,0.70769231,0.03269231,0.14038462,0.11923077,0.72727273,0,0.27272727,0
Caveiro,CVL_1B_3800,2178,-228,0.67307692,0.03269231,0.15192308,0.14230769,0.3,0,0.4,0.3
Caveiro,CVL_1B_3850,2178,-228,0.67315175,0.01945525,0.23151751,0.07587549,0.75,0,0.0625,0.1875
Caveiro,CVL_1B_3900,2178,-228,0.70530452,0.02554028,0.17878193,0.09037328,0.66985646,0.03827751,0.22009569,0.07177033
Caveiro,CVL_1B_3950,2178,-228,0.68371212,0.0094697,0.26136364,0.04545455,0.67073171,0.01219512,0.20731707,0.1097561
Caveiro,CVL_1B_3990,2178,-228,0.65384615,0.03846154,0.30769231,0,0.62777778,0,0.21666667,0.15555556
Caveiro,CVL_1B_4040,2178,-228,0.70754717,0.05660377,0.22641509,0.00943396,0.67073171,0.01219512,0.20731707,0.1097561
Caveiro,CVL_1B_4090,2178,-228,0.70967742,0.01075269,0.26344086,0.01612903,0.61458333,0.01041667,0.27604167,0.09895833
Caveiro,CVL_1B_4140,2178,-228,0.63438735,0.0513834,0.1916996,0.12252964,0.67073171,0.01219512,0.20731707,0.1097561
Caveiro,CVL_1B_3220,2150,-200,0.56866538,0.16441006,0.14119923,0.12572534,0.75167785,0.00671141,0.14765101,0.09395973
Caveiro,CVL_1B_3160,2096,-146,0.58333333,0.125,0.21969697,0.0719697,0.72340426,0.0106383,0.20212766,0.06382979
Caveiro,CVL_1B_3110,2052,-102,0.60536398,0.06130268,0.19348659,0.13984674,0.7029703,0.01980198,0.22772277,0.04950495
Caveiro,CVL_1B_3050,1998,-48,0.5804878,0.09268293,0.24878049,0.07804878,0.81578947,0.01754386,0.12280702,0.04385965
Caveiro,CVL_1B_3000,1953,-3,0.60209424,0.06806283,0.19197208,0.13787086,0.93913043,0.00869565,0.0173913,0.03478261
Caveiro,CVL_1B_2950,1909,41,0.703125,0.06835938,0.15429688,0.07421875,0.7628866,0.0257732,0.17525773,0.03608247
Caveiro,CVL_1B_2890,1898,52,0.5950096,0.12859885,0.14971209,0.12667946,0.71,0.03,0.21,0.05
Caveiro,CVL_1B_2840,1896,54,0.48393195,0.02079395,0.48204159,0.01323251,0.60240964,0.03614458,0.24096386,0.12048193
Caveiro,CVL_1B_2780,1871,79,0.54809437,0.03448276,0.36842105,0.04900181,0.875,0,0.125,0
Caveiro,CVL_1B_2730,1840,110,0.70414201,0.16568047,0.12623274,0.00394477,0.59803922,0.04901961,0.33333333,0.01960784
Caveiro,CVL_1B_2670,1787,163,0.59386282,0.12274368,0.2400722,0.0433213,0.69035533,0.01015228,0.26395939,0.03553299
Caveiro,CVL_1B_2620,1742,208,0.43253235,0.11090573,0.25508318,0.20147874,0.68067227,0.00840336,0.27731092,0.03361345
Caveiro,CVL_1B_2560,1688,262,0.3765324,0.05078809,0.13835377,0.43432574,0.7037037,0.01234568,0.27160494,0.01234568
Caveiro,CVL_1B_2510,1665,285,0.55363985,0.04597701,0.19923372,0.20114943,0.71317829,0,0.20155039,0.08527132
Caveiro,CVL_1B_2400,1647,303,0.68410853,0.03488372,0.20155039,0.07945736,0.75,0,0.25,0
Caveiro,CVL_1B_2450,1647,303,0.54198473,0.13358779,0.22519084,0.09923664,0.71717172,0.03030303,0.19191919,0.06060606
Caveiro,CVL_1B_2350,1631,319,0.56576577,0.12792793,0.22702703,0.07927928,0.64935065,0.03246753,0.2012987,0.11688312
Caveiro,CVL_1B_2290,1596,354,0.57383178,0.03738318,0.24672897,0.14205607,0.70253165,0.02531646,0.20886076,0.06329114
Caveiro,CVL_1B_2240,1556,394,0.46376812,0.04347826,0.19021739,0.30253623,0.71794872,0.02136752,0.22222222,0.03846154
Caveiro,CVL_1B_2180,1504,446,0.45137615,0.0733945,0.1853211,0.28990826,0.70044053,0.01321586,0.2246696,0.06167401
Caveiro,CVL_1B_2130,1461,489,0.46835443,0.13607595,0.21518987,0.18037975,0.68525896,0.00796813,0.21912351,0.0876494
Caveiro,CVL_1B_2070,1430,520,0.46240602,0.12030075,0.40037594,0.01691729,0.66995074,0.00985222,0.24137931,0.07881773
Caveiro,CVL_1B_2020,1386,564,0.51743119,0.17247706,0.26972477,0.04036697,0.62237762,0.00699301,0.30769231,0.06293706
Caveiro,CVL_1B_1960,1334,616,0.58082707,0.10150376,0.30263158,0.01503759,0.61691542,0.00995025,0.22885572,0.14427861
Caveiro,CVL_1B_1910,1291,659,0.54751131,0.08295626,0.35294118,0.01659125,0.60759494,0.01265823,0.18565401,0.19409283
Caveiro,CVL_1B_1850,1243,707,0.70899471,0.08818342,0.19047619,0.01234568,0.61006289,0.00314465,0.22641509,0.16037736
Caveiro,CVL_1B_1800,1199,751,0.64922481,0.0872093,0.15891473,0.10465116,0.61403509,0,0.24561404,0.14035088
Caveiro,CVL_1B_1650,1069,881,0.6,0.14857143,0.12,0.13142857,0.56646217,0,0.25562372,0.17791411
Caveiro,CVL_1B_1600,1026,924,0.6528777,0.12589928,0.12230216,0.09892086,0.55279503,0,0.25258799,0.19461698
Caveiro,CVL_1B_1550,983,967,0.66544118,0.11029412,0.15992647,0.06433824,0.54147465,0,0.29953917,0.15898618
Caveiro,CVL_1B_1500,940,1010,0.66794626,0.16314779,0.14395393,0.02495202,0.53785901,0,0.34464752,0.11749347
Caveiro,CVL_1B_1450,896,1054,0.68667917,0.16885553,0.12945591,0.01500938,0.49595687,0,0.38274933,0.1212938
Caveiro,CVL_1B_1400,853,1097,0.66603053,0.15648855,0.17557252,0.0019084,0.55384615,0,0.33846154,0.10769231
Caveiro,CVL_1B_1350,810,1140,0.59108527,0.16860465,0.24031008,0,0.65277778,0,0.20833333,0.13888889
Caveiro,CVL_1B_1300,767,1183,0.66304348,0.12137681,0.20833333,0.00724638,0.5,0,0.34951456,0.15048544
Caveiro,CVL_1B_1250,726,1224,0.75239923,0.14971209,0.09596929,0.00191939,0.5,0,0.34615385,0.15384615
Caveiro,CVL_1B_1200,684,1266,0.72815534,0.13203883,0.13980583,0,0.48641304,0,0.35326087,0.16032609
Caveiro,CVL_1B_1150,642,1308,0.68390805,0.18773946,0.11302682,0.01532567,0.48605578,0,0.37848606,0.13545817
Caveiro,CVL_1B_1100,601,1349,0.74656189,0.15913556,0.07858546,0.01571709,0.41353383,0,0.51879699,0.06766917
Caveiro,CVL_1B_1000,572,1378,0.66497462,0.21996616,0.08460237,0.03045685,0.69333333,0,0.28,0.02666667
Caveiro,CVL_1B_1050,572,1378,0.69943289,0.18147448,0.10775047,0.01134216,0.54455446,0,0.40594059,0.04950495
Caveiro,CVL_1B_900,497,1453,0.66431095,0.23321555,0.07597173,0.02650177,0.6484375,0,0.28125,0.0703125
Caveiro,CVL_1B_800,414,1536,0.63859649,0.26315789,0.07192982,0.02631579,0.68571429,0.01428571,0.21428571,0.08571429
Caveiro,CVL_1B_750,372,1578,0.62852113,0.27288732,0.07394366,0.02464789,0.77777778,0,0.2,0.02222222
Caveiro,CVL_1B_700,329,1621,0.61879433,0.28014184,0.07978723,0.0212766,0.77586207,0,0.20689655,0.01724138
Caveiro,CVL_1B_600,235,1715,0.59464286,0.2875,0.10357143,0.01428571,0.75862069,0,0.20689655,0.03448276
Caveiro,CVL_1B_550,186,1764,0.58185053,0.28647687,0.12099644,0.01067616,0.82258065,0,0.09677419,0.08064516
Caveiro,CVL_1B_500,137,1813,0.56914894,0.28368794,0.14007092,0.0070922,1,0,0,0
Caveiro,CVL_1B_450,87,1863,0.55254237,0.27288136,0.16779661,0.00677966,1,0,0,0
Caveiro,CVL_1B_400,36,1914,0.66300366,0.21794872,0.11538462,0.003663,0.90196078,0,0.05882353,0.03921569
Caveiro,CVL_1B_100,15,1935,0.50841121,0.37009346,0.11962617,0.00186916,0.88983051,0,0.06779661,0.04237288
Caveiro,CVL_1B_150,15,1935,0.44277674,0.41275797,0.14446529,0,0.88983051,0,0.06779661,0.04237288
Caveiro,CVL_1B_200,15,1935,0.50194553,0.37937743,0.11478599,0.00389105,0.88983051,0,0.06779661,0.04237288
Caveiro,CVL_1B_250,15,1935,0.65748031,0.23425197,0.10826772,0,0.88983051,0,0.06779661,0.04237288
Caveiro,CVL_1B_300,15,1935,0.63401109,0.26247689,0.10351201,0,0.88983051,0,0.06779661,0.04237288
Caveiro,CVL_1B_350,15,1935,0.64485981,0.25794393,0.09345794,0.00373832,0.88983051,0,0.06779661,0.04237288
Caveiro,CVL_1B_50,-20,1970,0.49320388,0.38446602,0.1184466,0.0038835,0.87671233,0,0.07534247,0.04794521
Caveiro,CVL_1B_0,-66,2016,0.5815739,0.31861804,0.09980806,0,0.86740331,0,0.08287293,0.04972376
Empadadas Norte,EN_04_222,542.286483,1407.71352,0.82365145,0.14107884,0.03526971,0,0.85138539,0.00755668,0.01763224,0.12342569
Empadadas Norte,EN_04_221,537.104068,1412.89593,0.80522088,0.14056225,0.05421687,0,0.87189293,0.00382409,0.02676864,0.09751434
Empadadas Norte,EN_04_220,531.809286,1418.19071,0.79330709,0.13385827,0.07283465,0,0.86666667,0.00952381,0.03809524,0.08571429
Empadadas Norte,EN_04_219,526.395159,1423.60484,0.77504726,0.13799622,0.08695652,0,0.86428571,0.01428571,0.03333333,0.08809524
Empadadas Norte,EN_04_218,520.85471,1429.14529,0.70384615,0.18076923,0.11538462,0,0.88,0.00923077,0.03230769,0.07846154
Empadadas Norte,EN_04_217,515.180962,1434.81904,0.74685817,0.13285458,0.12028725,0,0.85856905,0.00831947,0.03327787,0.09983361
Empadadas Norte,EN_04_216,509.366937,1440.63306,0.81399046,0.07949126,0.10492846,0.00158983,0.89356436,0.00742574,0.02970297,0.06930693
Empadadas Norte,EN_04_215,503.405658,1446.59434,0.68165468,0.15107914,0.16726619,0,0.88461538,0.0018315,0.04945055,0.06410256
Empadadas Norte,EN_04_214,497.290147,1452.70985,0.67504836,0.18181818,0.14313346,0,0.87852495,0.0021692,0.03253796,0.0867679
Empadadas Norte,EN_04_213,491.013427,1458.98657,0.42746615,0.21470019,0.35783366,0,0.84520124,0.00619195,0.04024768,0.10835913
Empadadas Norte,EN_04_212,484.56852,1465.43148,0.52873563,0.23371648,0.23754789,0,0.86569579,0.00809061,0.0210356,0.10517799
Empadadas Norte,EN_04_211,477.94845,1472.05155,0.50867052,0.29479769,0.19653179,0,0.8405467,0,0.04328018,0.11617312
Empadadas Norte,EN_04_210,471.146237,1478.85376,0.5146771,0.26223092,0.22309198,0,0.85163205,0,0.05934718,0.08902077
Empadadas Norte,EN_04_209,464.154906,1485.84509,0.58039216,0.21764706,0.20196078,0,0.84074074,0.00555556,0.04259259,0.11111111
Empadadas Norte,EN_04_208,456.967478,1493.03252,0.5443787,0.25443787,0.20118343,0,0.85911602,0.00828729,0.04696133,0.08563536
Empadadas Norte,EN_04_207,449.577346,1500.42265,0.48732943,0.29434698,0.21832359,0,0.85714286,0.00702576,0.0234192,0.11241218
Empadadas Norte,EN_04_206,441.986402,1508.0136,0.582846,0.2202729,0.19688109,0,0.83235294,0.00294118,0.03823529,0.12647059
Empadadas Norte,EN_04_205,434.205035,1515.79497,0.71115538,0.14741036,0.14143426,0,0.84615385,0.01538462,0.05384615,0.08461538
Empadadas Norte,EN_04_204,426.244008,1523.75599,0.61931818,0.16477273,0.21590909,0,0.85217391,0.0173913,0.04782609,0.0826087
Empadadas Norte,EN_04_203,418.114081,1531.88592,0.5615942,0.16485507,0.27355072,0,0.88327526,0.00522648,0.02961672,0.08188153
Empadadas Norte,EN_04_202,409.826014,1540.17399,0.66480447,0.12104283,0.2141527,0,0.88038278,0,0.01913876,0.10047847
Empadadas Norte,EN_04_201,401.390568,1548.60943,0.71641791,0.09141791,0.19216418,0,0.83333333,0.00490196,0.04411765,0.11764706
Empadadas Norte,EN_04_200,392.818505,1557.1815,0.72,0.11428571,0.16571429,0,0.84224599,0.0026738,0.04545455,0.10962567
Empadadas Norte,EN_04_199,384.120584,1565.87942,0.765286,0.11439842,0.12031558,0,0.86666667,0.00430108,0.04086022,0.08817204
Empadadas Norte,EN_04_198,375.307566,1574.69243,0.75146771,0.1409002,0.10763209,0,0.85604113,0.00514139,0.03084833,0.10796915
Empadadas Norte,EN_04_197,366.390213,1583.60979,0.7254902,0.18431373,0.09019608,0,0.825,0.05,0.025,0.1
Empadadas Norte,EN_04_196,357.379284,1592.62072,0.78388998,0.13555992,0.0805501,0,0.77514793,0.0295858,0.0295858,0.16568047
Empadadas Norte,EN_04_195,348.285541,1601.71446,0.80626223,0.11350294,0.08023483,0,0.79844961,0,0.04651163,0.15503876
Empadadas Norte,EN_04_194,339.119745,1610.88026,0.8463035,0.06809339,0.08560311,0,0.81714286,0,0.03428571,0.14857143
Empadadas Norte,EN_04_193,329.892655,1620.10735,0.80582524,0.09514563,0.09902913,0,0.75824176,0,0.01098901,0.23076923
Empadadas Norte,EN_04_192,320.615032,1629.38497,0.77325581,0.11821705,0.10852713,0,0.84615385,0.01538462,0.01538462,0.12307692
Empadadas Norte,EN_04_191,311.297639,1638.70236,0.74513619,0.11089494,0.14396887,0,0.88297872,0,0,0.11702128
Empadadas Norte,EN_04_190,301.951234,1648.04877,0.70873786,0.1184466,0.17281553,0,0.85276074,0.00920245,0.00613497,0.13190184
Empadadas Norte,EN_04_189,292.586579,1657.41342,0.68627451,0.14901961,0.16470588,0,0.81974249,0.00429185,0.01287554,0.16309013
Empadadas Norte,EN_04_188,283.214434,1666.78557,0.65019763,0.17391304,0.17588933,0,0.89547038,0.00348432,0.01393728,0.08710801
Empadadas Norte,EN_04_187,273.845561,1676.15444,0.6515748,0.21456693,0.13385827,0,0.8392283,0,0.01286174,0.14790997
Empadadas Norte,EN_04_186,264.49072,1685.50928,0.65422397,0.25343811,0.09233792,0,0.86363636,0,0.00284091,0.13352273
Empadadas Norte,EN_04_185,255.160671,1694.83933,0.62109375,0.27148438,0.10742188,0,0.85051546,0,0.0257732,0.12371134
Empadadas Norte,EN_04_184,245.866175,1704.13383,0.60271318,0.29651163,0.10077519,0,0.84337349,0,0.00803213,0.14859438
Empadadas Norte,EN_04_183,236.617994,1713.38201,0.59686888,0.28962818,0.11350294,0,0.84193548,0,0.01935484,0.13870968
Empadadas Norte,EN_04_182,227.426887,1722.57311,0.58267717,0.27559055,0.13976378,0.0019685,0.76258993,0,0.03597122,0.20143885
Empadadas Norte,EN_04_181,218.303616,1731.69638,0.58546169,0.28880157,0.12573674,0,0.81767956,0,0.02762431,0.15469613
Empadadas Norte,EN_04_180,209.258941,1740.74106,0.59491194,0.29354207,0.11154599,0,0.83695652,0,0.02536232,0.13768116
Empadadas Norte,EN_04_179,200.303623,1749.69638,0.59055118,0.28149606,0.12795276,0,0.89041096,0,0.02739726,0.08219178
Empadadas Norte,EN_04_178,191.448422,1758.55158,0.59724951,0.27308448,0.12966601,0,0.9047619,0,0,0.0952381
Empadadas Norte,EN_04_177,182.704099,1767.2959,0.59448819,0.26377953,0.14173228,0,0.85119048,0,0.01785714,0.13095238
Empadadas Norte,EN_04_176,174.081411,1775.91859,0.6344294,0.25338491,0.11218569,0,0.8410596,0,0.03311258,0.12582781
Empadadas Norte,EN_04_175,165.591115,1784.40889,0.65834933,0.24568138,0.09596929,0,0.86503067,0,0.00613497,0.12883436
Empadadas Norte,EN_04_174,157.243967,1792.75603,0.69376181,0.23818526,0.06805293,0,0.72727273,0,0.02020202,0.25252525
Empadadas Norte,EN_04_173,149.050724,1800.94928,0.68190476,0.24,0.07809524,0,0.84897959,0,0.04081633,0.11020408
Empadadas Norte,EN_04_172,141.022143,1808.97786,0.6870229,0.22900763,0.08396947,0,0.81818182,0,0.05555556,0.12626263
Empadadas Norte,EN_04_171,133.16898,1816.83102,0.68593449,0.24277457,0.07129094,0,0.79452055,0,0.05022831,0.15525114
Empadadas Norte,EN_04_170,125.501993,1824.49801,0.66144814,0.25831703,0.08023483,0,0.76,0,0.06666667,0.17333333
Empadadas Norte,EN_04_169,118.031937,1831.96806,0.68945313,0.23632813,0.07421875,0,0.76129032,0,0.10322581,0.13548387
Empadadas Norte,EN_04_168,110.76957,1839.23043,0.71150097,0.23586745,0.05263158,0,0.74545455,0,0.0969697,0.15757576
Empadadas Norte,EN_04_167,103.725648,1846.27435,0.68244576,0.20315582,0.11242604,0.00197239,0.75,0,0.02604167,0.22395833
Empadadas Norte,EN_04_150,96.9109276,1853.08907,0.67391304,0.18181818,0.14031621,0.00395257,0.86111111,0,0.13888889,0
Empadadas Norte,EN_04_149,90.336166,1859.66383,0.66666667,0.1468254,0.18650794,0,1,0,0,0
Empadadas Norte,EN_04_148,84.0121197,1865.98788,0.6541502,0.15217391,0.18181818,0.01185771,0.76923077,0,0.15384615,0.07692308
Empadadas Norte,EN_04_147,77.9495453,1872.05045,0.63419483,0.14314115,0.20079523,0.02186879,0.91666667,0,0,0.08333333
Empadadas Norte,EN_04_146,72.1591995,1877.8408,0.64117647,0.15098039,0.19019608,0.01764706,0.85714286,0,0.14285714,0
Empadadas Norte,EN_04_145,66.6518391,1883.34816,0.64383562,0.14481409,0.19569472,0.01565558,0.625,0.125,0.25,0
Empadadas Norte,EN_04_144,61.4382207,1888.56178,0.640625,0.16601563,0.17578125,0.01757813,0.7,0,0.3,0
Empadadas Norte,EN_04_143,56.529101,1893.4709,0.63358779,0.19274809,0.15076336,0.02290076,0.69565217,0,0.30434783,0
Empadadas Norte,EN_04_142,51.9309911,1898.06901,0.6459144,0.18093385,0.15758755,0.0155642,0.65753425,0,0.17808219,0.16438356
Empadadas Norte,EN_04_141,47.6334196,1902.36658,0.65742574,0.18217822,0.15049505,0.00990099,0.88461538,0,0.07692308,0.03846154
Empadadas Norte,EN_04_140,43.6216697,1906.37833,0.65429688,0.18945313,0.14453125,0.01171875,0.94444444,0,0.05555556,0
Empadadas Norte,EN_04_139,39.8810243,1910.11898,0.66404715,0.1827112,0.14341847,0.00982318,0.92,0,0.02,0.06
Empadadas Norte,EN_04_138,36.3967666,1913.60323,0.66404715,0.19253438,0.13555992,0.00785855,0.85416667,0,0.10416667,0.04166667
Empadadas Norte,EN_04_137,33.1541796,1916.84582,0.63976378,0.22637795,0.12992126,0.00393701,0.83333333,0,0.08333333,0.08333333
Empadadas Norte,EN_04_136,30.1385463,1919.86145,0.66929134,0.19094488,0.13385827,0.00590551,0.86956522,0,0.08695652,0.04347826
Empadadas Norte,EN_04_135,27.3351498,1922.66485,0.69844358,0.18677043,0.10894942,0.00583658,0.85714286,0,0,0.14285714
Empadadas Norte,EN_04_134,24.7292732,1925.27073,0.67395626,0.18489066,0.13518887,0.00596421,0.85714286,0,0.07142857,0.07142857
Empadadas Norte,EN_04_133,22.3061995,1927.6938,0.70058708,0.15851272,0.13307241,0.00782779,0.85,0,0.1,0.05
Empadadas Norte,EN_04_132,20.0512118,1929.94879,0.676,0.18,0.14,0.004,0.9,0.05,0.05,0
Empadadas Norte,EN_04_131,17.9495932,1932.05041,0.66733068,0.16135458,0.16932271,0.00199203,1,0,0,0
Empadadas Norte,EN_04_130,15.9866266,1934.01337,0.67605634,0.17706237,0.14285714,0.00402414,0.86666667,0,0.06666667,0.06666667
Empadadas Norte,EN_04_129,14.1475952,1935.8524,0.66064257,0.20080321,0.13855422,0,0.8,0.13333333,0.06666667,0
Empadadas Norte,EN_04_128,12.417782,1937.58222,0.67878788,0.17373737,0.14343434,0.0040404,0.90909091,0.03030303,0.06060606,0
Empadadas Norte,EN_04_127,10.7824701,1939.21753,0.66600791,0.16798419,0.15612648,0.00988142,0.77777778,0,0.11111111,0.11111111
Empadadas Norte,EN_04_126,9.22694248,1940.77306,0.67806841,0.17102616,0.14486922,0.00603622,0.77272727,0.04545455,0,0.18181818
Empadadas Norte,EN_04_125,7.73648228,1942.26352,0.75494071,0.13438735,0.10869565,0.00197628,0.86,0.02,0.06,0.06
Empadadas Norte,EN_04_124,6.29637252,1943.70363,0.682,0.168,0.144,0.006,0.83333333,0,0.11111111,0.05555556
Empadadas Norte,EN_04_123,4.89189627,1945.1081,0.69306931,0.16633663,0.13663366,0.0039604,0.9,0,0,0.1
Empadadas Norte,EN_04_122,3.50833658,1946.49166,0.68712871,0.16435644,0.14257426,0.00594059,0.5,0.5,0,0
Empadadas Norte,EN_04_121,2.13097651,1947.86902,0.69011407,0.15209125,0.14828897,0.0095057,0.5,0,0.33333333,0.16666667
Empadadas Norte,EN_04_120,0.74509912,1949.2549,0.69395712,0.15984405,0.14035088,0.00584795,0.61538462,0.15384615,0.23076923,0
Empadadas Norte,EN_04_119,-0.6640125,1950.66401,0.69803922,0.16078431,0.13333333,0.00784314,0.8125,0.0625,0.125,0
Empadadas Norte,EN_04_118,-2.1110754,1952.11108,0.70588235,0.15370019,0.13472486,0.0056926,1,0,0,0
Empadadas Norte,EN_04_117,-3.6108064,1953.61081,0.62575453,0.2193159,0.15090543,0.00402414,0.5,0.16666667,0.33333333,0
Empadadas Norte,EN_04_116,-5.1779225,1955.17792,0.72363636,0.14363636,0.12727273,0.00545455,0.53846154,0.38461538,0.07692308,0
Empadadas Norte,EN_04_115,-6.8271406,1956.82714,0.68711656,0.13496933,0.16973415,0.00817996,0.71428571,0.28571429,0,0
Empadadas Norte,EN_04_31,-12.414577,1962.41458,0.77917981,0.11671924,0.09936909,0.00473186,1,0,0,0
Empadadas Norte,EN_04_30,-14.538615,1964.53862,0.7957958,0.10810811,0.09159159,0.0045045,0.8,0,0.1,0.1
Empadadas Norte,EN_04_29,-16.799418,1966.79942,0.81402003,0.10014306,0.08297568,0.00286123,0.86666667,0,0.06666667,0.06666667
Empadadas Norte,EN_04_28,-19.176126,1969.17613,0.83152174,0.0923913,0.07336957,0.00271739,0.93333333,0,0,0.06666667
Empadadas Norte,EN_04_27,-21.647124,1971.64712,0.84664948,0.08505155,0.06572165,0.00257732,1,0,0,0
Empadadas Norte,EN_04_26,-24.190798,1974.1908,0.86134969,0.07852761,0.05766871,0.00245399,0.9375,0,0,0.0625
Empadadas Norte,EN_04_25,-26.785532,1976.78553,0.87251462,0.07368421,0.05146199,0.00233918,0.94117647,0,0.05882353,0
Empadadas Norte,EN_04_24,-29.409711,1979.40971,0.88413948,0.06861642,0.04611924,0.00112486,0.86666667,0,0.06666667,0.06666667
Empadadas Norte,EN_04_23,-32.04172,1982.04172,0.89033659,0.06623236,0.04234528,0.00108578,1,0,0,0
Empadadas Norte,EN_04_22,-34.659943,1984.65994,0.90997567,0.05717762,0.03284672,0,0.9,0,0.1,0
Empadadas Norte,EN_04_21,-37.242766,1987.24277,0.89637306,0.06321244,0.03937824,0.00103627,1,0,0,0
Empadadas Norte,EN_04_20,-39.768574,1989.76857,0.90609874,0.05324298,0.04065828,0,0.83333333,0,0.16666667,0
Empadadas Norte,EN_04_19,-42.215751,1992.21575,0.92122959,0.04995197,0.02785783,0.00096061,1,0,0,0
Empadadas Norte,EN_04_18,-44.562682,1994.56268,0.90909091,0.05799373,0.03213166,0.0007837,0,0,1,0
Empadadas Norte,EN_04_17,-46.787752,1996.78775,0.83684211,0.09736842,0.06447368,0.00131579,0.27272727,0,0.72727273,0
Empadadas Norte,EN_04_16,-48.869346,1998.86935,0.85969084,0.07491082,0.06539834,0,0.42857143,0,0.5,0.07142857
Empadadas Norte,EN_04_15,-50.785849,2000.78585,0.88031652,0.07715134,0.04253215,0,0.28571429,0,0.71428571,0
Empadadas Norte,EN_04_14,-52.515645,2002.51565,0.86619718,0.08215962,0.05164319,0,0.35294118,0.05882353,0.58823529,0
Empadadas Norte,EN_04_13,-54.037921,2004.03792,0.82570162,0.09601182,0.07680945,0.0014771,0.30434783,0,0.69565217,0
Empadadas Norte,EN_04_12,-55.350298,2005.3503,0.84810127,0.07735584,0.0745429,0,0.38461538,0,0.61538462,0
Empadadas Norte,EN_04_11,-56.468829,2006.46883,0.80120482,0.08584337,0.11295181,0,0.8,0,0.2,0
Empadadas Norte,EN_04_10,-57.410372,2007.41037,0.80543634,0.09155937,0.10157368,0.00143062,0.85714286,0.07142857,0.07142857,0
Empadadas Norte,EN_04_9,-58.191782,2008.19178,0.81598793,0.08898944,0.09502262,0,0.5,0,0.375,0.125
Empadadas Norte,EN_04_8,-58.829916,2008.82992,0.80959752,0.09133127,0.09907121,0,0.94117647,0,0.05882353,0
Empadadas Norte,EN_04_7,-59.341628,2009.34163,0.80507132,0.09191759,0.10301109,0,0.76470588,0.05882353,0.17647059,0
Empadadas Norte,EN_04_6,-59.743776,2009.74378,0.80032206,0.09339775,0.10628019,0,0.9,0,0.1,0
Empadadas Norte,EN_04_5,-60.053216,2010.05322,0.79738562,0.09477124,0.10784314,0,0.86666667,0,0.13333333,0
Empadadas Norte,EN_04_4,-60.286803,2010.2868,0.79372937,0.09570957,0.11056106,0,0.8,0,0.2,0
Empadadas Norte,EN_04_3,-60.461394,2010.46139,0.79333333,0.095,0.11166667,0,0.8,0,0.2,0
Empadadas Norte,EN_04_2,-60.593845,2010.59385,0.76923077,0.09861933,0.1321499,0,0.52941176,0,0.29411765,0.17647059
Empadadas Norte,EN_04_1,-60.701012,2010.70101,0.79863481,0.09044369,0.1109215,0,0.82608696,0,0.17391304,0
Funda,FN02_704_6,996.8,953.2,0.68850073,0.07714702,0.11790393,0.11644833,0.66666667,0.33333333,0,0
Funda,FN02_692_6,980.55,969.45,0.70694864,0.1163142,0.10876133,0.06797583,0,1,0,0
Funda,FN02_680_8,964.514,985.486,0.92257002,0.07742998,0,0,0,0,0,0
Funda,FN02_668_7,948.152,1001.848,0.69791667,0.11309524,0.13392857,0.05505952,0.6,0.4,0,0
Funda,FN02_657_3,932.766,1017.234,0.55376344,0.18010753,0.16129032,0.10483871,0.58333333,0.41666667,0,0
Funda,FN02_646_1,923.224,1026.776,0.61157025,0.11983471,0.18595041,0.08264463,1,0,0,0
Funda,FN02_634,906.87,1043.13,0.58279009,0.13428944,0.20990874,0.07301173,0.59259259,0.40740741,0,0
Funda,FN02_622,890.61,1059.39,0.6980568,0.10164425,0.13901345,0.0612855,0.66666667,0.33333333,0,0
Funda,FN02_609_9,874.248,1075.752,0.6362379,0.09543568,0.14661134,0.12171508,0.69230769,0.24175824,0.04395604,0.02197802
Funda,FN02_597_9,857.996,1092.004,0.67372881,0.07627119,0.14548023,0.10451977,0.64516129,0.25,0.05645161,0.0483871
Funda,FN02_585_8,841.632,1108.368,0.53566009,0.13657056,0.107739,0.22003035,0.56,0.38,0.02,0.04
Funda,FN02_573_8,825.376,1124.624,0.60989811,0.09898108,0.12518195,0.16593886,0.65116279,0.27906977,0.02325581,0.04651163
Funda,FN02_561_8,809.014,1140.986,0.65073041,0.08897742,0.13413015,0.12616202,0.63636364,0.31818182,0.04545455,0
Funda,FN02_549_8,792.764,1157.236,0.51072961,0.07868383,0.0758226,0.33476395,0.69230769,0.23076923,0.03846154,0.03846154
Funda,FN02_523_9,782.632,1167.368,0.51612903,0.08141321,0.23348694,0.16897081,0.88888889,0,0,0.11111111
Funda,FN02_516_6,772.809,1177.191,0.62215909,0.05397727,0.11789773,0.20596591,0.73333333,0.2,0,0.06666667
Funda,FN02_509_4,762.992,1187.008,0.58990536,0.08201893,0.12618297,0.20189274,0.66666667,0.23809524,0,0.0952381
Funda,FN02_502_1,753.169,1196.831,0.56034483,0.06681034,0.15086207,0.22198276,0.7,0.2,0,0.1
Funda,FN02_494_7,743.1,1206.9,0.64497041,0.0887574,0.12426036,0.14201183,0.625,0.25,0,0.125
Funda,FN02_463_2,741.210684,1208.78932,0.62995595,0.11013216,0.14977974,0.11013216,0.66666667,0.33333333,0,0
Funda,FN02_457_4,733.568,1216.432,0.62391931,0.07636888,0.11815562,0.1815562,0.57142857,0.28571429,0,0.14285714
Funda,FN02_450_1,723.753,1226.247,0.42319277,0.07981928,0.13855422,0.35843373,0,0.5,0,0.5
Funda,FN02_442_9,713.928,1236.072,0.3404908,0.09202454,0.09969325,0.46779141,0.625,0.25,0,0.125
Funda,FN02_432_3,700.8,1249.2,0.40929535,0.11694153,0.09145427,0.38230885,0,1,0,0
Funda,FN02_423_4,692.545,1257.455,0.55419847,0.10839695,0.21221374,0.12519084,0.76666667,0.16666667,0,0.06666667
Funda,FN02_409,679.065,1270.935,0.5534407,0.10688141,0.10688141,0.23279649,0.4,0.5,0,0.1
Funda,FN02_394_3,665.423,1284.577,0.56734694,0.13469388,0.09115646,0.20680272,0.78947368,0.10526316,0,0.10526316
Funda,FN02_380_4,652.53,1297.47,0.488,0.11466667,0.152,0.24533333,0.51219512,0.24390244,0.14634146,0.09756098
Funda,FN02_371_7,644.44,1305.56,0.4082232,0.12041116,0.10132159,0.37004405,0.57894737,0.26315789,0.05263158,0.10526316
Funda,FN02_368_7,641.65,1308.35,0.45757997,0.12517385,0.14603616,0.27121001,0.8,0.2,0,0
Funda,FN02_349_3,623.638,1326.362,0.45430108,0.07795699,0.17204301,0.29569892,0.57142857,0.26984127,0.03174603,0.12698413
Funda,FN02_343_5,618.239,1331.761,0.16411043,0.04907975,0.04141104,0.74539877,0.6,0.3,0.05,0.05
Funda,FN02_337_8,612.894,1337.106,0.16088328,0.23343849,0.16246057,0.44321767,0.75,0.25,0,0
Funda,FN02_326_3,602.204,1347.796,0.16335878,0.04274809,0.08396947,0.70992366,0.66666667,0.29166667,0.04166667,0
Funda,FN02_320_4,596.805,1353.195,0.1162465,0.02521008,0.03221289,0.82633053,0.57894737,0.36842105,0,0.05263158
Funda,FN02_314_7,591.46,1358.54,0.27837838,0.03378378,0.05540541,0.63243243,0.64285714,0.28571429,0,0.07142857
Funda,FN02_309,586.115,1363.885,0.31969697,0.0469697,0.02727273,0.60606061,0.55,0.4,0,0.05
Funda,FN02_303_2,580.77,1369.23,0.32293292,0.05928237,0.06552262,0.55226209,0.44444444,0.5,0,0.05555556
Funda,FN02_297_4,575.37,1374.63,0.37111801,0.07608696,0.09937888,0.45341615,0.54545455,0.40909091,0,0.04545455
Funda,FN02_291_6,571.114,1378.886,0.03577236,0.0097561,0.02113821,0.93333333,0.5,0.475,0.025,0
Funda,FN02_285_9,567.534,1382.466,0.14829932,0.04217687,0.07346939,0.73605442,0.58333333,0.33333333,0.04166667,0.04166667
Funda,FN02_280_1,563.958,1386.042,0.07331731,0.01442308,0.02644231,0.88581731,0.61111111,0.22222222,0.05555556,0.11111111
Funda,FN02_274_3,560.341,1389.659,0.1543514,0.02627258,0.04926108,0.77011494,0.61538462,0.26923077,0.03846154,0.07692308
Funda,FN02_268_6,556.766,1393.234,0.09417989,0.01798942,0.02962963,0.85820106,0.45945946,0.54054054,0,0
Funda,FN02_262_8,553.188,1396.812,0.22315202,0.05299861,0.10320781,0.62064156,0.67857143,0.21428571,0.03571429,0.07142857
Funda,FN02_257_1,549.608,1400.392,0.09162304,0.04188482,0.08638743,0.78010471,0.875,0,0,0.125
Funda,FN02_245_5,542.412,1407.588,0.06666667,0.01509434,0.0327044,0.88553459,0.78494624,0.04301075,0.04301075,0.12903226
Funda,FN02_222_5,528.062,1421.938,0.02232667,0.01762632,0.01292597,0.94712103,0.89189189,0.01801802,0.01801802,0.07207207
Funda,FN02_211,493.488,1456.512,0.03385049,0.02538787,0.02397743,0.9167842,1,0,0,0
Funda,FN02_205_2,474.315,1475.685,0.04037267,0.01863354,0.05124224,0.88975155,1,0,0,0
Funda,FN02_199_4,455.34,1494.66,0.07912458,0.01851852,0.1010101,0.8013468,1,0,0,0
Funda,FN02_193_7,436.365,1513.635,0.17227723,0.02673267,0.05346535,0.74752475,0.72727273,0.27272727,0,0
Funda,FN02_187_9,417.39,1532.61,0.10167131,0.02506964,0.05710306,0.81615599,0.66666667,0.28571429,0,0.04761905
Funda,FN02_168_7,354.04,1595.96,0.16021362,0.03070761,0.04672897,0.7623498,0.66666667,0.33333333,0,0
Funda,FN02_163_7,337.54,1612.46,0.02362205,0.0328084,0.01574803,0.92782152,0.66666667,0.33333333,0,0
Funda,FN02_158_7,321.04,1628.96,0.01934916,0.0123131,0.01055409,0.95778364,1,0,0,0
Funda,FN02_153_7,304.54,1645.46,0.05940594,0.04809052,0.03818953,0.854314,1,0,0,0
Funda,FN02_148_7,288.04,1661.96,0.57142857,0.42857143,0,0,0,0,0,0
Funda,FN02_138_7,255.04,1694.96,0.22222222,0.77777778,0,0,0,0,0,0
Funda,FN02_128_7,222.04,1727.96,0.01949861,0.01810585,0.01392758,0.94846797,1,0,0,0
Funda,FN02_118_7,189.04,1760.96,0.53846154,0.46153846,0,0,0,0,0,0
Funda,FN02_108_7,156.04,1793.96,0.01691094,0.00450958,0.00450958,0.9740699,1,0,0,0
Funda,FN02_98_7,123.05,1826.95,0.2,0.8,0,0,0,0,0,0
Funda,FN02_88_7,90.05,1859.95,0.78947368,0.21052632,0,0,0,0,0,0
Funda,FN02_78_7,57.05,1892.95,0.5625,0.4375,0,0,0,0,0,0
Funda,FN02_68_7,24.05,1925.95,0.45454545,0.54545455,0,0,0,0,0,0
Funda,FN02_58_7,-2.08,1952.08,0.10243902,0.01300813,0.0097561,0.87479675,1,0,0,0
Funda,FN02_48_7,-20.26,1970.26,0.73684211,0.26315789,0,0,0,0,0,0
Funda,FN02_43_7,-28.15,1978.15,0.01721664,0.01291248,0.01578192,0.95408895,0,0,0,0
Funda,FN02_38_7,-33.16,1983.16,0.83950617,0.16049383,0,0,0,0,0,0
Funda,FN02_33_7,-37.02,1987.02,0.01037037,0.01185185,0.00888889,0.96888889,1,0,0,0
Funda,FN02_28_7,-40.91,1990.91,0.6,0.4,0,0,0,0,0,0
Funda,FN02_23_7,-45.92,1995.92,0.04397394,0.01302932,0.00977199,0.93322476,1,0,0,0
Funda,FN02_18_7,-51.56,2001.56,0.81889764,0.18110236,0,0,0,0,0,0
Funda,FN02_13_7,-55.83,2005.83,0.06424581,0.00558659,0.02234637,0.90782123,1,0,0,0
Funda,FN02_8_7,-59.14,2009.14,0.01679389,0.01832061,0.01526718,0.94961832,0.90909091,0.09090909,0,0
Ginjal,GN_292_5,524,1426,0.07211538,0,0.92307692,0.00480769,1,0,0,0
Ginjal,GN_287_5,522,1428,0.47173489,0.07212476,0.45614035,0,0.42105263,0.52631579,0.05263158,0
Ginjal,GN_282_5,517,1433,0.47751606,0.07066381,0.45182013,0,0.5,0.33333333,0.16666667,0
Ginjal,GN_277_5,512,1438,0.48941176,0.06588235,0.44235294,0.00235294,0.25,0.38636364,0.36363636,0
Ginjal,GN_275,509,1441,0.4962406,0.06516291,0.43609023,0.00250627,0,1,0,0
Ginjal,GN_272_5,506,1444,0.60678643,0.04391218,0.34730539,0.00199601,0.2173913,0.52173913,0.26086957,0
Ginjal,GN_270,502,1448,0.51038576,0.05934718,0.42433234,0.00593472,0.07407407,0.55555556,0.37037037,0
Ginjal,GN_262_5,494,1456,0.53479853,0.05128205,0.40659341,0.00732601,0.12903226,0.58064516,0.29032258,0
Ginjal,GN_260,490,1460,0.51834862,0.05504587,0.41743119,0.00917431,0.07142857,0.64285714,0.28571429,0
Ginjal,GN_255,483,1467,0.49333333,0.06,0.43333333,0.01333333,0,0.625,0.375,0
Ginjal,GN_252_5,480,1470,0.45217391,0.07826087,0.44347826,0.02608696,0,0.83333333,0.16666667,0
Ginjal,GN_250,476,1474,0.44554455,0.07920792,0.46534653,0.00990099,0.16666667,0.66666667,0.16666667,0
Ginjal,GN_247_5,474,1476,0.42857143,0.07692308,0.48351648,0.01098901,0,0.94117647,0.05882353,0
Ginjal,GN_242_5,468,1482,0.38235294,0.10294118,0.51470588,0,0,1,0,0
Ginjal,GN_240,465,1485,0.39473684,0.09210526,0.48684211,0.02631579,0.05882353,0.94117647,0,0
Ginjal,GN_237_5,463,1487,0.4,0.1,0.4625,0.0375,0,0.9047619,0.0952381,0
Ginjal,GN_235,460,1490,0.42045455,0.10227273,0.42045455,0.05681818,0,1,0,0
Ginjal,GN_232_5,457,1493,0.38613861,0.0990099,0.46534653,0.04950495,0,1,0,0
Ginjal,GN_230,454,1496,0.46491228,0.10526316,0.33333333,0.09649123,0,0.91666667,0.08333333,0
Ginjal,GN_227_5,451,1499,0.48854962,0.10687023,0.29007634,0.11450382,0,1,0,0
Ginjal,GN_225,449,1501,0.49655172,0.11034483,0.26896552,0.12413793,0.16666667,0.83333333,0,0
Ginjal,GN_222_5,446,1504,0.51131222,0.15384615,0.239819,0.09502262,0,1,0,0
Ginjal,GN_220,443,1507,0.50802139,0.12299465,0.22994652,0.13903743,0.27272727,0.59090909,0.13636364,0
Ginjal,GN_217_5,440,1510,0.50236967,0.13270142,0.22274882,0.14218009,0.07142857,0.89285714,0.03571429,0
Ginjal,GN_215,438,1512,0.49557522,0.13716814,0.22566372,0.14159292,0,0.91666667,0.08333333,0
Ginjal,GN_212_5,435,1515,0.56561086,0.12217195,0.14932127,0.16289593,0,1,0,0
Ginjal,GN_210,432,1518,0.45220588,0.16176471,0.25,0.13602941,0.20588235,0.76470588,0.02941176,0
Ginjal,GN_207_5,429,1521,0.42662116,0.17064846,0.26962457,0.1331058,0,1,0,0
Ginjal,GN_202_5,422,1528,0.34413965,0.20199501,0.34413965,0.10972569,0.16666667,0.77777778,0.05555556,0
Ginjal,GN_200,418,1532,0.35314685,0.1993007,0.33216783,0.11538462,0,1,0,0
Ginjal,GN_197_5,413,1537,0.33333333,0.21138211,0.3495935,0.10569106,0,0.73333333,0.26666667,0
Ginjal,GN_192_5,405,1545,0.39175258,0.18556701,0.35051546,0.07216495,0,1,0,0
Ginjal,GN_190,401,1549,0.36086957,0.22608696,0.34782609,0.06521739,0.21568627,0.37254902,0.41176471,0
Ginjal,GN_185,392,1558,0.4491018,0.20359281,0.2994012,0.04790419,0.04761905,0.80952381,0.14285714,0
Ginjal,GN_182_5,389,1561,0.38461538,0.23776224,0.32400932,0.05361305,0,0.8,0.2,0
Ginjal,GN_180,386,1564,0.54156171,0.16624685,0.25440806,0.03778338,0,0.80952381,0.19047619,0
Ginjal,GN_177_5,383,1567,0.5971223,0.14148681,0.22781775,0.03357314,0.05882353,0.58823529,0.35294118,0
Ginjal,GN_175,379,1571,0.66820276,0.11290323,0.19124424,0.02764977,0.01818182,0.54545455,0.43636364,0
Ginjal,GN_172_5,376,1574,0.78173719,0.0467706,0.15144766,0.02004454,0,1,0,0
Ginjal,GN_170,373,1577,0.75570776,0.07990868,0.14611872,0.01826484,0.3,0.55,0.15,0
Ginjal,GN_167_5,370,1580,0.78341014,0.07142857,0.13133641,0.01382488,0.11320755,0.52830189,0.35849057,0
Ginjal,GN_165,367,1583,0.80327869,0.06557377,0.12177986,0.00936768,0.23809524,0.47619048,0.28571429,0
Ginjal,GN_162_5,364,1586,0.84615385,0.0719603,0.08188586,0,0.18867925,0.5754717,0.23584906,0
Ginjal,GN_160,361,1589,0.79904306,0.06220096,0.1291866,0.00956938,0.30434783,0.34782609,0.34782609,0
Ginjal,GN_157_5,355,1595,0.75728155,0.0631068,0.16747573,0.01213592,0.4,0.16,0.44,0
Ginjal,GN_155,348,1602,0.67475728,0.07038835,0.23543689,0.01941748,0.60869565,0.1884058,0.20289855,0
Ginjal,GN_152_5,343,1607,0.58595642,0.07990315,0.30508475,0.02905569,0.51219512,0.34146341,0.14634146,0
Ginjal,GN_150,337,1613,0.56490385,0.07932692,0.33413462,0.02163462,0.75925926,0.18518519,0.05555556,0
Ginjal,GN_147_5,330,1620,0.52009456,0.08747045,0.37588652,0.01654846,0.6875,0.3125,0,0
Ginjal,GN_145,323,1627,0.49065421,0.09813084,0.40186916,0.00934579,0.81818182,0.1038961,0.07792208,0
Ginjal,GN_142_5,318,1632,0.48036952,0.09930716,0.41801386,0.00230947,0.79569892,0.13978495,0.06451613,0
Ginjal,GN_132_5,298,1652,0.40045767,0.16933638,0.4187643,0.01144165,0.71794872,0.1025641,0.17948718,0
Ginjal,GN_127_5,282,1668,0.39051919,0.15349887,0.44469526,0.01128668,0.64150943,0.20754717,0.1509434,0
Ginjal,GN_122_5,266,1684,0.40857788,0.12866817,0.45598194,0.00677201,0.3125,0.625,0.0625,0
Ginjal,GN_117_5,250,1700,0.44090909,0.14772727,0.41136364,0,0.79069767,0.13953488,0.06976744,0
Ginjal,GN_115,242,1708,0.4537037,0.15972222,0.38657407,0,0.73529412,0.20588235,0.05882353,0
Ginjal,GN_112_5,234,1716,0.46428571,0.17380952,0.35714286,0.0047619,0.70454545,0.25,0.04545455,0
Ginjal,GN_110,227,1723,0.46115288,0.1754386,0.3433584,0.02005013,0.64,0.28,0.08,0
Ginjal,GN_105,211,1739,0.42898551,0.17101449,0.32173913,0.07826087,0.5,0.41666667,0.08333333,0
Ginjal,GN_102_5,203,1747,0.32771084,0.17590361,0.41927711,0.07710843,0.73913043,0.19565217,0.06521739,0
Ginjal,GN_100,195,1755,0.34576271,0.15932203,0.31525424,0.17966102,0.68181818,0.31818182,0,0
Ginjal,GN_97_5,186,1764,0.27598566,0.15412186,0.31899642,0.25089606,0.76,0.24,0,0
Ginjal,GN_95,177,1773,0.20363636,0.15636364,0.32363636,0.31636364,0.61764706,0.35294118,0.02941176,0
Ginjal,GN_92_5,170,1780,0.15357143,0.16071429,0.32857143,0.35714286,0.70833333,0.20833333,0.08333333,0
Ginjal,GN_87_5,155,1795,0.10724638,0.2,0.32753623,0.36521739,0.68421053,0.26315789,0.05263158,0
Ginjal,GN_85,148,1802,0.10106383,0.21542553,0.32712766,0.35638298,0.8974359,0.1025641,0,0
Ginjal,GN_82_5,141,1809,0.10098522,0.22660099,0.32758621,0.34482759,0.66666667,0.33333333,0,0
Ginjal,GN_80,134,1816,0.10462287,0.22871046,0.32846715,0.33819951,0.375,0.625,0,0
Ginjal,GN_77_5,127,1823,0.10948905,0.23114355,0.33090024,0.32846715,0.75,0.25,0,0
Ginjal,GN_72_5,114,1836,0.08641975,0.20493827,0.3654321,0.34320988,0.5,0.5,0,0
Ginjal,GN_70,107,1843,0.14124294,0.22316384,0.34463277,0.29096045,0.69230769,0.15384615,0.15384615,0
Ginjal,GN_67_5,100,1850,0.15673981,0.21943574,0.35423197,0.26959248,0.76470588,0.17647059,0.05882353,0
Ginjal,GN_65,94,1856,0.1754386,0.21403509,0.36842105,0.24210526,0.66666667,0.33333333,0,0
Ginjal,GN_62_5,87,1863,0.19753086,0.20576132,0.3909465,0.20576132,0.6,0.4,0,0
Ginjal,GN_60,81,1869,0.22110553,0.20603015,0.4321608,0.14070352,0.75,0.25,0,0
Ginjal,GN_57_5,74,1876,0.26143791,0.20261438,0.49673203,0.03921569,0.75,0.25,0,0
Ginjal,GN_55,68,1882,0.27559055,0.18897638,0.53543307,0,0.71428571,0.28571429,0,0
Ginjal,GN_52_5,61,1889,0.13888889,0.15873016,0.34920635,0.3531746,0.625,0.375,0,0
Ginjal,GN_50,55,1895,0.26262626,0.16161616,0.57575758,0,1,0,0,0
Ginjal,GN_45,42,1908,0.21212121,0.22222222,0.56565657,0,0.625,0.375,0,0
Ginjal,GN_42_5,36,1914,0.16393443,0.21311475,0.47540984,0.14754098,0.6,0.4,0,0
Ginjal,GN_40,29,1921,0.10810811,0.21621622,0.31531532,0.36036036,0.5,0.5,0,0
Ginjal,GN_37_5,23,1927,0.08823529,0.20588235,0.26470588,0.44117647,0.4,0.6,0,0
Ginjal,GN_35,17,1933,0.07928389,0.18925831,0.23529412,0.49616368,0.4,0.6,0,0
Ginjal,GN_32_5,11,1939,0.075,0.18541667,0.21875,0.52083333,0.5,0.5,0,0
Ginjal,GN_27_5,-2,1952,0.06810036,0.10752688,0.20967742,0.61469534,0.625,0.375,0,0
Ginjal,GN_22_5,-14,1964,0.07504363,0.04886562,0.22513089,0.65095986,0.2,0.7,0.1,0
Ginjal,GN_20,-20,1970,0.09090909,0.05681818,0.2594697,0.59280303,0.27272727,0.63636364,0.09090909,0
Ginjal,GN_17_5,-26,1976,0.11608961,0.05906314,0.299389,0.52545825,0.36363636,0.63636364,0,0
Ginjal,GN_15,-32,1982,0.16107383,0.08501119,0.30872483,0.44519016,0.23076923,0.69230769,0.07692308,0
Ginjal,GN_12_5,-38,1988,0.165,0.045,0.485,0.305,0.26470588,0.67647059,0.05882353,0
Ginjal,GN_10,-45,1995,0.28387097,0.12473118,0.37204301,0.21935484,0.64285714,0.35714286,0,0
Ginjal,GN_7_5,-51,2001,0.31367925,0.11792453,0.4009434,0.16745283,0.8,0.2,0,0
Ginjal,GN_5,-57,2007,0.32482599,0.13457077,0.36426914,0.17633411,0.92105263,0.02631579,0.05263158,0
Ginjal,GN_2_5,-63,2013,0.4135514,0.07476636,0.26401869,0.24766355,1,0,0,0
Peixinho,PEX1_100,-57.44,2007.44,0.40215716,0,0.03081664,0.56702619,0.81779661,0.05084746,0.05932203,0.0720339
Peixinho,PEX1_1020,672.1,1277.9,0.35106383,0,0.03343465,0.61550152,0.80701754,0.05701754,0.0745614,0.06140351
Peixinho,PEX1_1060,695.46,1254.54,0.63216266,0,0.02033272,0.34750462,0.79342723,0.0657277,0.08920188,0.05164319
Peixinho,PEX1_1100,719.45,1230.55,0.69825919,0,0.01934236,0.28239845,0.79906542,0.06074766,0.07943925,0.06074766
Peixinho,PEX1_1140,743,1207,0.4245614,0.00175439,0.04912281,0.5245614,0.83408072,0.02242152,0.02242152,0.12107623
Peixinho,PEX1_1180,765.02,1184.98,0.38169257,0.00172712,0.06044905,0.55613126,0.83111111,0.01777778,0.02222222,0.12888889
Peixinho,PEX1_120,-55.35,2005.35,0.5,0,0.12068966,0.37931034,0.79912664,0.00436681,0.04803493,0.14847162
Peixinho,PEX1_1220,784.42,1165.58,0.54990215,0,0.12720157,0.32289628,0.79555556,0.00444444,0.05333333,0.14666667
Peixinho,PEX1_1260,800.13,1149.87,0.72254335,0,0.09055877,0.18689788,0.80094787,0.00947867,0.05687204,0.13270142
Peixinho,PEX1_1300,811.06,1138.94,0.73128599,0,0.07677543,0.19193858,0.81132075,0.00943396,0.04716981,0.13207547
Peixinho,PEX1_1340,816.12,1133.88,0.56646217,0,0.03271984,0.400818,0.86547085,0,0.00896861,0.12556054
Peixinho,PEX1_1380,822.14,1127.86,0.58994197,0,0.0270793,0.38297872,0.86381323,0,0.0077821,0.12840467
Peixinho,PEX1_1400,831.94,1118.06,0.89305302,0.07678245,0.02650823,0.00365631,0.78756957,0.01762523,0.04916512,0.14564007
Peixinho,PEX1_1410,838.43,1111.57,0.94564773,0.01757254,0.0359624,0.00081733,0.7780083,0.02005533,0.05463347,0.1473029
Peixinho,PEX1_1414,841.31,1108.69,0.6481149,0.18132855,0.16696589,0.00359066,0.77182919,0.0210325,0.05736138,0.14977693
Peixinho,PEX1_1440,863.55,1086.45,0.88657845,0.0094518,0.1020794,0.00189036,0.76893204,0.02135922,0.05533981,0.15436893
Peixinho,PEX1_1454,877.83,1072.17,0.97696929,0.00066756,0.02236315,0,0.7704918,0.01967213,0.04754098,0.16229508
Peixinho,PEX1_1480,907.93,1042.07,0.98448081,0.00225734,0.01326185,0,0.76106195,0.00884956,0.02212389,0.2079646
Peixinho,PEX1_1494,925.75,1024.25,0.98465886,0.00255686,0.01278428,0,0.74626866,0.00746269,0.03358209,0.21268657
Peixinho,PEX1_1500,933.67,1016.33,0.98162015,0.00357386,0.01276378,0.00204221,0.73951435,0.00883002,0.05298013,0.1986755
Peixinho,PEX1_1520,961.14,988.86,0.95415617,0.01209068,0.01813602,0.01561713,0.78536585,0.00487805,0.06829268,0.14146341
Peixinho,PEX1_1534,981.12,968.88,0.93176649,0.01895375,0.0242608,0.02501895,0.80444444,0.00888889,0.06222222,0.12444444
Peixinho,PEX1_1540,989.83,960.17,0.8366718,0.07550077,0.0770416,0.01078582,0.81049563,0.01166181,0.05247813,0.12536443
Peixinho,PEX1_1560,1019.3,930.7,0.86254296,0.04352806,0.069874,0.02405498,0.67333333,0.01333333,0.05,0.26333333
Peixinho,PEX1_1574,1040,910,0.90186125,0,0.03299492,0.06514382,0.70325203,0.01626016,0.07317073,0.20731707
Peixinho,PEX1_160,-51.21,2001.21,0.85794183,0.03579418,0.04474273,0.06152125,0.86190476,0.01904762,0.11904762,0
Peixinho,PEX1_1614,1098.5,851.5,0.83417085,0.05653266,0.05527638,0.0540201,0.86829268,0.0195122,0.11219512,0
Peixinho,PEX1_1654,1152.7,797.3,0.62359551,0.20646067,0.14185393,0.02808989,0.88421053,0.01052632,0.05789474,0.04736842
Peixinho,PEX1_1694,1198.7,751.3,0.5056,0.2704,0.2208,0.0032,0.81958763,0,0,0.18041237
Peixinho,PEX1_2111,1303.5,646.5,0.64410058,0.16247582,0.18955513,0.00386847,0.78403756,0,0.03286385,0.18309859
Peixinho,PEX1_2120,1322.3,627.7,0.47601476,0.30258303,0.21402214,0.00738007,0.70531401,0,0.01449275,0.28019324
Peixinho,PEX1_2151,1405.6,544.4,0.75121163,0.10339257,0.1276252,0.0177706,0.71028037,0.0046729,0.06074766,0.22429907
Peixinho,PEX1_2160,1434.6,515.4,0.60707269,0.1611002,0.19842829,0.03339882,0.71359223,0,0.06796117,0.2184466
Peixinho,PEX1_2191,1548.2,401.8,0.61787072,0.19391635,0.13878327,0.04942966,0.67619048,0,0.08571429,0.23809524
Peixinho,PEX1_2200,1584.7,365.3,0.53934741,0.22072937,0.18618042,0.0537428,0.70222222,0,0.06222222,0.23555556
Peixinho,PEX1_2231,1719.1,230.9,0.72163121,0.13297872,0.13120567,0.0141844,0.74299065,0,0.10280374,0.15420561
Peixinho,PEX1_2240,1760.2,189.8,0.44980695,0.23552124,0.22972973,0.08494208,0.7283237,0,0.06358382,0.20809249
Peixinho,PEX1_2271,1905.8,44.2,0.42460317,0.24007937,0.18650794,0.14880952,0.74285714,0,0.05238095,0.2047619
Peixinho,PEX1_2280,1948.7,1.3,0.53728489,0.14913958,0.26768642,0.0458891,0.71698113,0,0.07075472,0.21226415
Peixinho,PEX1_2311,2095.9,-145.9,0.54352031,0.04255319,0.15667311,0.25725338,0.91079812,0,0.01408451,0.07511737
Peixinho,PEX1_2320,2137.9,-187.9,0.26238532,0.0293578,0.09357798,0.6146789,0.91578947,0,0.06315789,0.02105263
Peixinho,PEX1_2351,2277,-327,0.2584493,0.03777336,0.08548708,0.61829026,0.96226415,0,0.00943396,0.02830189
Peixinho,PEX1_40,-63.81,2013.81,0.40115163,0.03646833,0.09980806,0.46257198,1,0,0,0
Peixinho,PEX1_500,-31.97,1981.97,0.38461538,0.02626642,0.13133208,0.45778612,0.94736842,0,0.02631579,0.02631579
Peixinho,PEX1_540,26.23,1923.77,0.56156716,0.01865672,0.16977612,0.25,0.97826087,0,0.02173913,0
Peixinho,PEX1_580,113.45,1836.55,0.71818182,0.04363636,0.09272727,0.14545455,0.95454545,0,0,0.04545455
Peixinho,PEX1_620,218.21,1731.79,0.40494297,0.02281369,0.06463878,0.50760456,0.96875,0,0.03125,0
Peixinho,PEX1_660,329,1621,0.69927536,0.01086957,0.14311594,0.14673913,1,0,0,0
Peixinho,PEX1_700,434.33,1515.67,0.38979964,0.00182149,0.11111111,0.49726776,0.96363636,0,0.01818182,0.01818182
Peixinho,PEX1_740,522.7,1427.3,0.53949904,0.01156069,0.10019268,0.34874759,1,0,0,0
Peixinho,PEX1_780,582.62,1367.38,0.45579568,0.02554028,0.07662083,0.44204322,0.95744681,0,0,0.04255319
Peixinho,PEX1_80,-59.64,2009.64,0.3358209,0.05597015,0.21828358,0.38992537,0.88372093,0,0.11627907,0
Peixinho,PEX1_820,602.77,1347.23,0.09460946,0.03960396,0.13971397,0.72607261,0.48,0,0.52,0
Peixinho,PEX1_860,606.69,1343.31,0.26315789,0.18330309,0.44646098,0.10707804,0.60526316,0.07894737,0.31578947,0
Peixinho,PEX1_900,616.67,1333.33,0.40433925,0.08284024,0.46942801,0.0433925,0.74242424,0.06060606,0.18181818,0.01515152
Peixinho,PEX1_940,631.62,1318.38,0.36100386,0.12934363,0.3011583,0.20849421,0.80434783,0,0.13043478,0.06521739
Prata,PR_2020_151,-40,1990,0.54101563,0.11132813,0.29296875,0.0546875,0.57857143,0.05,0.32857143,0.04285714
Prata,PR_2020_155,-26,1976,0.37328094,0.04518664,0.57367387,0.00785855,0.56551724,0.02758621,0.35862069,0.04827586
Prata,PR_2020_159,-12,1962,0.40909091,0.12055336,0.42885375,0.04150198,0.4248366,0.03267974,0.52941176,0.0130719
Prata,PR_2020_163,2,1948,0.28019324,0.01449275,0.70531401,0,0.53439153,0.1005291,0.33333333,0.03174603
Prata,PR_2020_167,15,1935,0.74630542,0.14285714,0.11083744,0,0.34848485,0.16666667,0.46212121,0.02272727
Prata,PR_2020_171,29,1921,0.92241379,0.02155172,0.05603448,0,0.47524752,0.12871287,0.34653465,0.04950495
Prata,PR_2020_175,42,1908,0.63316583,0.15326633,0.20351759,0.01005025,0.6173913,0.06086957,0.27826087,0.04347826
Prata,PR_2020_179,55,1895,0.47567568,0.16756757,0.35675676,0,0.515625,0.1953125,0.2734375,0.015625
Prata,PR_2020_183,68,1882,0.44602851,0.04887984,0.50509165,0,0.30252101,0.22689076,0.47058824,0
Prata,PR_2020_187,82,1868,0.25858586,0.49292929,0.17979798,0.06868687,0.35714286,0.11111111,0.52380952,0.00793651
Prata,PR_2020_191,95,1855,0.52295409,0.21157685,0.25349301,0.01197605,0.44144144,0.10810811,0.43243243,0.01801802
Prata,PR_2020_195,108,1842,0.18329939,0.17311609,0.31568228,0.32790224,0.48695652,0.09565217,0.40869565,0.00869565
Prata,PR_2020_199,121,1829,0.21336207,0.22844828,0.23275862,0.32543103,0.50434783,0.15652174,0.26086957,0.07826087
Prata,PR_2020_201,128,1822,0.3798768,0.28952772,0.26899384,0.06160164,0.4,0.24,0.32,0.04
Prata,PR_2020_205,141,1809,0.23854962,0.3148855,0.23854962,0.20801527,0.51923077,0.23076923,0.15384615,0.09615385
Prata,PR_2020_209,154,1796,0.25630252,0.12394958,0.36554622,0.25420168,0.55263158,0.26315789,0.10526316,0.07894737
Prata,PR_2020_213,167,1783,0.39428571,0.23809524,0.23809524,0.12952381,0.65853659,0.14634146,0.17073171,0.02439024
Prata,PR_2020_217,179,1771,0.34274194,0.47580645,0.15322581,0.02822581,0.37837838,0.25675676,0.32432432,0.04054054
Prata,PR_2020_221,190,1760,0.24404762,0.5218254,0.19047619,0.04365079,0.49019608,0.1372549,0.33333333,0.03921569
Prata,PR_2020_225,201,1749,0.23473282,0.4980916,0.20801527,0.05916031,0.45925926,0.04444444,0.44444444,0.05185185
Prata,PR_2020_229,212,1738,0.26829268,0.28861789,0.24796748,0.19512195,0.50892857,0.1875,0.25892857,0.04464286
Prata,PR_2020_233,223,1727,0.11064718,0.48434238,0.27348643,0.13152401,0.68686869,0.03030303,0.28282828,0
Prata,PR_2020_237,234,1716,0.30260521,0.38476954,0.22845691,0.08416834,0.44827586,0.09655172,0.44827586,0.00689655
Prata,PR_2020_241,245,1705,0.28690229,0.46985447,0.18503119,0.05821206,0.67391304,0.06521739,0.26086957,0
Prata,PR_2020_245,256,1694,0.30232558,0.49471459,0.1564482,0.04651163,0.45360825,0.02061856,0.5257732,0
Prata,PR_2020_249,267,1683,0.30628803,0.43002028,0.22109533,0.04259635,0.46428571,0.01785714,0.51785714,0
Prata,PR_2020_251,272,1678,0.27720739,0.46817248,0.21560575,0.03901437,0.52,0.06,0.4,0.02
Prata,PR_2020_255,283,1667,0.21862348,0.50202429,0.2388664,0.04048583,0.46875,0.02083333,0.5,0.01041667
Prata,PR_2020_259,294,1656,0.17697228,0.53518124,0.25159915,0.03624733,0.4137931,0.06896552,0.48275862,0.03448276
Prata,PR_2020_263,305,1645,0.28,0.42434783,0.22434783,0.07130435,0.20779221,0.06493506,0.71428571,0.01298701
Prata,PR_2020_267,316,1634,0.34657837,0.39735099,0.20971302,0.04635762,0.30136986,0.04109589,0.65753425,0
Prata,PR_2020_271,327,1623,0.19017094,0.57051282,0.1965812,0.04273504,0.23943662,0.02816901,0.73239437,0
Prata,PR_2020_275,338,1612,0.29934924,0.45770065,0.20390456,0.03904555,0.20289855,0.01449275,0.7826087,0
Prata,PR_2020_279,350,1600,0.42948718,0.36752137,0.17735043,0.02564103,0.36781609,0,0.57471264,0.05747126
Prata,PR_2020_283,361,1589,0.21040724,0.62443439,0.16289593,0.00226244,0.14666667,0.01333333,0.84,0
Prata,PR_2020_287,372,1578,0.24503311,0.56291391,0.18322296,0.00883002,0.24528302,0.00943396,0.74528302,0
Prata,PR_2020_291,382,1568,0.26923077,0.58653846,0.125,0.01923077,0.28703704,0.0462963,0.66666667,0
Prata,PR_2020_295,393,1557,0.18738739,0.63423423,0.16216216,0.01621622,0.26470588,0.00980392,0.7254902,0
Prata,PR_2020_299,403,1547,0.41463415,0.32520325,0.25203252,0.00813008,0.27536232,0.00724638,0.71014493,0.00724638
Prata,PR_2020_301,409,1541,0.22857143,0.60634921,0.14920635,0.01587302,0.25581395,0.05813953,0.68604651,0
Prata,PR_2020_305,419,1531,0.33557047,0.5,0.14765101,0.01677852,0.31764706,0,0.68235294,0
Prata,PR_2020_309,430,1520,0.38359788,0.46296296,0.14021164,0.01322751,0.18604651,0,0.81395349,0
Prata,PR_2020_313,441,1509,0.5,0.33762887,0.15463918,0.00773196,0.225,0.0125,0.7625,0
Prata,PR_2020_317,452,1498,0.4516129,0.25806452,0.27295285,0.01736973,0.19178082,0.02739726,0.78082192,0
Prata,PR_2020_321,463,1487,0.4735376,0.32869081,0.18662953,0.01114206,0.27678571,0,0.72321429,0
Prata,PR_2020_325,473,1477,0.50995025,0.22636816,0.26368159,0,0.21666667,0,0.78333333,0
Prata,PR_2020_329,490,1460,0.49066667,0.208,0.288,0.01333333,0.2972973,0,0.7027027,0
Prata,PR_2020_333,514,1436,0.4469697,0.22979798,0.30050505,0.02272727,0.25925926,0.01234568,0.72839506,0
Prata,PR_2020_337,540,1410,0.28342246,0.30213904,0.39839572,0.01604278,0.2,0.03703704,0.75555556,0.00740741
Prata,PR_2020_341,567,1383,0.46875,0.2265625,0.29427083,0.01041667,0.22368421,0.03947368,0.73684211,0
Prata,PR_2020_345,594,1356,0.50331126,0.22847682,0.25827815,0.00993377,0.25581395,0.02325581,0.70930233,0.01162791
Prata,PR_2020_349,621,1329,0.75260417,0.11197917,0.13541667,0,0.26582278,0.01265823,0.72151899,0
Prata,PR_2020_351,635,1315,0.84917355,0.06198347,0.0785124,0.01033058,0.35555556,0.02222222,0.61111111,0.01111111
Prata,PR_2020_355,660,1290,0.97744361,0.0037594,0.01879699,0,0.28301887,0.00628931,0.71069182,0
Prata,PR_2020_359,688,1262,0.94320487,0.02231237,0.03448276,0,0.1953125,0.0078125,0.796875,0
Prata,PR_2020_361,703,1247,0.93737769,0.04109589,0.02152642,0,0.47727273,0,0.52272727,0
Prata,PR_2020_375,732,1218,0.93670886,0.0443038,0.01898734,0,0.89830508,0,0.10169492,0
Prata,PR_2020_379,762,1188,0.92067989,0.02549575,0.05382436,0,0.68103448,0,0.31896552,0
Prata,PR_2020_383,794,1156,0.89247312,0,0.10752688,0,0.39393939,0,0.60606061,0
Prata,PR_2020_387,824,1126,0.78571429,0,0.21428571,0,0.92857143,0.01785714,0.05357143,0
Prata,PR_2020_391,858,1092,0.63414634,0,0.36585366,0,0.87012987,0,0.12987013,0
Prata,PR_2020_395,904,1046,0.8375,0.003125,0.159375,0,0.55371901,0,0.44628099,0
Prata,PR_2020_399,1021,929,0.94444444,0,0.05555556,0,0.52941176,0,0.47058824,0
Prata,PR_2020_415,1140,810,0.91216216,0,0.08783784,0,0.26315789,0.02631579,0.71052632,0
Prata,PR_2020_419,1217,733,0.87341772,0.00632911,0.12025316,0,0.36363636,0,0.63636364,0
Santiago,SA11_02_145,353,1597,0.1317734,0.10837438,0.01108374,0.74876847,0.82926829,0.02439024,0.07317073,0.07317073
Santiago,SA11_02_144,347,1603,0.10739857,0.17899761,0.02625298,0.68735084,0.78947368,0.05263158,0.15789474,0
Santiago,SA11_02_143,341,1609,0.1133412,0.09917355,0.0094451,0.77804014,0.84375,0,0.125,0.03125
Santiago,SA11_02_142,335,1615,0.11363636,0.32954545,0.05681818,0.5,0.92,0.02,0.06,0
Santiago,SA11_02_141,329,1621,0.04371585,0.59234973,0.11584699,0.24808743,0.90909091,0.01818182,0.05454545,0.01818182
Santiago,SA11_02_140,322,1628,0.16591928,0.35201794,0.05381166,0.42825112,0.77333333,0,0.16,0.06666667
Santiago,SA11_02_139,316,1634,0.32045455,0.22727273,0.01704545,0.43522727,0.9245283,0.01886792,0.01886792,0.03773585
Santiago,SA11_02_138,310,1640,0.14155251,0.22146119,0.02968037,0.60730594,0.77777778,0,0.16666667,0.05555556
Santiago,SA11_02_137,304,1646,0.02573099,0.08888889,0.00233918,0.88304094,0.83116883,0.01298701,0.1038961,0.05194805
Santiago,SA11_02_136,298,1652,0.07109005,0.07582938,0.00947867,0.8436019,0.85714286,0.00714286,0.10714286,0.02857143
Santiago,SA11_02_135,291,1659,0.04038005,0.04275534,0.02019002,0.89667458,0.91836735,0,0.02040816,0.06122449
Santiago,SA11_02_134,285,1665,0.04116223,0.03631961,0.01694915,0.90556901,0.87234043,0,0.10638298,0.0212766
Santiago,SA11_02_133,279,1671,0.04369538,0.04494382,0.02372035,0.88764045,0.94285714,0,0.01428571,0.04285714
Santiago,SA11_02_132,273,1677,0.0391198,0.03667482,0.0195599,0.90464548,0.84166667,0,0.10833333,0.05
Santiago,SA11_02_131,266,1684,0.05973716,0.05734767,0.02031063,0.86260454,0.84848485,0,0.09090909,0.06060606
Santiago,SA11_02_130,260,1690,0.04854369,0.03640777,0.01699029,0.89805825,0.79411765,0,0.14705882,0.05882353
Santiago,SA11_02_129,254,1696,0.02211302,0.01965602,0.004914,0.95331695,1,0,0,0
Santiago,SA11_02_128,248,1702,0.06698565,0.03827751,0.0215311,0.87320574,0.93333333,0,0.03333333,0.03333333
Santiago,SA11_02_127,242,1708,0.11511628,0.09302326,0.04069767,0.75116279,0.9047619,0,0.07142857,0.02380952
Santiago,SA11_02_126,235,1715,0.07511737,0.09389671,0.02816901,0.8028169,0.93421053,0,0.03947368,0.02631579
Santiago,SA11_02_125,229,1721,0.03850782,0.05054152,0.02045728,0.89049338,0.84848485,0,0.06060606,0.09090909
Santiago,SA11_02_124,223,1727,0.06060606,0.21911422,0.02564103,0.69463869,0.94444444,0,0,0.05555556
Santiago,SA11_02_123,217,1733,0.07303371,0.32808989,0.02696629,0.57191011,0.9245283,0.01886792,0.03773585,0.01886792
Santiago,SA11_02_122,211,1739,0.04028436,0.39810427,0.01895735,0.54265403,0.86206897,0.01724138,0.03448276,0.0862069
Santiago,SA11_02_121,204,1746,0.00742574,0.50990099,0.0210396,0.46163366,0.79245283,0.01886792,0.13207547,0.05660377
Santiago,SA11_02_120,198,1752,0.03163017,0.50608273,0.03163017,0.43065693,0.73076923,0,0.07692308,0.19230769
Santiago,SA11_02_119,192,1758,0.04368932,0.57038835,0.02305825,0.36286408,0.79245283,0,0.16981132,0.03773585
Santiago,SA11_02_118,186,1764,0.03931204,0.43734644,0.06142506,0.46191646,0.86,0,0.04,0.1
Santiago,SA11_02_117,179,1771,0.04590571,0.24813896,0.08933002,0.61662531,0.94444444,0,0.05555556,0
Santiago,SA11_02_116,173,1777,0.04176904,0.2972973,0.07125307,0.58968059,0.92248062,0,0.05426357,0.02325581
Santiago,SA11_02_115,167,1783,0.04395604,0.31501832,0.08791209,0.55311355,0.91428571,0,0.07142857,0.01428571
Santiago,SA11_02_114,161,1789,0.03431373,0.19362745,0.05147059,0.72058824,0.87704918,0,0.08196721,0.04098361
Santiago,SA11_02_113,155,1795,0.02208589,0.10797546,0.01349693,0.85644172,0.89855072,0,0.07246377,0.02898551
Santiago,SA11_02_112,148,1802,0.03422983,0.1393643,0.03178484,0.79462103,0.89010989,0,0.07692308,0.03296703
Santiago,SA11_02_111,142,1808,0.05072464,0.13043478,0.0205314,0.79830918,0.85416667,0,0.10416667,0.04166667
Santiago,SA11_02_110,136,1814,0.04889976,0.12958435,0.02933985,0.79217604,0.9047619,0,0,0.0952381
Santiago,SA11_02_109,130,1820,0.03970223,0.15632754,0.0483871,0.75558313,0.89795918,0,0.04081633,0.06122449
Santiago,SA11_02_108,124,1826,0.07055961,0.13868613,0.03649635,0.75425791,0.87878788,0.02020202,0.08080808,0.02020202
Santiago,SA11_02_106,111,1839,0.12740385,0.15625,0.04206731,0.67427885,0.91304348,0,0.06521739,0.02173913
Santiago,SA11_02_105,105,1845,0.10243902,0.18780488,0.04878049,0.66097561,0.76470588,0,0.11764706,0.11764706
Santiago,SA11_02_104,99,1851,0.05703883,0.17961165,0.04975728,0.71359223,0.91803279,0,0.06557377,0.01639344
Santiago,SA11_02_103,92,1858,0.10837438,0.21674877,0.04926108,0.62561576,0.87878788,0.01010101,0.08080808,0.03030303
Santiago,SA11_02_102,86,1864,0.12189055,0.21393035,0.05597015,0.60820896,0.86567164,0.01492537,0.10447761,0.01492537
Santiago,SA11_02_101,80.6,1869.4,0.08578431,0.18137255,0.05147059,0.68137255,0.86956522,0.02173913,0.06521739,0.04347826
Santiago,SA11_02_100,80.5,1869.5,0.11491443,0.20537897,0.06234719,0.61735941,0.88235294,0.01960784,0.05882353,0.03921569
Santiago,SA11_02_99,80.5,1869.5,0.08578431,0.17892157,0.05392157,0.68137255,0.86538462,0,0.11538462,0.01923077
Santiago,SA11_02_97,80.4,1869.6,0.08557457,0.17848411,0.05378973,0.68215159,0.93548387,0,0.03225806,0.03225806
Santiago,SA11_02_98,80.4,1869.6,0.11290323,0.1662531,0.01985112,0.70099256,0.96153846,0,0.03846154,0
Santiago,SA11_02_95,80.3,1869.7,0.08557457,0.17848411,0.05378973,0.68215159,1,0,0,0
Santiago,SA11_02_96,80.3,1869.7,0.16101695,0.25181598,0.04479419,0.54237288,1,0,0,0
Santiago,SA11_02_93,80.2,1869.8,0.08557457,0.17603912,0.05378973,0.68459658,1,0,0,0
Santiago,SA11_02_94,80.2,1869.8,0.08084577,0.21890547,0.08208955,0.6181592,1,0,0,0
Santiago,SA11_02_91,80.1,1869.9,0.08333333,0.17647059,0.05392157,0.68627451,1,0,0,0
Santiago,SA11_02_92,80.1,1869.9,0.03789731,0.20537897,0.03545232,0.72127139,0.85714286,0,0,0.14285714
Santiago,SA11_02_90,79,1871,0.0863747,0.15328467,0.04744526,0.71289538,0.6,0,0.2,0.2
Santiago,SA11_02_89,78,1872,0.07317073,0.15609756,0.05365854,0.71707317,0.625,0,0.375,0
Santiago,SA11_02_88,76,1874,0.03225806,0.1191067,0.04962779,0.79900744,0.75,0,0.25,0
Santiago,SA11_02_87,75,1875,0.05569007,0.12590799,0.05569007,0.76271186,0.5,0.16666667,0.33333333,0
Santiago,SA11_02_86,74,1876,0.01939394,0.02909091,0.05212121,0.89939394,0.76190476,0,0.23809524,0
Santiago,SA11_02_85,73,1877,0.04578313,0.10361446,0.05542169,0.79518072,0.57894737,0,0.42105263,0
Santiago,SA11_02_84,71,1879,0.00981595,0.1006135,0.10184049,0.78773006,0.77777778,0,0.22222222,0
Santiago,SA11_02_83,70,1880,0.03341289,0.07875895,0.0548926,0.83293556,0.72222222,0,0.27777778,0
Santiago,SA11_02_82,69,1881,0.01975851,0.0219539,0.05268935,0.90559824,0.66666667,0,0.22222222,0.11111111
Santiago,SA11_02_81,68,1882,0.02619048,0.06428571,0.05,0.85952381,0.83333333,0,0.16666667,0
Santiago,SA11_02_80,66,1884,0.05153374,0.09570552,0.08588957,0.76687117,0.92307692,0.07692308,0,0
Santiago,SA11_02_79,65,1885,0.02132701,0.0450237,0.0450237,0.88862559,0.79166667,0,0.20833333,0
Santiago,SA11_02_78,64,1886,0.00235018,0.01410106,0.02820212,0.95534665,0.83333333,0,0.08333333,0.08333333
Santiago,SA11_02_77,63,1887,0.01658768,0.03554502,0.04028436,0.90758294,0.85714286,0,0.14285714,0
Santiago,SA11_02_76,61,1889,0.00742574,0.00990099,0.00866337,0.9740099,0.5,0.0625,0.375,0.0625
Santiago,SA11_02_75,60,1890,0.01421801,0.02606635,0.03317536,0.92654028,0.88888889,0,0.11111111,0
Santiago,SA11_02_74,59,1891,0.00445434,0.01781737,0.01002227,0.96770601,0.8,0,0.2,0
Santiago,SA11_02_73,58,1892,0.01184834,0.02369668,0.03080569,0.93364929,1,0,0,0
Santiago,SA11_02_72,57,1893,0.02846975,0.02846975,0.02016607,0.92289442,0.84615385,0,0.15384615,0
Santiago,SA11_02_71,55,1895,0.01190476,0.01904762,0.02857143,0.94047619,0.33333333,0,0.66666667,0
Santiago,SA11_02_70,54,1896,0.01650943,0.04716981,0.03891509,0.89740566,0.52941176,0,0.47058824,0
Santiago,SA11_02_69,53,1897,0.01193317,0.01670644,0.02863962,0.94272076,0.73333333,0,0.26666667,0
Santiago,SA11_02_68,52,1898,0.02884615,0.01682692,0.01322115,0.94110577,0.94117647,0.05882353,0,0
Santiago,SA11_02_67,50,1900,0.00963855,0.01445783,0.02891566,0.94698795,0.91666667,0,0.08333333,0
Santiago,SA11_02_66,49,1901,0.00498132,0.02241594,0.04856787,0.92403487,0.81818182,0,0.13636364,0.04545455
Santiago,SA11_02_65,48,1902,0.00963855,0.01445783,0.0313253,0.94457831,0.92857143,0,0.07142857,0
Santiago,SA11_02_64,47,1903,0,0.00473934,0.02014218,0.97511848,0.83333333,0,0.16666667,0
Santiago,SA11_02_63,45,1905,0.00966184,0.01449275,0.03381643,0.94202899,0.82608696,0,0.17391304,0
Santiago,SA11_02_62,44,1906,0.00494438,0.00741656,0.02595797,0.96168109,0.84615385,0,0.15384615,0
Santiago,SA11_02_61,43,1907,0.00968523,0.01452785,0.03631961,0.93946731,0.79069767,0.02325581,0.18604651,0
Santiago,SA11_02_60,42,1908,0.01468788,0.01713586,0.04406365,0.92411261,0.55,0,0.4,0.05
Santiago,SA11_02_59,40,1910,0.00970874,0.01699029,0.03640777,0.9368932,0.73684211,0,0.26315789,0
Santiago,SA11_02_58,39,1911,0.01472393,0.00981595,0.04294479,0.93251534,0.75,0,0.25,0
Santiago,SA11_02_57,38,1912,0.01207729,0.01932367,0.03864734,0.92995169,0.77777778,0,0.22222222,0
Santiago,SA11_02_56,37,1913,0.02912621,0.0315534,0.10800971,0.83131068,0.71875,0,0.1875,0.09375
Santiago,SA11_02_55,36,1914,0.01207729,0.02173913,0.03623188,0.92995169,0.66666667,0,0.33333333,0
Santiago,SA11_02_54,34,1916,0.00236686,0.02366864,0.03668639,0.93727811,0.72,0,0.28,0
Santiago,SA11_02_53,33,1917,0.0169697,0.02666667,0.01939394,0.9369697,0.79545455,0.09090909,0.11363636,0
Santiago,SA11_02_52,32,1918,0.00233645,0.02570093,0.02102804,0.95093458,0.79104478,0.05970149,0.11940299,0.02985075
Santiago,SA11_02_51,31,1919,0.00980392,0.04166667,0.03186275,0.91666667,0.68421053,0.05263158,0.26315789,0
Santiago,SA11_02_50,29,1921,0.01670644,0.00954654,0.01431981,0.95942721,0.69230769,0.07692308,0.19230769,0.03846154
Santiago,SA11_02_49,28,1922,0.01215067,0.0291616,0.02308627,0.93560146,0.83333333,0.04166667,0.125,0
Santiago,SA11_02_48,27,1923,0.00968523,0.02421308,0.02058111,0.94552058,0.73684211,0,0.26315789,0
Santiago,SA11_02_47,26,1924,0.00992556,0.0719603,0.04466501,0.87344913,0.86666667,0,0.13333333,0
Santiago,SA11_02_46,24,1926,0.03921569,0.03921569,0.02328431,0.89828431,0.75,0,0.25,0
Santiago,SA11_02_45,23,1927,0.01483313,0.02719407,0.02224969,0.93572311,0.875,0,0.125,0
Santiago,SA11_02_44,22,1928,0.06243032,0.03121516,0.04124861,0.86510591,0.9375,0.0625,0,0
Santiago,SA11_02_43,21,1929,0.0259434,0.03537736,0.08372642,0.85495283,0.66666667,0.14285714,0.19047619,0
Santiago,SA11_02_42,20,1930,0.05005688,0.02730375,0.05119454,0.87144482,0.9,0,0.1,0
Santiago,SA11_02_41,18,1932,0.02050114,0.03644647,0.07744875,0.86560364,0.70731707,0.04878049,0.24390244,0
Santiago,SA11_02_40,17,1933,0.03360371,0.0764774,0.18539977,0.70451912,0.70588235,0,0.29411765,0
Santiago,SA11_02_39,16,1934,0.00246914,0.02469136,0.17407407,0.79876543,0.5,0.16666667,0.16666667,0.16666667
Santiago,SA11_02_38,15,1935,0.63636364,0.36363636,0,0,0,0,0,0
Santiago,SA11_02_37,13,1937,0.03229814,0.04223602,0.06459627,0.86086957,0.6,0.1,0.2,0.1
Santiago,SA11_02_36,12,1938,0.03205919,0.02466091,0.05425401,0.88902589,0.94117647,0,0.05882353,0
Santiago,SA11_02_35,11,1939,0.01612903,0.01843318,0.09101382,0.87442396,1,0,0,0
Santiago,SA11_02_34,10,1940,0.03965304,0.00743494,0.02354399,0.92936803,0.8,0,0.2,0
Santiago,SA11_02_33,8,1942,0.05417118,0.04550379,0.07150596,0.82881907,0.85714286,0,0.14285714,0
Santiago,SA11_02_32,7,1943,0.02197802,0.02930403,0.03174603,0.91697192,0.52380952,0,0.42857143,0.04761905
Santiago,SA11_02_31,6,1944,0.00436681,0.03056769,0.02729258,0.93777293,0.5,0,0.5,0
Santiago,SA11_02_30,5,1945,0.04329004,0.05194805,0.06060606,0.84415584,0.66666667,0,0.33333333,0
Santiago,SA11_02_29,3,1947,0.01466993,0.02933985,0.01222494,0.94376528,0.5,0,0.42857143,0.07142857
Santiago,SA11_02_28,2,1948,0.06730769,0.06923077,0.10865385,0.75480769,0.83333333,0,0.16666667,0
Santiago,SA11_02_27,1,1949,0.0320197,0.04433498,0.03817734,0.88546798,0.82352941,0,0,0.17647059
Santiago,SA11_02_26,0,1950,0.03367003,0.0650954,0.05948373,0.84175084,0.875,0.125,0,0
Santiago,SA11_02_25,-1,1951,0.04216867,0.02650602,0.0626506,0.8686747,0.90909091,0,0,0.09090909
Santiago,SA11_02_24,-4,1954,0.0244798,0.02937576,0.04161567,0.90452876,0.83333333,0,0.16666667,0
Santiago,SA11_02_23,-6,1956,0.15384615,0.84615385,0,0,0,0,0,0
Santiago,SA11_02_22,-9,1959,0.02721088,0.03854875,0.03514739,0.89909297,0.875,0,0.125,0
Santiago,SA11_02_21,-11,1961,0.01703163,0.02676399,0.01946472,0.93673966,0.92307692,0,0.07692308,0
Santiago,SA11_02_20,-13,1963,0.01724138,0.0270936,0.13669951,0.81896552,0.91666667,0,0.08333333,0
Santiago,SA11_02_19,-16,1966,0.01540154,0.04180418,0.07040704,0.87238724,0.75,0,0.25,0
Santiago,SA11_02_18,-18,1968,0.00477897,0.04301075,0.0083632,0.94384707,0.55555556,0.33333333,0.11111111,0
Santiago,SA11_02_17,-21,1971,0.00917431,0.04357798,0.03440367,0.91284404,0.875,0,0,0.125
Santiago,SA11_02_16,-23,1973,0.02673147,0.15795869,0.08383961,0.73147023,1,0,0,0
Santiago,SA11_02_15,-25,1975,0.0698152,0.1211499,0.07700205,0.73203285,0.83333333,0,0.1,0.06666667
Santiago,SA11_02_14,-28,1978,0.0263789,0.03597122,0.01918465,0.91846523,0.94444444,0,0.05555556,0
Santiago,SA11_02_13,-30,1980,0.03581745,0.03350664,0.01386482,0.91681109,0.76470588,0,0.17647059,0.05882353
Santiago,SA11_02_12,-32,1982,0.00240674,0.01203369,0.00722022,0.97833935,0.8,0.2,0,0
Santiago,SA11_02_11,-35,1985,0.03484321,0.05342625,0.01626016,0.89547038,0.83333333,0,0.16666667,0
Santiago,SA11_02_10,-37,1987,0.01116071,0.01116071,0.00223214,0.97544643,0.75,0,0,0.25
Santiago,SA11_02_9,-40,1990,0.02686203,0.02442002,0.00610501,0.94261294,1,0,0,0
Santiago,SA11_02_8,-42,1992,0.02211055,0.0201005,0.03015075,0.92763819,0.75,0,0.25,0
Santiago,SA11_02_7,-44,1994,0.05652174,0.03478261,0.02826087,0.88043478,0.84615385,0,0.15384615,0
Santiago,SA11_02_6,-47,1997,0.03716609,0.03019744,0.03484321,0.89779326,0.78571429,0.07142857,0.14285714,0
Santiago,SA11_02_5,-49,1999,0.01705238,0.04872107,0.02314251,0.91108404,0.80952381,0.04761905,0.14285714,0
Santiago,SA11_02_4,-51,2001,0.04628502,0.02436054,0.03288672,0.89646772,0.56521739,0.17391304,0.26086957,0
Santiago,SA11_02_3,-54,2004,0.0291616,0.01944107,0.0291616,0.92223572,0.875,0.125,0,0
Santiago,SA11_02_2,-56,2006,0.01831502,0.05372405,0.07326007,0.85470085,0.61538462,0.15384615,0.07692308,0.15384615
Santiago,SA11_02_1,-59,2009,0.01918465,0.08153477,0.08633094,0.81294964,0.52631579,0.31578947,0.15789474,0
Santiago,SA11_02_0,-61,2011,0.00665188,0.07095344,0.07760532,0.84478936,0.5,0.25,0.25,0