full_name,genus,guild.code
Achnanthes cf. acares,Achnanthes,high_profile
Achnanthes coarctata,Achnanthes,high_profile
Achnanthes minuscula,Achnanthes,high_profile
Achnanthes spp.,Achnanthes,high_profile
Achnanthidium aff. affine,Achnanthidium,low_profile
Achnthidium aff. atomoides,Achnanthidium,low_profile
Achnthidium aff. gracillum,Achnanthidium,low_profile
Achnthidium aff. jackii,Achnanthidium,low_profile
Achnthidium aff. rivulare,Achnanthidium,low_profile
Achnanthidium affine,Achnanthidium,low_profile
Achnanthidium alteragracillima,Achnanthidium,low_profile
Achnanthidium caledonicum,Achnanthidium,low_profile
Achnanthidium cf. pfisteri,Achnanthidium,low_profile
Achnanthidium cf. rosenstockii,Achnanthidium,low_profile
Achnanthidium helveticum,Achnanthidium,low_profile
Achnanthidium minutissimum,Achnanthidium,low_profile
Achnanthidium saprophilum,Achnanthidium,low_profile
Achnthidium scotica,Achnanthidium,low_profile
Achnanthidium sp.1,Achnanthidium,low_profile
Achnanthidium sp.4,Achnanthidium,low_profile
Achnanthidium sp.,Achnanthidium,low_profile
Adlafia briophyla,Adlafia,motile
Adlafia minuscula,Adlafia,motile
Adlafia minuscula var. muralis,Adlafia,motile
Adlafia sp.,Adlafia,motile
Adlafia sp.1,Adlafia,motile
Krasskella kriegeriana,Krasskella,high_profile
Amphora cf. libyca,Amphora,low_profile
Amphora cimbrica,Amphora,low_profile
Amphora inariensis,Amphora,low_profile
Amphora lange-bertalotii var. tenuis,Amphora,low_profile
Amphora libyca,Amphora,low_profile
Amphora montana,Amphora,low_profile
Amphora oligotraphenta,Amphora,low_profile
Amphora ovalis,Amphora,low_profile
Amphora pediculus,Amphora,low_profile
Amphora spp.,Amphora,low_profile
Amphora veneta,Amphora,low_profile
Asterionella formosa,Asterionella,euplanktonic
Aulacoseira ambigua,Aulacoseira,euplanktonic
Aulacoseira granulata,Aulacoseira,euplanktonic
Aulacoseira granulata var. angustissima,Aulacoseira,euplanktonic
Aulacoseira alpigena,Aulacoseira,euplanktonic
Aulacoseira crassipunctata,Aulacoseira,euplanktonic
Aulacoseira distans,Aulacoseira,euplanktonic
Aulacoseira italica,Aulacoseira,euplanktonic
Aulacoseira nivalis,Aulacoseira,euplanktonic
Aulacoseira nygaardi,Aulacoseira,euplanktonic
Aulacoseira perglabra,Aulacoseira,euplanktonic
Aulacoseira pusilla,Aulacoseira,euplanktonic
Aulacoseira spp.,Aulacoseira,euplanktonic
Aulacoseira subartica,Aulacoseira,euplanktonic
Bacillaria paxillifera,Bacillaria,motile
Brachysira aff. intermedia,Brachysira,low_profile
Brachysira aff. neglectissima,Brachysira,low_profile
Brachysira brebissonii,Brachysira,low_profile
Brachysira cf. zellensis,Brachysira,low_profile
Brachysira neglectissima,Brachysira,low_profile
Brachysira neoexilis,Brachysira,low_profile
Brachysira procera,Brachysira,low_profile
Brachysira serians,Brachysira,low_profile
Brachysira spp.,Brachysira,low_profile
Caloneis aerophila,Caloneis,motile
Caloneis aff. westii,Caloneis,motile
Caloneis bacillum,Caloneis,motile
Caloneis hyalina,Caloneis,motile
Caloneis leptosoma,Caloneis,motile
Caloneis molaris,Caloneis,motile
Caloneis silicula,Caloneis,motile
Caloneis sp.1,Caloneis,motile
Caloneis spp.,Caloneis,motile
Caloneis tenuis,Caloneis,motile
Caloneis undosa,Caloneis,motile
Caloneis undulata,Caloneis,motile
Caloneis vasileyevae,Caloneis,motile
Campylodiscus hibernicus,Campylodiscus,motile
Cavinula cocconeiformis,Cavinula,motile
Cavinula lapidosa,Cavinula,motile
Cavinula sp_C,Cavinula,motile
Cavinula variostriata,Cavinula,motile
Cavinula variostriata,Cavinula,motile
Chamaepinnularia begeri,Chamaepinnularia,motile
Chamaepinnularia evanida,Chamaepinnularia,motile
Chamaepinnularia cf. obsoleta,Chamaepinnularia,motile
Chamaepinnularia evanida,Chamaepinnularia,motile
Chamaepinnularia hassiaca,Chamaepinnularia,motile
Chamaepinnularia mediocris,Chamaepinnularia,motile
Chamaepinnularia muscicola,Chamaepinnularia,motile
Chamaepinnularia obsoleta,Chamaepinnularia,motile
Chamaepinnularia soehrensis,Chamaepinnularia,motile
Chamaepinnularia sp.,Chamaepinnularia,motile
Chamaepinnularia sp.1,Chamaepinnularia,motile
Chamaepinnularia submuscicola,Chamaepinnularia,motile
Cocconeis euglypta,Cocconeis,low_profile
Cocconeis lineata,Cocconeis,low_profile
Cocconeis pediculus,Cocconeis,low_profile
Cocconeis placentula,Cocconeis,low_profile
Cocconeis sp.,Cocconeis,low_profile
Cosmioneis pusilla,Cosmioneis,motile
Craticula molesta,Craticula,motile
Craticula molestiformis,Craticula,motile
Craticula sp.,Craticula,motile
Craticula subminuscula,Craticula,motile
Craticula submolesta,Craticula,motile
Cyclotella atomus,Cyclotella,euplanktonic
Cyclotella iris,Cyclotella,euplanktonic
Cyclotella meneghiniana,Cyclotella,euplanktonic
Cyclotella ocellata,Cyclotella,euplanktonic
Cyclotella sp.,Cyclotella,euplanktonic
Cyclotella sp1,Cyclotella,euplanktonic
Cymbella aff. cymbiformis,Cymbella,high_profile
Cymbella neocistula,Cymbella,high_profile
Cymbella sp.,Cymbella,high_profile
Cymbella sp.1,Cymbella,high_profile
Cymbella variostriata,Cymbella,high_profile
Cymbellonitzschia diluviana,Cymbellonitzschia,motile
Denticula subtilis,Denticula,motile
Diadesmis aerophila,Diadesmis,high_profile
Diadesmis contenta,Diadesmis,high_profile
Diadesmis contenta var. biceps,Diadesmis,high_profile
Diadesmis perpusilla,Diadesmis,high_profile
Diploneis cf. separanda,Diploneis,low_profile
Diploneis oblongella,Diploneis,low_profile
Diploneis ovalis,Diploneis,low_profile
Diploneis pseudovalis,Diploneis,low_profile
Diploneis sp.,Diploneis,low_profile
Diploneis sp.2,Diploneis,low_profile
Discostella pseudostelligera,Discostella,euplanktonic
Discostella woltereckii,Discostella,euplanktonic
Encyonema af. silesiacum,Encyonema,high_profile
Encyonema aff. alpinum,Encyonema,high_profile
Encyonema aff. vulgare,Encyonema,high_profile
Encyonema amanianum,Encyonema,high_profile
Encyonema angustecapitatum,Encyonema,high_profile
Encyonema cf. neomesianum,Encyonema,high_profile
Encyonema gaeumannii,Encyonema,high_profile
Encyonema minutum,Encyonema,high_profile
Encyonema neogracile,Encyonema,high_profile
Encyonema perpusillum,Encyonema,high_profile
Encyonema rostratum,Encyonema,high_profile
Encyonema silesiacum,Encyonema,high_profile
Encyonema sp.,Encyonema,high_profile
Encyonopsis aff. krammeri,Encyonopsis,low_profile
Encyonopsis cesatii,Encyonopsis,low_profile
Encyonopsis falaisensis,Encyonopsis,low_profile
Encyonopsis neoamphioxys,Encyonopsis,low_profile
Encyonopsis sp.,Encyonopsis,low_profile
Encyonopsis sp.1,Encyonopsis,low_profile
Encyonopsis spp.,Encyonopsis,low_profile
Eolimna minima,Eolimna,motile
Eolimna sp.1,Eolimna,motile
Eolimna sp.2,Eolimna,motile
Eolimna tantula,Eolimna,motile
Epithemia adnata,Epithemia,motile
Epithemia amphicephala,Epithemia,motile
Epithemia smithii,Epithemia,motile
Epithemia sorex,Epithemia,motile
Epithemia sp.,Epithemia,motile
Epithemia turgida,Epithemia,motile
Eunotia aff. bidens,Eunotia,high_profile
Eunotia aff. bilunaris,Eunotia,high_profile
Eunotia bertrandii,Eunotia,high_profile
Eunotia bidentula,Eunotia,high_profile
Eunotia bigibba,Eunotia,high_profile
Eunotia bilunaris,Eunotia,high_profile
Eunotia boreoalpina,Eunotia,high_profile
Eunotia boreotenuis,Eunotia,high_profile
Eunotia botuliformis,Eunotia,high_profile
Eunotia cf. diodon,Eunotia,high_profile
Eunotia cf. groenlandica,Eunotia,high_profile
Eunotia cf. islandica,Eunotia,high_profile
Eunotia cf. minor,Eunotia,high_profile
Eunotia curtagrunowii,Eunotia,high_profile
Eunotia diodon,Eunotia,high_profile
Eunotia exigua,Eunotia,high_profile
Eunotia exigua var tenella,Eunotia,high_profile
Eunotia faba,Eunotia,high_profile
Eunotia fallax,Eunotia,high_profile
Eunotia glacialis,Eunotia,high_profile
Eunotia implicata,Eunotia,high_profile
Eunotia incisa,Eunotia,high_profile
Eunotia intermedia,Eunotia,high_profile
Eunotia islandica,Eunotia,high_profile
Eunotia kruegeri,Eunotia,high_profile
Eunotia meisteri,Eunotia,high_profile
Eunotia minor,Eunotia,high_profile
Eunotia mucophila,Eunotia,high_profile
Eunotia naegeli,Eunotia,high_profile
Eunotia nymanniana,Eunotia,high_profile
Eunotia paludosa,Eunotia,high_profile
Eunotia pectinalis,Eunotia,high_profile
Eunotia praerupta,Eunotia,high_profile
Eunotia rhomboidea,Eunotia,high_profile
Eunotia sp_A,Eunotia,high_profile
Eunotia sp.,Eunotia,high_profile
Eunotia sp.1,Eunotia,high_profile
Eunotia spp.,Eunotia,high_profile
Eunotia subarcuatoides,Eunotia,high_profile
Eunotia tenella,Eunotia,high_profile
Eunotia tetraodon,Eunotia,high_profile
Eunotia trinacria,Eunotia,high_profile
Eunotia valida,Eunotia,high_profile
Eunotia zasuminensis,Eunotia,high_profile
Fallacia maceria,Fallacia,motile
Fallacia indifferens,Fallacia,motile
Fallacia vitrea,Fallacia,motile
Fistullifera saprophila,Fistullifera,motile
Fragilaria acidoclinata,Fragilaria,high_profile
Fragilaria capuccina,Fragilaria,high_profile
Fragilaria capucina var. distans,Fragilaria,high_profile
Fragilaria crotonensis,Fragilaria,euplanktonic
Fragilaria famelica,Fragilaria,high_profile
Fragilaria gracilis,Fragilaria,euplanktonic
Fragilaria nanana,Fragilaria,euplanktonic
Fragilaria neoproducta,Fragilaria,high_profile
Fragilaria pararumpens,Fragilaria,high_profile
Fragilaria pectinalis,Fragilaria,high_profile
Fragilaria perminuta,Fragilaria,high_profile
Fragilaria radians,Fragilaria,high_profile
Fragilaria rumpens,Fragilaria,high_profile
Fragilaria sp.,Fragilaria,high_profile
Fragilaria tenera,Fragilaria,euplanktonic
Fragilaria tenera mf1,Fragilaria,euplanktonic
Fragilaria tenera mf2,Fragilaria,euplanktonic
Fragilaria vaucheriae,Fragilaria,high_profile
Fragilaria virescens,Fragilaria,high_profile
Frustulia crassinervia,Frustulia,motile
Frustulia erifuga,Frustulia,high_profile
Frustulia rhomboides,Frustulia,high_profile
Frustulia saxonica,Frustulia,high_profile
Frustulia sp.,Frustulia,high_profile
Frustulia vulgaris,Frustulia,high_profile
Geissleria decussis,Geissleria,motile
Gogorevia exilis,Gogorevia,low_profile
Gomphonema acidoclinatum,Gomphonema,high_profile
Gomphonema acuminatum,Gomphonema,high_profile
Gomphonema aff. affine,Gomphonema,high_profile
Gomphonema aff. angustum,Gomphonema,high_profile
Gomphonema cf. insigne,Gomphonema,high_profile
Gomphonema cf. italicum,Gomphonema,high_profile
Gomphonema clavatum,Gomphonema,high_profile
Gomphonema commutatum,Gomphonema,high_profile
Gomphonema exiguum,Gomphonema,high_profile
Gomphonema exilissimum,Gomphonema,high_profile
Gomphonema gracile,Gomphonema,high_profile
Gomphonema hebridense,Gomphonema,high_profile
Gomphonema laticollum,Gomphonema,high_profile
Gomphonema minutum,Gomphonema,high_profile
Gomphonema pala,Gomphonema,high_profile
GOparvulMT1,Gomphonema,high_profile
GOparvulMT2,Gomphonema,high_profile
GOparvulMT3,Gomphonema,high_profile
Gomphonema parvulum,Gomphonema,high_profile
Gomphonema pseudoaugur,Gomphonema,high_profile
Gomphonema pseudotenellum,Gomphonema,high_profile
Gomphonema pumillum,Gomphonema,high_profile
Gomphonema sp. 3,Gomphonema,high_profile
Gomphonema sp1,Gomphonema,high_profile
Gomphonema sp2,Gomphonema,high_profile
Gomphonema sp.,Gomphonema,high_profile
Gomphonema spp.,Gomphonema,high_profile
Gomphonema subclavatum,Gomphonema,high_profile
Gomphonema truncatum,Gomphonema,high_profile
Grunowia solgensis,Grunowia,motile
Halamphora spp.,Halamphora,low_profile
Halamphora thumensis,Halamphora,low_profile
Halamphora veneta,Halamphora,low_profile
Hantzschia amphioxys,Hantzschia,motile
Hippodonta aff. coxiae,Hippodonta,motile
Hippodonta capitata,Hippodonta,motile
Humidophila brekkaensis,Humidophila,high_profile
Humidophila contenta,Humidophila,high_profile
Humidophila paracontenta,Humidophila,high_profile
Humidophila perpusilla,Humidophila,high_profile
Humidophila sp.,Humidophila,high_profile
Karayevia carissima,Karayevia,low_profile
Karayevia clevei,Karayevia,low_profile
Karayevia oblongella,Karayevia,low_profile
Kobayasiella aff. micropunctata,Kobayasiella,low_profile
Kobayasiella micropunctata,Kobayasiella,low_profile
Kobayasiella parasubtilissima,Kobayasiella,low_profile
Kobayasiella subtilissima,Kobayasiella,low_profile
Craticula submolesta,Craticula,motile
Lindavia ocellata,Lindavia,euplanktonic
Luticola acidoclinata,Luticola,motile
Luticola goeppertiana,Luticola,motile
Luticola mutica,Luticola,motile
LU_spA,Luticola,motile
Mayamaea agrestis,Mayamaea,motile
Mayamaea atomus,Mayamaea,motile
Mayamaea fossalis,Mayamaea,motile
Mayamaea fossalis var. obsidialis,Mayamaea,motile
Mayamaea permitis,Mayamaea,motile
Melosira varians,Melosira,high_profile
Microcostatus cf. maceria,Microcostatus,motile
Microcostatus krasskei,Microcostatus,motile
Microcostatus kuelbsii,Microcostatus,motile
Microcostatus naumanii,Microcostatus,motile
Navicula aff. weberi,Navicula,motile
Navicula angusta,Navicula,motile
Navicula cari,Navicula,motile
Navicula cf. arvensis,Navicula,motile
Navicula cf. cryptocephala,Navicula,motile
Navicula cf. elginensis,Navicula,motile
Navicula cf. indiferens,Navicula,motile
Navicula cf. menisculus,Navicula,motile
Navicula cincta,Navicula,motile
Navicula cryptocephala,Navicula,motile
Navicula cryptocephaloides,Navicula,motile
Navicula cryptotenella,Navicula,motile
Navicula difficillimoides,Navicula,motile
Navicula dificcilima,Navicula,motile
Navicula erifuga,Navicula,motile
Fallacia vitrea,Fallacia,motile
Navicula gregaria,Navicula,motile
Navicula leptostriata,Navicula,motile
Navicula longicephala,Navicula,motile
Navicula notha,Navicula,motile
Navicula obsoleta,Navicula,motile
Navicula radiosa,Navicula,motile
Navicula radiosafallax,Navicula,motile
Navicula recens,Navicula,motile
Navicula reichardtiana,Navicula,motile
Navicula rhynchocephala,Navicula,motile
Navicula rotunda,Navicula,motile
Navicula schroeterii var. symetrica,Navicula,motile
Navicula sp.,Navicula,motile
Navicula sp. 10,Navicula,motile
Navicula sp. 2,Navicula,motile
Navicula sp. 3,Navicula,motile
Navicula sp. 7,Navicula,motile
Navicula sp. 8,Navicula,motile
Navicula sp.1,Navicula,motile
Navicula sp.11,Navicula,motile
Navicula sp.5,Navicula,motile
Navicula spp.,Navicula,motile
Navicula subrhynchocephala,Navicula,motile
Navicula tenelloides,Navicula,motile
Navicula veneta,Navicula,motile
Navicula vilaplanii,Navicula,motile
Navicula viridula,Navicula,motile
Navicula viridula var. rostellata,Navicula,motile
Navicula wildii,Navicula,motile
Navicula vaucheriae,Naviculadicta,motile
Naviculoid_1,Naviculoid,motile
Neidium affine,Neidium,motile
Neidium alpinum,Neidium,motile
Neidium ampliatum,Neidium,motile
Neidium dubium,Neidium,motile
Neidium hercynicum,Neidium,motile
Neidium longiceps,Neidium,motile
Neidium perminutum,Neidium,motile
Neidium septentrionale,Neidium,motile
Nitzschia abbreviata,Nitzschia,motile
Nitzschia acidoclinata,Nitzschia,motile
Nitzschia aff pseudofonticola,Nitzschia,motile
Nitzschia aff. archibaldii,Nitzschia,motile
Nitzschia aff. pussila,Nitzschia,motile
Nitzschia aff. subtilis,Nitzschia,motile
Nitzschia amphibia,Nitzschia,motile
Nitzschia brevissima,Nitzschia,motile
Nitzschia capitellata,Nitzschia,motile
Nitzschia clausii,Nitzschia,motile
Nitzschia dissipata,Nitzschia,motile
Nitzschia filiformis var. conferta,Nitzschia,motile
Nitzschia filiformis var. filiformis,Nitzschia,motile
Nitzschia fonticola,Nitzschia,motile
Nitzschia frustulum,Nitzschia,motile
Nitzschia gracilis,Nitzschia,motile
Nitzschia inconspicua,Nitzschia,motile
Nitzschia intermedia,Nitzschia,motile
Nitzschia lacuum,Nitzschia,motile
Nitzschia linearis,Nitzschia,motile
Nitzschia microcephala,Nitzschia,motile
Nitzschia nana,Nitzschia,motile
Nitzschia palea,Nitzschia,motile
Nitzschia palea var. debilis,Nitzschia,motile
Nitzschia palea var. tenuirostris,Nitzschia,motile
Nitzschia paleacea,Nitzschia,motile
Nitzschia paleaeformis,Nitzschia,motile
Nitzschia perminuta,Nitzschia,motile
Nitzschia pseudofonticola,Nitzschia,motile
Nitzschia scalaris,Nitzschia,motile
Nitzschia sociabilis,Nitzschia,motile
Nitzschia soratensis,Nitzschia,motile
Nitzschia sp.,Nitzschia,motile
Nitzschia sp. 1,Nitzschia,motile
Nitzschia subacicularis,Nitzschia,motile
Nitzschia terrestris,Nitzschia,motile
Nitzschia umbonata,Nitzschia,motile
Nitzschia valdestriata,Nitzschia,motile
Nupela pennsylvanica,Nupela,motile
Nupela spp.,Nupela,motile
Nupela vitiosa,Nupela,motile
Nupela imperfecta,Nupela,motile
Nupela sp.,NUsp,motile
Odontidium hyemalis var hyemalis,Odontidium,high_profile
Odontidium mesodon,Odontidium,high_profile
Orthoseira roseana,Orthoseira,motile
Parlibellus protracta,Parlibellus,high_profile
Pinnularia sp3.CL,Pinnularia,motile
Pinnularia sp4.CL,Pinnularia,motile
Pinnularia acrosphaeria,Pinnularia,motile
Pinnularia acuminata,Pinnularia,motile
Pinnularia aff. subcapitada var. elongata,Pinnularia,motile
Pinnularia appendiculata,Pinnularia,motile
Pinnularia biceps,Pinnularia,motile
Pinnularia borealis,Pinnularia,motile
Pinnularia brebissoni minuta,Pinnularia,motile
Pinnularia brebissoni,Pinnularia,motile
Pinnularia subcapitata var. subrostrata,Pinnularia,motile
Pinnularia cf. pulchra,Pinnularia,motile
Pinnularia divergens,Pinnularia,motile
Pinnularia dubitabilis,Pinnularia,motile
Pinnularia gibba,Pinnularia,motile
Pinnularia grunowii,Pinnularia,motile
Pinnularia hemiptera,Pinnularia,motile
Pinnularia interrupta,Pinnularia,motile
Pinnularia maior,Pinnularia,motile
Pinnularia microstauron,Pinnularia,motile
Pinnularia microstauron,Pinnularia,motile
Pinnularia neomajor,Pinnularia,motile
Pinnularia obscura,Pinnularia,motile
Pinnularia perirrorata,Pinnularia,motile
Pinnularia perminor,Pinnularia,motile
Pinnularia pseudogibba,Pinnularia,motile
Pinnularia rhomboelliptica,Pinnularia,motile
Pinnularia rupestris,Pinnularia,motile
Pinnularia saprophila,Pinnularia,motile
Pinnularia saprotolerans,Pinnularia,motile
Pinnularia schoenfelderi,Pinnularia,motile
Pinnularia similis,Pinnularia,motile
Pinnularia sinistra,Pinnularia,motile
Pinnularia sp.,Pinnularia,motile
Pinnularia sp1,Pinnularia,motile
Pinnularia sp3,Pinnularia,motile
Pinnularia sp4,Pinnularia,motile
Pinnularia spp.,Pinnularia,motile
Pinnularia stomatophora,Pinnularia,motile
Pinnularia subcapitata,Pinnularia,motile
Pinnularia subcapitata var. elongata,Pinnularia,motile
Pinnularia subgibba,Pinnularia,motile
Pinnularia subgibba var. undulata,Pinnularia,motile
Pinnularia subrupestris,Pinnularia,motile
Pinnularia tirolensis,Pinnularia,motile
Pinnularia viridiformis,Pinnularia,motile
Pinnularia viridis,Pinnularia,motile
Placoneis elginensis,Placoneis,motile
Placoneis ignorata,Placoneis,motile
Placoneis sp.,Placoneis,motile
Planothidium daui,Planothidium,low_profile
Planothidium delicatulum,Planothidium,low_profile
Planothidium ellipticum,Planothidium,low_profile
Planothidium engelbrechtii,Planothidium,low_profile
Planothidium frequentissimum,Planothidium,low_profile
Planothidium granum,Planothidium,low_profile
Planothidium hauckianum,Planothidium,low_profile
Planothidium lanceolatum,Planothidium,low_profile
Planothidium minutissimum,Planothidium,low_profile
Planothidium pumilum,Planothidium,low_profile
Planothidium sp.,Planothidium,low_profile
Planothidium sp.1,Planothidium,low_profile
Platessa cf. hustedtii,Platessa,low_profile
Platessa conspicua,Platessa,low_profile
Platessa lutheri,Platessa,low_profile
Platessa oblongella,Platessa,low_profile
Platessa sp.,Platessa,low_profile
Psammothidium altaicum,Psammothidium,low_profile
Psammothidium helveticum,Psammothidium,low_profile
Psammothidium levanderi,Psammothidium,low_profile
Psammothidium marginulatum,Psammothidium,low_profile
Psammothidium rosenstockii,Psammothidium,low_profile
Psammotidium scoticum,Psammothidium,low_profile
Psammotidium subatomoides,Psammothidium,low_profile
Psammothidium sp.,Psammothidium,low_profile
Pseudostaurosira brevistriata,Pseudostaurosira,high_profile
Pseudostaurosira brevistriata var. inflata,Pseudostaurosira,high_profile
Pseudostaurosira elliptica,Pseudostaurosira,high_profile
Pseudostaurosira parasitica,Pseudostaurosira,high_profile
Pseudostaurosira parasitica var. subconstrita,Pseudostaurosira,high_profile
Pseudostaurosira pseudoconstruens,Pseudostaurosira,high_profile
Pseudostaurosira robusta,Pseudostaurosira,high_profile
Pseudostaurosira sp.1,Pseudostaurosira,high_profile
Pseudostaurosira sp.2,Pseudostaurosira,high_profile
Pseudostaurosiropsis sp1,Pseudostaurosiropsis,high_profile
Pseudostaurosiropsis sp1,Pseudostaurosiropsis,high_profile
Punctastriata lancetulla,Punctastraita,motile
Rhoicosphenia abbreviata,Rhoicosphenia,low_profile
Rhopalodia gibba,Rhopalodia,motile
Rhopalodia gibberula,Rhopalodia,motile
Rhopalodia operculata,Rhopalodia,motile
Rhopalodia rupestris,Rhopalodia,motile
Rhopalodia sterrenburgii,Rhopalodia,motile
Rossithidium pusillum,Rossithidium,low_profile
Stauroneis spA,Stauroneis,motile
Stauroneis cf. subgracilis,Stauroneis,motile
Sellaphora atomoides,Sellaphora,motile
Sellaphora joubaudii,Sellaphora,motile
Sellaphora laevissima,Sellaphora,motile
Sellaphora minima,Sellaphora,motile
Sellaphora mutata,Sellaphora,motile
Sellaphora mutatoides,Sellaphora,motile
Sellaphora nigri,Sellaphora,motile
Sellaphora pseudopupula,Sellaphora,motile
Sellaphora pupula,Sellaphora,motile
Sellaphora radiosa,Sellaphora,motile
Sellaphora raederae,Sellaphora,motile
Sellaphora saprotolerans,Sellaphora,motile
Sellaphora saugerresii,Sellaphora,motile
Sellaphora seminulum,Sellaphora,motile
Sellaphora sp.,Sellaphora,motile
Sellaphora sp.1,Sellaphora,motile
Sellaphora spp.,Sellaphora,motile
Sellaphora subrotundata,Sellaphora,motile
Sellaphora utermoehlii,Sellaphora,motile
Sellaphora utermoehlii aff,Sellaphora,motile
Sellaphora vitabunda,Sellaphora,motile
Stauroforma exiguiformis,Stauroforma,high_profile
Stauroneis acidoclinata,Stauroneis,motile
Stauroneis aff. lundii,Stauroneis,motile
Stauroneis agrestis,Stauroneis,motile
Stauroneis anceps,Stauroneis,motile
Stauroneis gracilior,Stauroneis,motile
Stauroneis gracilis,Stauroneis,motile
Stauroneis kriegeri,Stauroneis,motile
Stauroneis phoenicenteron,Stauroneis,motile
Stauroneis sp.,Stauroneis,motile
Stauroneis thermicola,Stauroneis,motile
Staurosira binodis,Staurosira,high_profile
Staurosira construens,Staurosira,high_profile
Staurosira pinnata,Staurosira,high_profile
Staurosira pseudoconstruens,Staurosira,high_profile
Staurosira sp,Staurosira,high_profile
Staurosira sp. 1,Staurosira,high_profile
Staurosira sp. 2,Staurosira,high_profile
Staurosira subsali,Staurosira,high_profile
Staurosira venter,Staurosira,high_profile
Staurosira venter mf1,Staurosirella,high_profile
Staurosira venter mf2,Staurosirella,high_profile
Staurosira venter mf3,Staurosirella,high_profile
Staurosirella mutabilis,Staurosirella,high_profile
Staurosirella azorica,Staurosirella,high_profile
Staurosirella lapponica,Staurosirella,high_profile
Staurosirella leptostauron,Staurosirella,high_profile
Staurosirella martyi,Staurosirella,high_profile
Staurosirella mutabilis,Staurosirella,high_profile
Staurosirella oldenburgian,Staurosirella,high_profile
Staurosirella pinnata trigona,Staurosirella,high_profile
Staurosirella sp.,Staurosirella,high_profile
Stenopterobia delicatissima,Stenopterobia,motile
Stephanodiscus hantzschii,Stephanodiscus,euplanktonic
Stephanodiscus parvus,Stephanodiscus,euplanktonic
Stephanodiscus sp.,Stephanodiscus,euplanktonic
Surirella angusta,Surirella,motile
Surirella biseriata,Surirella,motile
Surirella grunowii,Surirella,motile
Surirella linearis,Surirella,motile
Surirella roba,Surirella,motile
Surirella robusta,Surirella,motile
Surirella sp.,Surirella,motile
Surirella terricola,Surirella,motile
Tabellaria flocculosa,Tabellaria,high_profile
Tabellaria flocculosa morph 1,Tabellaria,high_profile
Tabellaria flocculosa morph 2,Tabellaria,high_profile
Tabularia fasciculata,Tabularia,high_profile
Tryblionella littoralis,Tryblionella,motile
Tryblionella sp.,Tryblionella,motile
Ulnaria acus,Ulnaria,euplanktonic
Ulnaria biceps,Ulnaria,euplanktonic
Ulnaria complex,Ulnaria,euplanktonic
Ulnaria danica,Ulnaria,euplanktonic
Ulnaria delicatissima,Ulnaria,euplanktonic
Ulnaria spp.,Ulnaria,euplanktonic
Ulnaria ulna,Ulnaria,euplanktonic
Ulnaria ulna mf1,Ulnaria,euplanktonic
Ulnaria ulna mf2,Ulnaria,euplanktonic
Urosolenia eriensis,Urosolenia,euplanktonic